<?xml version="1.0" encoding="UTF-8"?>
<DIF xmlns="http://gcmd.gsfc.nasa.gov/Aboutus/xml/dif/"
     xmlns:xsi="http://www.w3.org/2001/XMLSchema-instance"
     xsi:schemaLocation="http://gcmd.gsfc.nasa.gov/Aboutus/xml/dif/ http://gcmd.gsfc.nasa.gov/Aboutus/xml/dif/dif_v9.7.1.xsd">
   <Entry_ID>IODMS0</Entry_ID>
   <Entry_Title>IceBridge DMS L0 Raw Imagery</Entry_Title>
   <Data_Set_Citation>
      <Dataset_Creator>Dominguez, R.</Dataset_Creator>
      <Dataset_Title>IceBridge DMS L0 Raw Imagery</Dataset_Title>
      <Dataset_Release_Date>2010-07-20</Dataset_Release_Date>
      <Dataset_Release_Place>Boulder, Colorado USA</Dataset_Release_Place>
      <Dataset_Publisher>NASA NSIDC DAAC: NASA National Snow and Ice Data Center Distributed Active Archive Center</Dataset_Publisher>
      <Version>1</Version>
      <Dataset_DOI>doi:10.5067/UMFN22VHGGMH</Dataset_DOI>
      <Online_Resource>http://nsidc.org/data/IODMS0</Online_Resource>
      <Dataset_Series_Name>IODMS0</Dataset_Series_Name>
   </Data_Set_Citation>
   <Personnel>
      <Role>Investigator</Role>
      <First_Name>Roseanne</First_Name>
      <Last_Name>Dominguez</Last_Name>
      <Email>Roseanne.Dominguez@nasa.gov</Email>
      <Contact_Address>
         <Address>MS 244-15</Address>
         <City>Moffett Field</City>
         <Province_or_State>CA</Province_or_State>
         <Postal_Code>94035-1000</Postal_Code>
         <Country>USA</Country>
      </Contact_Address>
   </Personnel>
   <Personnel>
      <Role>Technical Contact</Role>
      <First_Name>NSIDC</First_Name>
      <Last_Name>User Services</Last_Name>
      <Email>nsidc@nsidc.org</Email>
      <Phone>1-303-492-6199</Phone>
      <Fax>1-303-492-2468</Fax>
      <Contact_Address>
         <Address>CIRES, 449 UCB</Address>
         <Address>University of Colorado</Address>
         <City>Boulder</City>
         <Province_or_State>CO</Province_or_State>
         <Postal_Code>80309-0449</Postal_Code>
         <Country>USA</Country>
      </Contact_Address>
   </Personnel>
   <Parameters>
      <Category>EARTH SCIENCE</Category>
      <Topic>Spectral/Engineering</Topic>
      <Term>Visible Wavelengths</Term>
      <Variable_Level_1>Visible Imagery</Variable_Level_1>
   </Parameters>
   <ISO_Topic_Category>Imagery/Base Maps/Earth Cover</ISO_Topic_Category>
   <Keyword>IB Camera-Optical-project</Keyword>
   <Keyword>IceBridge</Keyword>
   <Keyword>IceBridge-project</Keyword>
   <Keyword>NASA</Keyword>
   <Keyword>NSIDC</Keyword>
   <Keyword>NSIDC DAAC</Keyword>
   <Keyword>Visible Imagery</Keyword>
   <Sensor_Name>
      <Short_Name>DMS</Short_Name>
      <Long_Name>Digital Mapping System</Long_Name>
   </Sensor_Name>
   <Source_Name>
      <Short_Name>DC-8</Short_Name>
      <Long_Name>Douglas DC-8</Long_Name>
   </Source_Name>
   <Source_Name>
      <Short_Name>P-3B</Short_Name>
      <Long_Name>Lockheed P-3B Orion</Long_Name>
   </Source_Name>
   <Temporal_Coverage>
      <Start_Date>2009-10-16</Start_Date>
   </Temporal_Coverage>
   <Data_Set_Progress>in work</Data_Set_Progress>
   <Spatial_Coverage>
      <Southernmost_Latitude>60</Southernmost_Latitude>
      <Northernmost_Latitude>90</Northernmost_Latitude>
      <Westernmost_Longitude>-180</Westernmost_Longitude>
      <Easternmost_Longitude>180</Easternmost_Longitude>
   </Spatial_Coverage>
   <Spatial_Coverage>
      <Southernmost_Latitude>-90</Southernmost_Latitude>
      <Northernmost_Latitude>-53</Northernmost_Latitude>
      <Westernmost_Longitude>-180</Westernmost_Longitude>
      <Easternmost_Longitude>180</Easternmost_Longitude>
   </Spatial_Coverage>
   <Location>
      <Location_Category>Continent</Location_Category>
      <Location_Type>North America</Location_Type>
      <Location_Subregion1>Greenland</Location_Subregion1>
      <Location_Subregion2/>
      <Location_Subregion3/>
   </Location>
   <Location>
      <Location_Category>Continent</Location_Category>
      <Location_Type>Antarctica</Location_Type>
      <Location_Subregion1/>
      <Location_Subregion2/>
      <Location_Subregion3/>
   </Location>
   <Data_Resolution>
      <Latitude_Resolution>Varies</Latitude_Resolution>
      <Longitude_Resolution>Varies</Longitude_Resolution>
      <Temporal_Resolution>Varies</Temporal_Resolution>
   </Data_Resolution>
   <Project>
      <Short_Name>OIB</Short_Name>
      <Long_Name>Operation Ice Bridge</Long_Name>
   </Project>
   <Data_Set_Language>English</Data_Set_Language>
   <Originating_Center>UC-SC/UARC/NASA/AMES</Originating_Center>
   <Data_Center>
      <Data_Center_Name>
         <Short_Name>NASA NSIDC DAAC</Short_Name>
         <Long_Name>NASA National Snow and Ice Data Center Distributed Active Archive Center</Long_Name>
      </Data_Center_Name>
      <Data_Center_URL>http://nsidc.org/daac/index.html</Data_Center_URL>
      <Personnel>
         <Role>Data Center Contact</Role>
         <First_Name>NSIDC</First_Name>
         <Last_Name>User Services</Last_Name>
         <Email>nsidc@nsidc.org</Email>
         <Phone>1-303-492-6199</Phone>
         <Fax>1-303-492-2468</Fax>
         <Contact_Address>
            <Address>National Snow and Ice Data Center</Address>
            <Address>CIRES, 449 UCB</Address>
            <Address>University of Colorado</Address>
            <City>Boulder</City>
            <Province_or_State>CO</Province_or_State>
            <Postal_Code>80309-0449</Postal_Code>
            <Country>USA</Country>
         </Contact_Address>
      </Personnel>
   </Data_Center>
   <Distribution>
      <Distribution_Media>FTP</Distribution_Media>
      <Distribution_Size>34 TB</Distribution_Size>
      <Distribution_Format>JPEG</Distribution_Format>
   </Distribution>
   <Distribution>
      <Distribution_Media>HTTPS</Distribution_Media>
      <Distribution_Size>34 TB</Distribution_Size>
      <Distribution_Format>JPEG</Distribution_Format>
   </Distribution>
   <Reference>Farr, T. G., et al. 2007. The Shuttle Radar Topography Mission, Rev. Geophys., 45:RG2004, doi:10.1029/2005RG000183.</Reference>
   <Summary>
      <Abstract>This data set contains level zero imagery taken from the Digital Mapping System (DMS) over Antarctica and Greenland. The data were collected as part of Operation IceBridge funded aircraft survey campaigns.</Abstract>
   </Summary>
   <Related_URL>
      <URL_Content_Type>
         <Type>VIEW RELATED INFORMATION</Type>
      </URL_Content_Type>
      <URL>http://nsidc.org/data/docs/daac/icebridge/iodms0/index.html</URL>
      <Description>Documentation</Description>
   </Related_URL>
   <Related_URL>
      <URL_Content_Type>
         <Type>GET DATA</Type>
      </URL_Content_Type>
      <URL>ftp://n5eil01u.ecs.nsidc.org/SAN2/ICEBRIDGE_FTP/IODMS0_DMSraw_v01/</URL>
      <Description>FTP</Description>
   </Related_URL>
   <Related_URL>
      <URL_Content_Type>
         <Type>GET SERVICE</Type>
      </URL_Content_Type>
      <URL>http://nsidc.org/icebridge/portal/</URL>
      <Description>IceBridge Portal</Description>
   </Related_URL>
   <Related_URL>
      <URL_Content_Type>
         <Type>GET DATA</Type>
      </URL_Content_Type>
      <URL>https://n5eil01u.ecs.nsidc.org/ICEBRIDGE_FT/IODMS0_DMSraw_v01/</URL>
      <Description>HTTPS</Description>
   </Related_URL>
   <Related_URL>
      <URL_Content_Type>
         <Type>VIEW PROJECT HOME PAGE</Type>
      </URL_Content_Type>
      <URL>http://nsidc.org/data/icebridge/index.html</URL>
      <Description>IceBridge Product Web Site</Description>
   </Related_URL>
   <Related_URL>
      <URL_Content_Type>
         <Type>VIEW PROJECT HOME PAGE</Type>
      </URL_Content_Type>
      <URL>http://asapdata.arc.nasa.gov/dms/</URL>
      <Description>NASA Digital Mapping System Web page</Description>
   </Related_URL>
   <Related_URL>
      <URL_Content_Type>
         <Type>VIEW RELATED INFORMATION</Type>
      </URL_Content_Type>
      <URL>http://nsidc.org/data/iodms1b.html</URL>
      <Description>IceBridge DMS L1B Geolocated and Orthorectified Images</Description>
   </Related_URL>
   <Related_URL>
      <URL_Content_Type>
         <Type>VIEW PROJECT HOME PAGE</Type>
      </URL_Content_Type>
      <URL>http://www.nasa.gov/mission_pages/icebridge/index.html</URL>
      <Description>NASA IceBridge Mission Web Site</Description>
   </Related_URL>
   <Metadata_Name>CEOS IDN DIF</Metadata_Name>
   <Metadata_Version>VERSION 9.9</Metadata_Version>
   <DIF_Creation_Date>2010-07-20</DIF_Creation_Date>
   <Last_DIF_Revision_Date>2016-05-27</Last_DIF_Revision_Date>
   <DIF_Revision_History> 2013-01-10, Daniel Webster, Updated distribution size for addition of 2012 Antarctica data. 2010-07-20, Transferred from mddb dataset_citation.release_date 2010-07-20, Deann Miller, Corrected Data Access URL to go to readme and directory structure. Publishing new data set; please send to the GCMD. 2010-12-13, Deann Miller, Update Summary, Location, Temporal Coverage, Spatial Coverage, and Distribution Size. 2011-02-18, Deann Miller, Update Distribution Size for 2010
      data. Minor change. 2011-04-14, Deann Miller, Update See Also. Minor change. 2011-08-05, Deann Miller, Added IceBridge logo. 2011-09-21, Deann Miller, Updated Distribution Size. 2012-01-24, Deann Miller, Changed Publisher and DIFS Plus Citation. 2012-08-30, Deann Miller, Updated IceBridge originating data center for the EDB. 2014-04-01, Daniel Webster, Updated for 2013 Antarctic campaign. Revised Distribution Size. 2014-08-06, Daniel Webster, UPdated distribution size to include 2014
      Greenland data. 2012-10-09, Updated Distribution Size to include Greenland 2012 data. Minor change. 2013-08-20, Daniel Webster, Updated distribution size for 2013 Greenland campaign. 2013-09-10, Brandon Pearce, Added Publication Date Update Text 2013-09-11, Brandon Pearce, Added Publication Date Update Text 2015-07-23, Gloria Hicks, Added keyword for Drupal migration. 2014-03-04, Gloria Hicks, Removed the IceBridge logo from cat page. This is for Search cleanup for the sponsored program
      short names. 2014-09-23, Daniel Webster, Removed ESPO information from References section, and added NASA IceBridge Mission link to See Also section. 2015-09-02, Daniel Webster, Updated distribution size for addition of 2015 Greenland data. 2015-04-21, Daniel Webster, Revised Distribution Size for addition of 2014 Antarctica campaign data. 2015-10-07, Daniel Webster, Added HTTPS to Distribution and Media, and HTTPS URL to Data Access. 2016-05-27, Daniel Webster, Published revisions for
      addition of campaigns Greenland 2015-09-15 to 2015-10-22, and Antarctica 2015-09-10 to 2015-11-01. 2015-10-30, Michon Scott, Keyword cleanup for Drupal migration. </DIF_Revision_History>
   <Extended_Metadata>
      <Metadata>
         <Group>NSIDC</Group>
         <Name>Version Summary</Name>
         <Value/>
      </Metadata>
      <Metadata>
         <Group>NSIDC</Group>
         <Name>Update Frequency</Name>
         <Value>updated 2016</Value>
      </Metadata>
      <Metadata>
         <Group>NSIDC</Group>
         <Name>Current Version</Name>
         <Value>1</Value>
      </Metadata>
   </Extended_Metadata>
</DIF>
