<?xml version="1.0" encoding="UTF-8"?>
<DIF xmlns="http://gcmd.gsfc.nasa.gov/Aboutus/xml/dif/"
     xmlns:xsi="http://www.w3.org/2001/XMLSchema-instance"
     xsi:schemaLocation="http://gcmd.gsfc.nasa.gov/Aboutus/xml/dif/ http://gcmd.gsfc.nasa.gov/Aboutus/xml/dif/dif_v9.7.1.xsd">
   <Entry_ID>NmTHIR67-3G</Entry_ID>
   <Entry_Title>Nimbus Temperature-Humidity Infrared Radiometer 6.7 µm Water Vapor Remapped Digital Data Daily, GeoTIFF</Entry_Title>
   <Data_Set_Citation>
      <Dataset_Creator>Gallaher, D. and G. Campbell.</Dataset_Creator>
      <Dataset_Title>Nimbus Temperature-Humidity Infrared Radiometer 6.7 µm Water Vapor Remapped Digital Data Daily, GeoTIFF</Dataset_Title>
      <Dataset_Release_Date>2015-11-24</Dataset_Release_Date>
      <Dataset_Release_Place>Boulder, Colorado USA</Dataset_Release_Place>
      <Dataset_Publisher>NASA NSIDC DAAC: NASA National Snow and Ice Data Center Distributed Active Archive Center</Dataset_Publisher>
      <Version>1</Version>
      <Dataset_DOI>doi:10.5067/NIMBUS/NmTHIR67-3G</Dataset_DOI>
      <Online_Resource>http://nsidc.org/data/NmTHIR67-3G</Online_Resource>
      <Dataset_Series_Name>NmTHIR67-3G</Dataset_Series_Name>
   </Data_Set_Citation>
   <Personnel>
      <Role>Technical Contact</Role>
      <First_Name>NSIDC</First_Name>
      <Last_Name>User Services</Last_Name>
      <Email>nsidc@nsidc.org</Email>
      <Phone>1-303-492-6199</Phone>
      <Fax>1-303-492-2468</Fax>
      <Contact_Address>
         <Address>CIRES, 449 UCB</Address>
         <Address>University of Colorado</Address>
         <City>Boulder</City>
         <Province_or_State>CO</Province_or_State>
         <Postal_Code>80309-0449</Postal_Code>
         <Country>USA</Country>
      </Contact_Address>
   </Personnel>
   <Personnel>
      <Role>Investigator</Role>
      <First_Name>David</First_Name>
      <Last_Name>Gallaher</Last_Name>
      <Contact_Address>
         <Address>CIRES, 449 UCB</Address>
         <Address>University of Colorado</Address>
         <City>Boulder </City>
         <Province_or_State>CO</Province_or_State>
         <Postal_Code>80309-0449</Postal_Code>
         <Country>USA</Country>
      </Contact_Address>
   </Personnel>
   <Personnel>
      <Role>Investigator</Role>
      <First_Name>G. Garrett</First_Name>
      <Last_Name>Campbell</Last_Name>
      <Contact_Address>
         <Address>CIRES, 449 UCB</Address>
         <Address>University of Colorado</Address>
         <City>Boulder</City>
         <Province_or_State>CO</Province_or_State>
         <Postal_Code>80309-0449</Postal_Code>
         <Country>USA</Country>
      </Contact_Address>
   </Personnel>
   <Parameters>
      <Category>EARTH SCIENCE</Category>
      <Topic>Spectral/Engineering</Topic>
      <Term>Infrared Wavelengths</Term>
      <Variable_Level_1>Infrared Imagery</Variable_Level_1>
   </Parameters>
   <Parameters>
      <Category>EARTH SCIENCE</Category>
      <Topic>Atmosphere</Topic>
      <Term>Atmospheric Water Vapor</Term>
      <Variable_Level_1>Water Vapor</Variable_Level_1>
   </Parameters>
   <ISO_Topic_Category>Climatology/Meteorology/Atmosphere</ISO_Topic_Category>
   <ISO_Topic_Category>Imagery/Base Maps/Earth Cover</ISO_Topic_Category>
   <Keyword>Nimbus-project</Keyword>
   <Sensor_Name>
      <Short_Name>THIR</Short_Name>
      <Long_Name>Temperature-Humidity Infrared Radiometer</Long_Name>
   </Sensor_Name>
   <Source_Name>
      <Short_Name>NIMBUS-4</Short_Name>
   </Source_Name>
   <Temporal_Coverage>
      <Start_Date>1970-05-10</Start_Date>
      <Stop_Date>1971-03-25</Stop_Date>
   </Temporal_Coverage>
   <Data_Set_Progress>complete</Data_Set_Progress>
   <Spatial_Coverage>
      <Southernmost_Latitude>-60</Southernmost_Latitude>
      <Northernmost_Latitude>60</Northernmost_Latitude>
      <Westernmost_Longitude>-180</Westernmost_Longitude>
      <Easternmost_Longitude>180</Easternmost_Longitude>
   </Spatial_Coverage>
   <Location>
      <Location_Category>Geographic Region</Location_Category>
      <Location_Type>Global</Location_Type>
      <Location_Subregion1/>
      <Location_Subregion2/>
      <Location_Subregion3/>
   </Location>
   <Data_Resolution>
      <Latitude_Resolution>20 km</Latitude_Resolution>
      <Longitude_Resolution>20 km</Longitude_Resolution>
      <Temporal_Resolution>1 day</Temporal_Resolution>
   </Data_Resolution>
   <Data_Set_Language>English</Data_Set_Language>
   <Originating_Center>NASA NSIDC DAAC</Originating_Center>
   <Data_Center>
      <Data_Center_Name>
         <Short_Name>NASA NSIDC DAAC</Short_Name>
         <Long_Name>NASA National Snow and Ice Data Center Distributed Active Archive Center</Long_Name>
      </Data_Center_Name>
      <Data_Center_URL>http://nsidc.org/daac/index.html</Data_Center_URL>
      <Personnel>
         <Role>Data Center Contact</Role>
         <First_Name>NSIDC</First_Name>
         <Last_Name>User Services</Last_Name>
         <Email>nsidc@nsidc.org</Email>
         <Phone>1-303-492-6199</Phone>
         <Fax>1-303-492-2468</Fax>
         <Contact_Address>
            <Address>National Snow and Ice Data Center</Address>
            <Address>CIRES, 449 UCB</Address>
            <Address>University of Colorado</Address>
            <City>Boulder</City>
            <Province_or_State>CO</Province_or_State>
            <Postal_Code>80309-0449</Postal_Code>
            <Country>USA</Country>
         </Contact_Address>
      </Personnel>
   </Data_Center>
   <Distribution>
      <Distribution_Media>FTP</Distribution_Media>
      <Distribution_Size>4 MB</Distribution_Size>
      <Distribution_Format>GeoTIFF</Distribution_Format>
   </Distribution>
   <Reference>Gallaher D., G. G. Campbell, W. Meier, J. Moses, and D. Wingo. 2015. The process of bringing dark data to light: The rescue of the early Nimbus satellite data. GeoResJ 6: 124-134. doi:10.1016/j.grj.2015.02.013. Gallaher, D., G. G. Campbell, and W. Meier. 2014. Anomalous Variability in Antarctic sea ice extents during the 1960's with the use of Nimbus Satellite data. Journal of Selected Topics in Applied Earth Observations and Remote Sensing. 7(3): 881-887.
      doi:10.1109/JSTARS.2013.2264391. Meier, W. N., D. Gallaher, and G. G. Campbell. 2013. New Estimates of Arctic and Antarctic Sea Ice Extent During September 1964 from Recovered Nimbus I Satellite Imagery. The Cryosphere Discuss 7:35-53. doi:10.5194/tcd-7-35-2013. Sabatini, R.R. 1970. Nimbus IV User's Guide. NASA Goddard Space Flight Center, Geenbelt, MD. http://acdisc.gsfc.nasa.gov/data/s4pa/Nimbus4_THIR_Level2/THIRN4L2CH115.001/doc/NimbusIVUG.pdf. 16 June, 2015.</Reference>
   <Summary>
      <Abstract>This data set (NmTHIR67-3G) consists of daily, global composites of radiative temperatures obtained in the 6.7 µm water vapor window (6.5 µm - 7.0 µm) by the Temperature-Humidity Infrared Radiometer (THIR) on board the Nimbus 4 satellite. Data files are GeoTIFF versions of the HDF-formatted equatorial projection file only from the Nimbus Temperature-Humidity Infrared Radiometer 6.7 µm Water Vapor Remapped Digital Data Daily, HDF5 (&lt;a
       href="https://nsidc.org/data/nmthir67-3h"&gt;NmTHIR67-3H&lt;/a&gt;) data set.</Abstract>
   </Summary>
   <Related_URL>
      <URL_Content_Type>
         <Type>VIEW RELATED INFORMATION</Type>
      </URL_Content_Type>
      <URL>http://nsidc.org/data/docs/daac/nimbus/nmthir67-3g/</URL>
      <Description>Documentation</Description>
   </Related_URL>
   <Related_URL>
      <URL_Content_Type>
         <Type>GET DATA</Type>
      </URL_Content_Type>
      <URL>ftp://n5eil01u.ecs.nsidc.org/SAN/NIMBUS/NmTHIR67-3G.001/</URL>
      <Description>FTP</Description>
   </Related_URL>
   <Related_URL>
      <URL_Content_Type>
         <Type>GET SERVICE</Type>
      </URL_Content_Type>
      <URL>http://reverb.echo.nasa.gov/reverb/#utf8=&amp;keywords=NmTHIR67-3G.001</URL>
      <Description>Reverb</Description>
   </Related_URL>
   <Related_URL>
      <URL_Content_Type>
         <Type>GET DATA</Type>
      </URL_Content_Type>
      <URL>ftp://n5eil01u.ecs.nsidc.org/NIMBUS/NmTHIR67-3G.001/</URL>
      <Description>HTTPS</Description>
   </Related_URL>
   <Metadata_Name>CEOS IDN DIF</Metadata_Name>
   <Metadata_Version>VERSION 9.9</Metadata_Version>
   <DIF_Creation_Date>2015-11-24</DIF_Creation_Date>
   <Last_DIF_Revision_Date>2016-05-23</Last_DIF_Revision_Date>
   <DIF_Revision_History> 2015-11-24, Todd Johnston, New data set 2015-11-24, Todd Johnston, New data set 2016-05-23, Todd Johnston, Corrected file format, changed from HDF to GeoTIFF. </DIF_Revision_History>
   <Extended_Metadata>
      <Metadata>
         <Group>NSIDC</Group>
         <Name>Version Summary</Name>
         <Value/>
      </Metadata>
      <Metadata>
         <Group>NSIDC</Group>
         <Name>Current Version</Name>
         <Value>1</Value>
      </Metadata>
   </Extended_Metadata>
</DIF>
