<?xml version="1.0" encoding="UTF-8"?>
<gmi:MI_Metadata xmlns:gco="http://www.isotc211.org/2005/gco"
                 xmlns:gmd="http://www.isotc211.org/2005/gmd"
                 xmlns:gml="http://www.opengis.net/gml/3.2"
                 xmlns:gts="http://www.isotc211.org/2005/gts"
                 xmlns:xsi="http://www.w3.org/2001/XMLSchema-instance"
                 xmlns:gmi="http://www.isotc211.org/2005/gmi"
                 xmlns="http://www.openarchives.org/OAI/2.0/"
                 version="1.0">
   <gmd:language>
      <gco:CharacterString>eng; usa</gco:CharacterString>
   </gmd:language>
   <gmd:characterSet>
      <gmd:MD_CharacterSetCode codeList="http://www.isotc211.org/2005/resources/Codelist/gmxCodelists.xml#MD_CharacterSetCode"
                               codeListValue="UTF8">UTF8</gmd:MD_CharacterSetCode>
   </gmd:characterSet>
   <gmd:hierarchyLevel>
      <gmd:MD_ScopeCode codeList="http://www.isotc211.org/2005/resources/Codelist/gmxCodelists.xml#MD_ScopeCode"
                        codeListValue="dataset">dataset</gmd:MD_ScopeCode>
   </gmd:hierarchyLevel>
   <gmd:hierarchyLevelName>
      <gco:CharacterString>Sea Ice, Oceanic Water, and Sediments, Arctic Ocean and Beaufort Sea</gco:CharacterString>
   </gmd:hierarchyLevelName>
   <gmd:contact>
      <gmd:CI_ResponsibleParty>
         <gmd:individualName>
            <gco:CharacterString>Keith A. Kvenvolden</gco:CharacterString>
         </gmd:individualName>
         <gmd:organisationName>
            <gco:CharacterString>US Geological Survey</gco:CharacterString>
         </gmd:organisationName>
         <gmd:contactInfo>
            <gmd:CI_Contact>
               <gmd:phone>
                  <gmd:CI_Telephone>
                     <gmd:voice>
                        <gco:CharacterString>1 415 354 3213 x</gco:CharacterString>
                     </gmd:voice>
                     <gmd:facsimile>
                        <gco:CharacterString>1 415 354 3191 x</gco:CharacterString>
                     </gmd:facsimile>
                  </gmd:CI_Telephone>
               </gmd:phone>
               <gmd:address>
                  <gmd:CI_Address>
                     <gmd:deliveryPoint>
                        <gco:CharacterString>345 Middlefield Road, MS 999</gco:CharacterString>
                     </gmd:deliveryPoint>
                     <gmd:city>
                        <gco:CharacterString>Menlo Park</gco:CharacterString>
                     </gmd:city>
                     <gmd:administrativeArea>
                        <gco:CharacterString>CA</gco:CharacterString>
                     </gmd:administrativeArea>
                     <gmd:postalCode>
                        <gco:CharacterString>94025</gco:CharacterString>
                     </gmd:postalCode>
                     <gmd:country>
                        <gco:CharacterString>USA</gco:CharacterString>
                     </gmd:country>
                     <gmd:electronicMailAddress>
                        <gco:CharacterString>kk@octopus.wr.usgs.gov</gco:CharacterString>
                     </gmd:electronicMailAddress>
                  </gmd:CI_Address>
               </gmd:address>
               <gmd:onlineResource>
                  <gmd:CI_OnlineResource>
                     <gmd:linkage>
                        <gmd:URL>http://nsidc.org</gmd:URL>
                     </gmd:linkage>
                     <gmd:name gco:nilReason="missing"/>
                     <gmd:description gco:nilReason="missing"/>
                  </gmd:CI_OnlineResource>
               </gmd:onlineResource>
            </gmd:CI_Contact>
         </gmd:contactInfo>
         <gmd:role>
            <gmd:CI_RoleCode codeList="http://www.isotc211.org/2005/resources/Codelist/gmxCodelists.xml#CI_RoleCode"
                             codeListValue="principalInvestigator">principalInvestigator</gmd:CI_RoleCode>
         </gmd:role>
      </gmd:CI_ResponsibleParty>
   </gmd:contact>
   <gmd:dateStamp>
      <gco:Date>2012-08-22</gco:Date>
   </gmd:dateStamp>
   <gmd:metadataStandardName>
      <gco:CharacterString>ISO 19115 Geographic Information – Metadata</gco:CharacterString>
   </gmd:metadataStandardName>
   <gmd:metadataStandardVersion>
      <gco:CharacterString>ISO 19115:2003(E)</gco:CharacterString>
   </gmd:metadataStandardVersion>
   <gmd:dataSetURI>
      <gco:CharacterString>http://nsidc.org/data/GGD234</gco:CharacterString>
   </gmd:dataSetURI>
   <gmd:metadataExtensionInfo>
      <gmd:MD_MetadataExtensionInformation>
         <gmd:extendedElementInformation>
            <gmd:MD_ExtendedElementInformation>
               <gmd:name>
                  <gco:CharacterString>Popularity Ranking</gco:CharacterString>
               </gmd:name>
               <gmd:shortName>
                  <gco:CharacterString>popularity</gco:CharacterString>
               </gmd:shortName>
               <gmd:definition>
                  <gco:CharacterString>Internal ranking of the usage popularity of a dataset</gco:CharacterString>
               </gmd:definition>
               <gmd:obligation>
                  <gmd:MD_ObligationCode>optional</gmd:MD_ObligationCode>
               </gmd:obligation>
               <gmd:dataType>
                  <gmd:MD_DatatypeCode>integer</gmd:MD_DatatypeCode>
               </gmd:dataType>
               <gmd:maximumOccurrence>
                  <gco:CharacterString>1</gco:CharacterString>
               </gmd:maximumOccurrence>
               <gmd:parentEntity>
                  <gco:CharacterString>MD_Usage</gco:CharacterString>
               </gmd:parentEntity>
               <gmd:rule>
                  <gco:CharacterString>New metadata section as a class to MD_Usage</gco:CharacterString>
               </gmd:rule>
               <gmd:source gco:nilReason="missing"/>
            </gmd:MD_ExtendedElementInformation>
         </gmd:extendedElementInformation>
      </gmd:MD_MetadataExtensionInformation>
   </gmd:metadataExtensionInfo>
   <gmd:metadataExtensionInfo>
      <gmd:MD_MetadataExtensionInformation>
         <gmd:extendedElementInformation>
            <gmd:MD_ExtendedElementInformation>
               <gmd:name>
                  <gco:CharacterString>Organization Short Name</gco:CharacterString>
               </gmd:name>
               <gmd:shortName>
                  <gco:CharacterString>organisationShortName</gco:CharacterString>
               </gmd:shortName>
               <gmd:definition>
                  <gco:CharacterString>Internal abbreviation of an organization's name</gco:CharacterString>
               </gmd:definition>
               <gmd:obligation>
                  <gmd:MD_ObligationCode>optional</gmd:MD_ObligationCode>
               </gmd:obligation>
               <gmd:dataType>
                  <gmd:MD_DatatypeCode>CharacterString</gmd:MD_DatatypeCode>
               </gmd:dataType>
               <gmd:maximumOccurrence>
                  <gco:CharacterString>1</gco:CharacterString>
               </gmd:maximumOccurrence>
               <gmd:parentEntity>
                  <gco:CharacterString>CI_ResponsibleParty</gco:CharacterString>
               </gmd:parentEntity>
               <gmd:rule>
                  <gco:CharacterString>New metadata section as a class to CI_ResponsibleParty</gco:CharacterString>
               </gmd:rule>
               <gmd:source gco:nilReason="missing"/>
            </gmd:MD_ExtendedElementInformation>
         </gmd:extendedElementInformation>
      </gmd:MD_MetadataExtensionInformation>
   </gmd:metadataExtensionInfo>
   <gmd:identificationInfo>
      <gmd:MD_DataIdentification>
         <gmd:citation>
            <gmd:CI_Citation>
               <gmd:title>
                  <gco:CharacterString>Sea Ice, Oceanic Water, and Sediments, Arctic Ocean and Beaufort Sea</gco:CharacterString>
               </gmd:title>
               <gmd:date>
                  <gmd:CI_Date>
                     <gmd:date>
                        <gco:Date>2003-06-05</gco:Date>
                     </gmd:date>
                     <gmd:dateType>
                        <gmd:CI_DateTypeCode codeList="http://www.isotc211.org/2005/resources/Codelist/gmxCodelists.xml#CI_DateTypeCode"
                                             codeListValue="publication">publication</gmd:CI_DateTypeCode>
                     </gmd:dateType>
                  </gmd:CI_Date>
               </gmd:date>
               <gmd:edition>
                  <gco:CharacterString>1</gco:CharacterString>
               </gmd:edition>
               <gmd:editionDate>
                  <gco:Date>2003-06-05</gco:Date>
               </gmd:editionDate>
               <gmd:identifier>
                  <gmd:MD_Identifier>
                     <gmd:code>
                        <gco:CharacterString>GGD234</gco:CharacterString>
                     </gmd:code>
                  </gmd:MD_Identifier>
               </gmd:identifier>
               <gmd:citedResponsibleParty>
                  <gmd:CI_ResponsibleParty>
                     <gmd:individualName>
                        <gco:CharacterString>Keith A. Kvenvolden and Thomas D. Lorenson</gco:CharacterString>
                     </gmd:individualName>
                     <gmd:role>
                        <gmd:CI_RoleCode codeList="http://www.isotc211.org/2005/resources/Codelist/gmxCodelists.xml#CI_RoleCode"
                                         codeListValue="principalInvestigator">principalInvestigator</gmd:CI_RoleCode>
                     </gmd:role>
                  </gmd:CI_ResponsibleParty>
               </gmd:citedResponsibleParty>
               <gmd:citedResponsibleParty>
                  <gmd:CI_ResponsibleParty>
                     <gmd:organisationName>
                        <gco:CharacterString>National Snow and Ice Data Center</gco:CharacterString>
                     </gmd:organisationName>
                     <gmd:organisationShortName>
                        <gco:CharacterString>NSIDC</gco:CharacterString>
                     </gmd:organisationShortName>
                     <gmd:contactInfo>
                        <gmd:CI_Contact>
                           <gmd:address>
                              <gmd:CI_Address>
                                 <gmd:city>
                                    <gco:CharacterString>Boulder</gco:CharacterString>
                                 </gmd:city>
                                 <gmd:administrativeArea>
                                    <gco:CharacterString>Colorado</gco:CharacterString>
                                 </gmd:administrativeArea>
                                 <gmd:country>
                                    <gco:CharacterString>USA</gco:CharacterString>
                                 </gmd:country>
                              </gmd:CI_Address>
                           </gmd:address>
                           <gmd:onlineResource>
                              <gmd:CI_OnlineResource>
                                 <gmd:linkage>
                                    <gmd:URL>http://nsidc.org</gmd:URL>
                                 </gmd:linkage>
                                 <gmd:name gco:nilReason="missing"/>
                                 <gmd:description gco:nilReason="missing"/>
                              </gmd:CI_OnlineResource>
                           </gmd:onlineResource>
                        </gmd:CI_Contact>
                     </gmd:contactInfo>
                     <gmd:role>
                        <gmd:CI_RoleCode codeList="http://www.isotc211.org/2005/resources/Codelist/gmxCodelists.xml#CI_RoleCode"
                                         codeListValue="publisher">publisher</gmd:CI_RoleCode>
                     </gmd:role>
                  </gmd:CI_ResponsibleParty>
               </gmd:citedResponsibleParty>
            </gmd:CI_Citation>
         </gmd:citation>
         <gmd:abstract>
            <gco:CharacterString>This study analyzed sea water, sea-ice, and bottom sediments to depths of 90 m in the Arctic Ocean and Beaufort Sea. Measurements were taken between 1990 and 1995. These data are available as U.S. Geological Survey Open-File Reports</gco:CharacterString>
         </gmd:abstract>
         <gmd:purpose>
            <gco:CharacterString>Scientific Research</gco:CharacterString>
         </gmd:purpose>
         <gmd:status>
            <gmd:MD_ProgressCode codeList="http://www.isotc211.org/2005/resources/Codelist/gmxCodelists.xml#MD_ProgressCode"
                                 codeListValue="completed">completed</gmd:MD_ProgressCode>
         </gmd:status>
         <gmd:pointOfContact>
            <gmd:CI_ResponsibleParty>
               <gmd:individualName>
                  <gco:CharacterString>Keith A. Kvenvolden</gco:CharacterString>
               </gmd:individualName>
               <gmd:organisationName>
                  <gco:CharacterString>US Geological Survey</gco:CharacterString>
               </gmd:organisationName>
               <gmd:contactInfo>
                  <gmd:CI_Contact>
                     <gmd:phone>
                        <gmd:CI_Telephone>
                           <gmd:voice>
                              <gco:CharacterString>1 415 354 3213 x</gco:CharacterString>
                           </gmd:voice>
                           <gmd:facsimile>
                              <gco:CharacterString>1 415 354 3191 x</gco:CharacterString>
                           </gmd:facsimile>
                        </gmd:CI_Telephone>
                     </gmd:phone>
                     <gmd:address>
                        <gmd:CI_Address>
                           <gmd:deliveryPoint>
                              <gco:CharacterString>345 Middlefield Road, MS 999</gco:CharacterString>
                           </gmd:deliveryPoint>
                           <gmd:city>
                              <gco:CharacterString>Menlo Park</gco:CharacterString>
                           </gmd:city>
                           <gmd:administrativeArea>
                              <gco:CharacterString>CA</gco:CharacterString>
                           </gmd:administrativeArea>
                           <gmd:postalCode>
                              <gco:CharacterString>94025</gco:CharacterString>
                           </gmd:postalCode>
                           <gmd:country>
                              <gco:CharacterString>USA</gco:CharacterString>
                           </gmd:country>
                           <gmd:electronicMailAddress>
                              <gco:CharacterString>kk@octopus.wr.usgs.gov</gco:CharacterString>
                           </gmd:electronicMailAddress>
                        </gmd:CI_Address>
                     </gmd:address>
                     <gmd:onlineResource>
                        <gmd:CI_OnlineResource>
                           <gmd:linkage>
                              <gmd:URL>http://nsidc.org</gmd:URL>
                           </gmd:linkage>
                           <gmd:name gco:nilReason="missing"/>
                           <gmd:description gco:nilReason="missing"/>
                        </gmd:CI_OnlineResource>
                     </gmd:onlineResource>
                  </gmd:CI_Contact>
               </gmd:contactInfo>
               <gmd:role>
                  <gmd:CI_RoleCode codeList="http://www.isotc211.org/2005/resources/Codelist/gmxCodelists.xml#CI_RoleCode"
                                   codeListValue="principalInvestigator">principalInvestigator</gmd:CI_RoleCode>
               </gmd:role>
            </gmd:CI_ResponsibleParty>
         </gmd:pointOfContact>
         <gmd:pointOfContact>
            <gmd:CI_ResponsibleParty>
               <gmd:individualName>
                  <gco:CharacterString>Thomas D. Lorenson</gco:CharacterString>
               </gmd:individualName>
               <gmd:organisationName>
                  <gco:CharacterString>US Geological Survey</gco:CharacterString>
               </gmd:organisationName>
               <gmd:contactInfo>
                  <gmd:CI_Contact>
                     <gmd:phone>
                        <gmd:CI_Telephone>
                           <gmd:voice>
                              <gco:CharacterString>1 415 354 3094 x</gco:CharacterString>
                           </gmd:voice>
                           <gmd:facsimile>
                              <gco:CharacterString>1 415 354 3191 x</gco:CharacterString>
                           </gmd:facsimile>
                        </gmd:CI_Telephone>
                     </gmd:phone>
                     <gmd:address>
                        <gmd:CI_Address>
                           <gmd:deliveryPoint>
                              <gco:CharacterString>345 Middlefield Road, MS 999</gco:CharacterString>
                           </gmd:deliveryPoint>
                           <gmd:city>
                              <gco:CharacterString>Menlo Park</gco:CharacterString>
                           </gmd:city>
                           <gmd:administrativeArea>
                              <gco:CharacterString>CA</gco:CharacterString>
                           </gmd:administrativeArea>
                           <gmd:postalCode>
                              <gco:CharacterString>94025</gco:CharacterString>
                           </gmd:postalCode>
                           <gmd:country>
                              <gco:CharacterString>USA</gco:CharacterString>
                           </gmd:country>
                           <gmd:electronicMailAddress>
                              <gco:CharacterString>lorenson@octopus.wr.usgs.gov</gco:CharacterString>
                           </gmd:electronicMailAddress>
                        </gmd:CI_Address>
                     </gmd:address>
                     <gmd:onlineResource>
                        <gmd:CI_OnlineResource>
                           <gmd:linkage>
                              <gmd:URL>http://nsidc.org</gmd:URL>
                           </gmd:linkage>
                           <gmd:name gco:nilReason="missing"/>
                           <gmd:description gco:nilReason="missing"/>
                        </gmd:CI_OnlineResource>
                     </gmd:onlineResource>
                  </gmd:CI_Contact>
               </gmd:contactInfo>
               <gmd:role>
                  <gmd:CI_RoleCode codeList="http://www.isotc211.org/2005/resources/Codelist/gmxCodelists.xml#CI_RoleCode"
                                   codeListValue="principalInvestigator">principalInvestigator</gmd:CI_RoleCode>
               </gmd:role>
            </gmd:CI_ResponsibleParty>
         </gmd:pointOfContact>
         <gmd:pointOfContact>
            <gmd:CI_ResponsibleParty>
               <gmd:individualName>
                  <gco:CharacterString>FGDC User Services</gco:CharacterString>
               </gmd:individualName>
               <gmd:organisationName>
                  <gco:CharacterString>Frozen Ground Data Center</gco:CharacterString>
               </gmd:organisationName>
               <gmd:organisationShortName>
                  <gco:CharacterString>FGDC</gco:CharacterString>
               </gmd:organisationShortName>
               <gmd:contactInfo>
                  <gmd:CI_Contact>
                     <gmd:phone>
                        <gmd:CI_Telephone>
                           <gmd:voice>
                              <gco:CharacterString>1 303 492 6199 x</gco:CharacterString>
                           </gmd:voice>
                           <gmd:facsimile>
                              <gco:CharacterString>1 303 492 2468 x</gco:CharacterString>
                           </gmd:facsimile>
                        </gmd:CI_Telephone>
                     </gmd:phone>
                     <gmd:address>
                        <gmd:CI_Address>
                           <gmd:deliveryPoint>
                              <gco:CharacterString>National Snow and Ice Data Center</gco:CharacterString>
                           </gmd:deliveryPoint>
                           <gmd:deliveryPoint>
                              <gco:CharacterString>CIRES, 449 UCB</gco:CharacterString>
                           </gmd:deliveryPoint>
                           <gmd:deliveryPoint>
                              <gco:CharacterString>University of Colorado</gco:CharacterString>
                           </gmd:deliveryPoint>
                           <gmd:city>
                              <gco:CharacterString>Boulder</gco:CharacterString>
                           </gmd:city>
                           <gmd:administrativeArea>
                              <gco:CharacterString>CO</gco:CharacterString>
                           </gmd:administrativeArea>
                           <gmd:postalCode>
                              <gco:CharacterString>80309-0449</gco:CharacterString>
                           </gmd:postalCode>
                           <gmd:country>
                              <gco:CharacterString>USA</gco:CharacterString>
                           </gmd:country>
                           <gmd:electronicMailAddress>
                              <gco:CharacterString>nsidc@nsidc.org</gco:CharacterString>
                           </gmd:electronicMailAddress>
                        </gmd:CI_Address>
                     </gmd:address>
                     <gmd:onlineResource>
                        <gmd:CI_OnlineResource>
                           <gmd:linkage>
                              <gmd:URL>http://nsidc.org/fgdc/</gmd:URL>
                           </gmd:linkage>
                           <gmd:name gco:nilReason="missing"/>
                           <gmd:description gco:nilReason="missing"/>
                        </gmd:CI_OnlineResource>
                     </gmd:onlineResource>
                  </gmd:CI_Contact>
               </gmd:contactInfo>
               <gmd:role>
                  <gmd:CI_RoleCode codeList="http://www.isotc211.org/2005/resources/Codelist/gmxCodelists.xml#CI_RoleCode"
                                   codeListValue="custodian">custodian</gmd:CI_RoleCode>
               </gmd:role>
            </gmd:CI_ResponsibleParty>
         </gmd:pointOfContact>
         <gmd:resourceMaintenance>
            <gmd:MD_MaintenanceInformation>
               <gmd:maintenanceAndUpdateFrequency>
                  <gmd:MD_MaintenanceFrequencyCode codeList="http://www.isotc211.org/2005/resources/Codelist/gmxCodelists.xml#MD_MaintenanceFrequencyCode"
                                                   codeListValue="asNeeded">asNeeded</gmd:MD_MaintenanceFrequencyCode>
               </gmd:maintenanceAndUpdateFrequency>
               <gmd:updateScope>
                  <gmd:MD_ScopeCode codeList="http://www.isotc211.org/2005/resources/Codelist/gmxCodelists.xml#MD_ScopeCode"
                                    codeListValue="dataset">dataset</gmd:MD_ScopeCode>
               </gmd:updateScope>
               <gmd:updateScope>
                  <gmd:MD_ScopeCode codeList="http://www.isotc211.org/2005/resources/Codelist/gmxCodelists.xml#MD_ScopeCode"
                                    codeListValue="series">series</gmd:MD_ScopeCode>
               </gmd:updateScope>
               <gmd:updateScope>
                  <gmd:MD_ScopeCode codeList="http://www.isotc211.org/2005/resources/Codelist/gmxCodelists.xml#MD_ScopeCode"
                                    codeListValue="attribute">attribute</gmd:MD_ScopeCode>
               </gmd:updateScope>
               <gmd:contact>
                  <gmd:CI_ResponsibleParty>
                     <gmd:individualName>
                        <gco:CharacterString>Keith A. Kvenvolden</gco:CharacterString>
                     </gmd:individualName>
                     <gmd:organisationName>
                        <gco:CharacterString>US Geological Survey</gco:CharacterString>
                     </gmd:organisationName>
                     <gmd:contactInfo>
                        <gmd:CI_Contact>
                           <gmd:phone>
                              <gmd:CI_Telephone>
                                 <gmd:voice>
                                    <gco:CharacterString>1 415 354 3213 x</gco:CharacterString>
                                 </gmd:voice>
                                 <gmd:facsimile>
                                    <gco:CharacterString>1 415 354 3191 x</gco:CharacterString>
                                 </gmd:facsimile>
                              </gmd:CI_Telephone>
                           </gmd:phone>
                           <gmd:address>
                              <gmd:CI_Address>
                                 <gmd:deliveryPoint>
                                    <gco:CharacterString>345 Middlefield Road, MS 999</gco:CharacterString>
                                 </gmd:deliveryPoint>
                                 <gmd:city>
                                    <gco:CharacterString>Menlo Park</gco:CharacterString>
                                 </gmd:city>
                                 <gmd:administrativeArea>
                                    <gco:CharacterString>CA</gco:CharacterString>
                                 </gmd:administrativeArea>
                                 <gmd:postalCode>
                                    <gco:CharacterString>94025</gco:CharacterString>
                                 </gmd:postalCode>
                                 <gmd:country>
                                    <gco:CharacterString>USA</gco:CharacterString>
                                 </gmd:country>
                                 <gmd:electronicMailAddress>
                                    <gco:CharacterString>kk@octopus.wr.usgs.gov</gco:CharacterString>
                                 </gmd:electronicMailAddress>
                              </gmd:CI_Address>
                           </gmd:address>
                           <gmd:onlineResource>
                              <gmd:CI_OnlineResource>
                                 <gmd:linkage>
                                    <gmd:URL>http://nsidc.org</gmd:URL>
                                 </gmd:linkage>
                                 <gmd:name gco:nilReason="missing"/>
                                 <gmd:description gco:nilReason="missing"/>
                              </gmd:CI_OnlineResource>
                           </gmd:onlineResource>
                        </gmd:CI_Contact>
                     </gmd:contactInfo>
                     <gmd:role>
                        <gmd:CI_RoleCode codeList="http://www.isotc211.org/2005/resources/Codelist/gmxCodelists.xml#CI_RoleCode"
                                         codeListValue="principalInvestigator">principalInvestigator</gmd:CI_RoleCode>
                     </gmd:role>
                  </gmd:CI_ResponsibleParty>
               </gmd:contact>
            </gmd:MD_MaintenanceInformation>
         </gmd:resourceMaintenance>
         <gmd:descriptiveKeywords>
            <gmd:MD_Keywords>
               <gmd:keyword>
                  <gco:CharacterString>Ocean &gt; Arctic Ocean  &gt; Beaufort Sea,</gco:CharacterString>
               </gmd:keyword>
               <gmd:keyword>
                  <gco:CharacterString>Ocean &gt; Arctic Ocean &gt; Beaufort Sea  &gt; Arctic Ocean</gco:CharacterString>
               </gmd:keyword>
               <gmd:type>
                  <gmd:MD_KeywordTypeCode codeList="http://www.isotc211.org/2005/resources/Codelist/gmxCodelists.xml#MD_KeywordTypeCode"
                                          codeListValue="place">place</gmd:MD_KeywordTypeCode>
               </gmd:type>
               <gmd:thesaurusName>
                  <gmd:CI_Citation>
                     <gmd:title>
                        <gco:CharacterString>NASA / GCMD Location Keywords</gco:CharacterString>
                     </gmd:title>
                     <gmd:date>
                        <gmd:CI_Date>
                           <gmd:date>
                              <gco:Date>2008-02-05</gco:Date>
                           </gmd:date>
                           <gmd:dateType>
                              <gmd:CI_DateTypeCode codeList="http://www.isotc211.org/2005/resources/Codelist/gmxCodelists.xml#CI_DateTypeCode"
                                                   codeListValue="revision">revision</gmd:CI_DateTypeCode>
                           </gmd:dateType>
                        </gmd:CI_Date>
                     </gmd:date>
                  </gmd:CI_Citation>
               </gmd:thesaurusName>
            </gmd:MD_Keywords>
         </gmd:descriptiveKeywords>
         <gmd:descriptiveKeywords>
            <gmd:MD_Keywords>
               <gmd:keyword>
                  <gco:CharacterString>EARTH SCIENCE &gt; Cryosphere &gt; Sea Ice &gt; Ice Extent </gco:CharacterString>
               </gmd:keyword>
               <gmd:keyword>
                  <gco:CharacterString>EARTH SCIENCE &gt; Oceans &gt; Sea Ice &gt; Ice Extent </gco:CharacterString>
               </gmd:keyword>
               <gmd:keyword>
                  <gco:CharacterString>EARTH SCIENCE &gt; Oceans &gt; Ocean Chemistry </gco:CharacterString>
               </gmd:keyword>
               <gmd:keyword>
                  <gco:CharacterString>EARTH SCIENCE &gt; Oceans &gt; Ocean Temperature </gco:CharacterString>
               </gmd:keyword>
               <gmd:keyword>
                  <gco:CharacterString>EARTH SCIENCE &gt; Oceans &gt; Marine Sediments &gt; Sediment Composition </gco:CharacterString>
               </gmd:keyword>
               <gmd:type>
                  <gmd:MD_KeywordTypeCode codeList="http://www.isotc211.org/2005/resources/Codelist/gmxCodelists.xml#MD_KeywordTypeCode"
                                          codeListValue="discipline">discipline</gmd:MD_KeywordTypeCode>
               </gmd:type>
               <gmd:thesaurusName>
                  <gmd:CI_Citation>
                     <gmd:title>
                        <gco:CharacterString>NASA / GCMD Science Keywords</gco:CharacterString>
                     </gmd:title>
                     <gmd:date>
                        <gmd:CI_Date>
                           <gmd:date>
                              <gco:Date>2008-02-05</gco:Date>
                           </gmd:date>
                           <gmd:dateType>
                              <gmd:CI_DateTypeCode codeList="http://www.isotc211.org/2005/resources/Codelist/gmxCodelists.xml#CI_DateTypeCode"
                                                   codeListValue="revision">revision</gmd:CI_DateTypeCode>
                           </gmd:dateType>
                        </gmd:CI_Date>
                     </gmd:date>
                  </gmd:CI_Citation>
               </gmd:thesaurusName>
            </gmd:MD_Keywords>
         </gmd:descriptiveKeywords>
         <gmd:descriptiveKeywords>
            <gmd:MD_Keywords>
               <gmd:keyword>
                  <gco:CharacterString>Freshwater Ice</gco:CharacterString>
               </gmd:keyword>
               <gmd:keyword>
                  <gco:CharacterString>Geophysics</gco:CharacterString>
               </gmd:keyword>
               <gmd:keyword>
                  <gco:CharacterString>Oceanographic Data</gco:CharacterString>
               </gmd:keyword>
               <gmd:keyword>
                  <gco:CharacterString>Ocean Water Chemistry Measurements</gco:CharacterString>
               </gmd:keyword>
               <gmd:keyword>
                  <gco:CharacterString>Ocean Water Temperature Measurements</gco:CharacterString>
               </gmd:keyword>
               <gmd:keyword>
                  <gco:CharacterString>Sea Ice</gco:CharacterString>
               </gmd:keyword>
               <gmd:type>
                  <gmd:MD_KeywordTypeCode codeList="http://www.isotc211.org/2005/resources/Codelist/gmxCodelists.xml#MD_KeywordTypeCode"
                                          codeListValue="theme">theme</gmd:MD_KeywordTypeCode>
               </gmd:type>
            </gmd:MD_Keywords>
         </gmd:descriptiveKeywords>
         <gmd:resourceConstraints>
            <gmd:MD_LegalConstraints>
               <gmd:accessConstraints>
                  <gmd:MD_RestrictionCode codeList="http://www.isotc211.org/2005/resources/Codelist/gmxCodelists.xml#MD_RestrictionCode"
                                          codeListValue="otherRestrictions">otherRestrictions</gmd:MD_RestrictionCode>
               </gmd:accessConstraints>
               <gmd:useConstraints>
                  <gmd:MD_RestrictionCode codeList="http://www.isotc211.org/2005/resources/Codelist/gmxCodelists.xml#MD_RestrictionCode"
                                          codeListValue="otherRestrictions">otherRestrictions</gmd:MD_RestrictionCode>
               </gmd:useConstraints>
               <gmd:otherConstraints>
                  <gco:CharacterString>Access Constraints : none</gco:CharacterString>
               </gmd:otherConstraints>
               <gmd:otherConstraints>
                  <gco:CharacterString>Use Constraints : none</gco:CharacterString>
               </gmd:otherConstraints>
            </gmd:MD_LegalConstraints>
         </gmd:resourceConstraints>
         <gmd:resourceSpecificUsage>
            <gmd:MD_Usage>
               <gmd:specificUsage>
                  <gco:CharacterString>Popularity ranking based on number data downloads performed by the user community</gco:CharacterString>
               </gmd:specificUsage>
               <gmd:userContactInfo gco:nilReason="missing"/>
               <gmd:popularity>
                  <gco:Integer>1</gco:Integer>
               </gmd:popularity>
            </gmd:MD_Usage>
         </gmd:resourceSpecificUsage>
         <gmd:language>
            <gco:CharacterString>eng; usa</gco:CharacterString>
         </gmd:language>
         <gmd:characterSet>
            <gmd:MD_CharacterSetCode codeList="http://www.isotc211.org/2005/resources/Codelist/gmxCodelists.xml#MD_CharacterSetCode"
                                     codeListValue="UTF8">UTF8</gmd:MD_CharacterSetCode>
         </gmd:characterSet>
         <gmd:topicCategory>
            <gmd:MD_TopicCategoryCode>oceans</gmd:MD_TopicCategoryCode>
         </gmd:topicCategory>
         <gmd:extent>
            <gmd:EX_Extent id="boundingExtent">
               <gmd:geographicElement>
                  <gmd:EX_GeographicBoundingBox id="boundingGeographicBoundingBox">
                     <gmd:westBoundLongitude>
                        <gco:Decimal>-152</gco:Decimal>
                     </gmd:westBoundLongitude>
                     <gmd:eastBoundLongitude>
                        <gco:Decimal>-145</gco:Decimal>
                     </gmd:eastBoundLongitude>
                     <gmd:southBoundLatitude>
                        <gco:Decimal>70</gco:Decimal>
                     </gmd:southBoundLatitude>
                     <gmd:northBoundLatitude>
                        <gco:Decimal>72.633</gco:Decimal>
                     </gmd:northBoundLatitude>
                  </gmd:EX_GeographicBoundingBox>
               </gmd:geographicElement>
               <gmd:temporalElement>
                  <gmd:EX_TemporalExtent id="boundingTemporalExtent">
                     <gmd:extent>
                        <gml:TimePeriod>
                           <gml:beginPosition>1990-01-01</gml:beginPosition>
                           <gml:endPosition>1995-12-31</gml:endPosition>
                        </gml:TimePeriod>
                     </gmd:extent>
                  </gmd:EX_TemporalExtent>
               </gmd:temporalElement>
            </gmd:EX_Extent>
         </gmd:extent>
      </gmd:MD_DataIdentification>
   </gmd:identificationInfo>
   <gmd:distributionInfo>
      <gmd:MD_Distribution>
         <gmd:distributionFormat>
            <gmd:MD_Format>
               <gmd:name>
                  <gco:CharacterString>HTML</gco:CharacterString>
               </gmd:name>
               <gmd:version gco:nilReason="missing"/>
               <gmd:specification>
                  <gco:CharacterString>HTTP</gco:CharacterString>
               </gmd:specification>
            </gmd:MD_Format>
         </gmd:distributionFormat>
         <gmd:transferOptions>
            <gmd:MD_DigitalTransferOptions>
               <gmd:onLine>
                  <gmd:CI_OnlineResource>
                     <gmd:linkage>
                        <gmd:URL>http://pubs.usgs.gov/of/1995/of95-070/core/meta/report.html</gmd:URL>
                     </gmd:linkage>
                     <gmd:name>
                        <gco:CharacterString>Get External Data (1990-1994)</gco:CharacterString>
                     </gmd:name>
                     <gmd:description>
                        <gco:CharacterString>These data are not distributed by NSIDC.</gco:CharacterString>
                     </gmd:description>
                     <gmd:function>
                        <gmd:CI_OnLineFunctionCode codeList="http://www.isotc211.org/2005/resources/Codelist/gmxCodelists.xml#CI_OnLineFunctionCode"
                                                   codeListValue="function">offlineAccess</gmd:CI_OnLineFunctionCode>
                     </gmd:function>
                  </gmd:CI_OnlineResource>
               </gmd:onLine>
               <gmd:onLine>
                  <gmd:CI_OnlineResource>
                     <gmd:linkage>
                        <gmd:URL>http://pubs.usgs.gov/of/1997/0054/report.pdf</gmd:URL>
                     </gmd:linkage>
                     <gmd:name>
                        <gco:CharacterString>Get External Data (1995)</gco:CharacterString>
                     </gmd:name>
                     <gmd:description>
                        <gco:CharacterString>These data are not distributed by NSIDC.</gco:CharacterString>
                     </gmd:description>
                     <gmd:function>
                        <gmd:CI_OnLineFunctionCode codeList="http://www.isotc211.org/2005/resources/Codelist/gmxCodelists.xml#CI_OnLineFunctionCode"
                                                   codeListValue="function">offlineAccess</gmd:CI_OnLineFunctionCode>
                     </gmd:function>
                  </gmd:CI_OnlineResource>
               </gmd:onLine>
               <gmd:offLine>
                  <gmd:distributionFormat>
                     <gmd:MD_Medium>
                        <gmd:name>
                           <gmd:MD_MediumNameCode codeList="http://www.isotc211.org/2005/resources/Codelist/gmxCodelists.xml#MD_MediumNameCode"
                                                  codeListValue="onLine">onLine</gmd:MD_MediumNameCode>
                        </gmd:name>
                        <gmd:mediumNote>
                           <gco:CharacterString>HTTP</gco:CharacterString>
                        </gmd:mediumNote>
                     </gmd:MD_Medium>
                  </gmd:distributionFormat>
               </gmd:offLine>
            </gmd:MD_DigitalTransferOptions>
         </gmd:transferOptions>
      </gmd:MD_Distribution>
   </gmd:distributionInfo>
   <gmd:acquisitionInfo>
      <gmi:MI_AcquisitionInformation>
         <gmi:MI_Platform>
            <gmi:identifier>
               <gmd:MD_Identifier>
                  <gmd:code>
                     <gco:CharacterString>SHIPS</gco:CharacterString>
                  </gmd:code>
               </gmd:MD_Identifier>
            </gmi:identifier>
            <gmi:description gco:nilReason="missing"/>
         </gmi:MI_Platform>
      </gmi:MI_AcquisitionInformation>
   </gmd:acquisitionInfo>
</gmi:MI_Metadata>
