<?xml version="1.0" encoding="UTF-8"?>
<DIF xmlns:dif="http://gcmd.gsfc.nasa.gov/Aboutus/xml/dif/"
     xmlns:xsi="http://www.w3.org/2001/XMLSchema-instance"
     xsi:schemaLocation="http://gcmd.gsfc.nasa.gov/Aboutus/xml/dif/ http://gcmd.gsfc.nasa.gov/Aboutus/xml/dif/dif_v9.7.1.xsd">
   <Entry_ID>ARCSS304</Entry_ID>
   <Entry_Title>High-Resolution QuickBird Imagery and Related GIS Layers for Barrow, Alaska, USA</Entry_Title>
   <Data_Set_Citation>
      <Dataset_Creator>Manley, W. F., L. R. Lestak, C. Tweedie, and J. Maslanik.</Dataset_Creator>
      <Dataset_Title>High-Resolution QuickBird Imagery and Related GIS Layers for Barrow, Alaska, USA</Dataset_Title>
      <Dataset_Release_Date>2006-04-01</Dataset_Release_Date>
      <Dataset_Release_Place>Boulder, Colorado USA</Dataset_Release_Place>
      <Dataset_Publisher>NSIDC: National Snow and Ice Data Center</Dataset_Publisher>
      <Version>1</Version>
      <Online_Resource>http://nsidc.org/data/ARCSS304</Online_Resource>
      <Dataset_Series_Name>ARCSS304</Dataset_Series_Name>
   </Data_Set_Citation>
   <Personnel>
      <Role>Investigator</Role>
      <First_Name>William</First_Name>
      <Middle_Name>F.</Middle_Name>
      <Last_Name>Manley</Last_Name>
      <Contact_Address>
         <Address>450 UCB</Address>
         <Address>University of Colorado</Address>
         <City>Boulder</City>
         <Province_or_State>CO</Province_or_State>
         <Country/>
      </Contact_Address>
   </Personnel>
   <Personnel>
      <Role>Investigator</Role>
      <First_Name>Leanne</First_Name>
      <Middle_Name>R.</Middle_Name>
      <Last_Name>Lestak</Last_Name>
      <Contact_Address>
         <Address>University of Colorado</Address>
         <Address>216 UCB</Address>
         <City>Boulder</City>
         <Province_or_State>CO</Province_or_State>
         <Postal_Code>80309-0216</Postal_Code>
         <Country>USA</Country>
      </Contact_Address>
   </Personnel>
   <Personnel>
      <Role>Investigator</Role>
      <First_Name>Craig</First_Name>
      <Last_Name>Tweedie</Last_Name>
      <Email>ctweedie@utep.edu</Email>
      <Contact_Address>
         <Address>500 University Blvd.</Address>
         <Address>Biology Bldg., Room 226</Address>
         <City>El Paso</City>
         <Province_or_State>TX</Province_or_State>
         <Postal_Code>79968-0513</Postal_Code>
         <Country>USA</Country>
      </Contact_Address>
   </Personnel>
   <Personnel>
      <Role>Investigator</Role>
      <First_Name>Jim</First_Name>
      <Last_Name>Maslanik</Last_Name>
      <Contact_Address>
         <Country/>
      </Contact_Address>
   </Personnel>
   <Personnel>
      <Role>Technical Contact</Role>
      <First_Name>NSIDC</First_Name>
      <Last_Name>User Services</Last_Name>
      <Email>nsidc@nsidc.org</Email>
      <Phone>1-303-492-6199</Phone>
      <Fax>1-303-492-2468</Fax>
      <Contact_Address>
         <Address>CIRES, 449 UCB</Address>
         <Address>University of Colorado</Address>
         <City>Boulder</City>
         <Province_or_State>CO</Province_or_State>
         <Postal_Code>80309-0449</Postal_Code>
         <Country>USA</Country>
      </Contact_Address>
   </Personnel>
   <Parameters>
      <Category>EARTH SCIENCE</Category>
      <Topic>Spectral/Engineering</Topic>
      <Term>Infrared Wavelengths</Term>
      <Variable_Level_1>Infrared Imagery</Variable_Level_1>
   </Parameters>
   <Parameters>
      <Category>EARTH SCIENCE</Category>
      <Topic>Spectral/Engineering</Topic>
      <Term>Infrared Wavelengths</Term>
      <Variable_Level_1>Infrared Imagery</Variable_Level_1>
   </Parameters>
   <Parameters>
      <Category>EARTH SCIENCE</Category>
      <Topic>Land Surface</Topic>
      <Term>Surface Radiative Properties</Term>
      <Variable_Level_1>Reflectance</Variable_Level_1>
   </Parameters>
   <Parameters>
      <Category>EARTH SCIENCE</Category>
      <Topic>Land Surface</Topic>
      <Term>Surface Radiative Properties</Term>
      <Variable_Level_1>Reflectance</Variable_Level_1>
   </Parameters>
   <Parameters>
      <Category>EARTH SCIENCE</Category>
      <Topic>Spectral/Engineering</Topic>
      <Term>Infrared Wavelengths</Term>
      <Variable_Level_1>Reflected Infrared</Variable_Level_1>
   </Parameters>
   <Parameters>
      <Category>EARTH SCIENCE</Category>
      <Topic>Spectral/Engineering</Topic>
      <Term>Infrared Wavelengths</Term>
      <Variable_Level_1>Reflected Infrared</Variable_Level_1>
   </Parameters>
   <Parameters>
      <Category>EARTH SCIENCE</Category>
      <Topic>Spectral/Engineering</Topic>
      <Term>Visible Wavelengths</Term>
      <Variable_Level_1>Visible Imagery</Variable_Level_1>
   </Parameters>
   <Parameters>
      <Category>EARTH SCIENCE</Category>
      <Topic>Spectral/Engineering</Topic>
      <Term>Visible Wavelengths</Term>
      <Variable_Level_1>Visible Imagery</Variable_Level_1>
   </Parameters>
   <ISO_Topic_Category>Geoscientific Information</ISO_Topic_Category>
   <Keyword>Alaska</Keyword>
   <Keyword>arcss304</Keyword>
   <Keyword>ARCSS Data Coordination Center</Keyword>
   <Keyword>Aspect</Keyword>
   <Keyword>Barrow</Keyword>
   <Keyword>Digital Elevation Model</Keyword>
   <Keyword>Digital Mapping</Keyword>
   <Keyword>GIS</Keyword>
   <Keyword>Infrared</Keyword>
   <Keyword>Mapping</Keyword>
   <Keyword>Maps</Keyword>
   <Keyword>Multispectral</Keyword>
   <Keyword>NSIDC &gt; National Snow and Ice Data Center</Keyword>
   <Keyword>OPP0224071</Keyword>
   <Keyword>ORRI &gt; Orthorectified Radar Imagery</Keyword>
   <Keyword>Panchromatic</Keyword>
   <Keyword>QuickBird</Keyword>
   <Keyword>Remote Sensing</Keyword>
   <Keyword>Satellite Imagery</Keyword>
   <Keyword>Topography</Keyword>
   <Keyword>Visible Imagery</Keyword>
   <Sensor_Name>
      <Short_Name>QUICKBIRD/BHRC-60</Short_Name>
      <Long_Name>QuickBird Ball High Resolution Camera 60</Long_Name>
   </Sensor_Name>
   <Source_Name>
      <Short_Name>QUICKBIRD</Short_Name>
      <Long_Name>DigitalGlobe's QuickBird</Long_Name>
   </Source_Name>
   <Source_Name>
      <Short_Name>SATELLITES</Short_Name>
   </Source_Name>
   <Temporal_Coverage>
      <Start_Date>2002-08-01</Start_Date>
      <Stop_Date>2002-08-02</Stop_Date>
   </Temporal_Coverage>
   <Data_Set_Progress>complete</Data_Set_Progress>
   <Spatial_Coverage>
      <Southernmost_Latitude>71.14764</Southernmost_Latitude>
      <Northernmost_Latitude>71.405</Northernmost_Latitude>
      <Westernmost_Longitude>-157.07033</Westernmost_Longitude>
      <Easternmost_Longitude>-156.14847</Easternmost_Longitude>
   </Spatial_Coverage>
   <Location>
      <Location_Category>Continent</Location_Category>
      <Location_Type>North America</Location_Type>
      <Location_Subregion1>United States Of America</Location_Subregion1>
      <Location_Subregion2>Alaska</Location_Subregion2>
      <Location_Subregion3/>
      <Detailed_Location/>
   </Location>
   <Data_Resolution>
      <Latitude_Resolution>2.8 m</Latitude_Resolution>
      <Longitude_Resolution>2.8 m</Longitude_Resolution>
   </Data_Resolution>
   <Data_Resolution>
      <Latitude_Resolution>0.7 m</Latitude_Resolution>
      <Longitude_Resolution>0.7 m</Longitude_Resolution>
   </Data_Resolution>
   <Project>
      <Short_Name>NSF/OPP</Short_Name>
      <Long_Name>Division of Polar Programs, Antarctic Research, Glaciology</Long_Name>
   </Project>
   <Quality>Quality checks were performed throughout all processing procedures. Z-profiles for multispectral tiles were viewed for various locations in the image. Vegetation, water features and human-made features were checked for correct radiometric values. Actual digital number (DN) values were checked for individual tiles and for corresponding areas in the mosaics. Pixel registration of panchromatic and multispectral tiles were checked.

The Barrow orthoimagery location accuracy is defined as custom; the investigator team supplied the digital elevation model (DEM) and ground control points (GCPs). Imagery meets and usually exceeds QuickBird's specifications for 1:12,000 scale orthoimagery, which is defined as 10.2 meters CE90% and 6.2 meters root-mean-square error. Radiometric, sensor, and geometric corrections were applied to separate images by DigitalGlobe and images were mapped to a cartographic projection using a digital elevation model (DEM) to correct parallax error due to local topographic relief. Each image has a different location accuracy. See the PDF file 'Barrow QuickBird Quality Assessment Report.pdf' (distributed with the data) for GCPs used to geocorrect imagery, correction errors, and other issues related to quality control.</Quality>
   <Access_Constraints>Data are available on four DVDs and are restricted to NSF OPP Arctric Sciences Section-funded investigators. To place an order, visit the NSIDC catalog description (http://nsidc.org/data/arcss304.html) for this data set. Click 'Register for Data' and read the license agreement. Scroll to the end of the agreement to accept it. You will be directed to a registration form; please complete this and provide your most recent NSF OPP grant number. NSIDC User Services will verify the grant number and contact you soon with an order confirmation.

Reduced-resolution (http://nsidc.org/data/arcss305.html) versions of these data are available to the general public.</Access_Constraints>
   <Data_Set_Language>English</Data_Set_Language>
   <Originating_Center>ARCSS</Originating_Center>
   <Data_Center>
      <Data_Center_Name>
         <Short_Name>ACADIS</Short_Name>
         <Long_Name>The Advanced Cooperative Arctic Data &amp; Information Service</Long_Name>
      </Data_Center_Name>
      <Data_Center_URL>nsidc.org</Data_Center_URL>
      <Personnel>
         <Role>Data Center Contact</Role>
         <First_Name>ACADIS</First_Name>
         <Last_Name>User Services</Last_Name>
         <Email>nsidc@nsidc.org</Email>
         <Phone>-303-492-6199</Phone>
         <Contact_Address>
            <Address>University of Colorado</Address>
            <Address>449 UCB</Address>
            <City>Boulder</City>
            <Province_or_State>CO</Province_or_State>
            <Postal_Code>80309-0449</Postal_Code>
            <Country>USA</Country>
         </Contact_Address>
      </Personnel>
   </Data_Center>
   <Distribution>
      <Distribution_Media>DVD</Distribution_Media>
      <Distribution_Size>17 GB</Distribution_Size>
      <Distribution_Format>ESRI Grid</Distribution_Format>
   </Distribution>
   <Distribution>
      <Distribution_Media>DVD</Distribution_Media>
      <Distribution_Size>17 GB</Distribution_Size>
      <Distribution_Format>Binary</Distribution_Format>
   </Distribution>
   <Distribution>
      <Distribution_Media>DVD</Distribution_Media>
      <Distribution_Size>17 GB</Distribution_Size>
      <Distribution_Format>GeoTIFF</Distribution_Format>
   </Distribution>
   <Distribution>
      <Distribution_Media>DVD</Distribution_Media>
      <Distribution_Size>17 GB</Distribution_Size>
      <Distribution_Format>ESRI Shapefile</Distribution_Format>
   </Distribution>
   <Reference/>
   <Summary>
      <Abstract>This data set contains high-resolution QuickBird imagery and geospatial data for the entire Barrow QuickBird image area (156.15° W - 157.07° W, 71.15° N - 71.41° N) and Barrow B4 Quadrangle (156.29° W - 156.89° W, 71.25° N - 71.40° N), for use in Geographic Information Systems (GIS) and remote sensing software. The original QuickBird data sets were acquired by DigitalGlobe from 1 to 2 August 2002, and consist of orthorectified satellite imagery. Federal Geographic Data Committee (FGDC)-compliant metadata for all value-added data sets are provided in text, HTML, and XML formats.

Accessory layers include: 1:250,000- and 1:63,360-scale USGS Digital Raster Graphic (DRG) mosaic images (GeoTIFF format); 1:250,000- and 1:63,360-scale USGS quadrangle index maps (ESRI Shapefile format); an index map for the 62 QuickBird tiles (ESRI Shapefile format); and a simple polygon layer of the extent of the Barrow QuickBird image area and the Barrow B4 quadrangle area (ESRI Shapefile format).

Unmodified QuickBird data comprise 62 data tiles in Universal Transverse Mercator (UTM) Zone 4 in GeoTIFF format. Standard release files describing the QuickBird data are included, along with the DigitalGlobe license agreement and product handbooks.

The baseline geospatial data support education, outreach, and multi-disciplinary research of environmental change in Barrow, which is an area of focused scientific interest. Data are provided on four DVDs. This product is available only to investigators funded specifically from the National Science Foundation (NSF), Office of Polar Programs (OPP), Arctic Sciences Section. An NSF OPP award number must be provided when ordering this data.</Abstract>
   </Summary>
   <Related_URL>
      <URL_Content_Type>
         <Type>VIEW RELATED INFORMATION</Type>
      </URL_Content_Type>
      <URL>http://nsidc.org/data/docs/arcss/arcss304/</URL>
      <Description>Documentation</Description>
   </Related_URL>
   <Related_URL>
      <URL_Content_Type>
         <Type>GET DATA</Type>
      </URL_Content_Type>
      <URL>http://nsidc.org/data/barrow/digitalglobe_license_form.html</URL>
      <Description>Order Data</Description>
   </Related_URL>
   <Related_URL>
      <URL_Content_Type>
         <Type>VIEW PROJECT HOME PAGE</Type>
      </URL_Content_Type>
      <URL>http://nsidc.org/data/barrow/</URL>
      <Description>Radar Imagery, Digital Elevation Models, and Related GIS Layers for Barrow, Alaska, USA</Description>
   </Related_URL>
   <Related_URL>
      <URL_Content_Type>
         <Type>VIEW PROJECT HOME PAGE</Type>
      </URL_Content_Type>
      <URL>http://nsidc.org/data/barrow/</URL>
      <Description>Imagery and Related GIS Data for Barrow, Alaska, USA</Description>
   </Related_URL>
   <Related_URL>
      <URL_Content_Type>
         <Type>VIEW PROJECT HOME PAGE</Type>
      </URL_Content_Type>
      <URL>http://instaar.colorado.edu/QGISL/barrow_high_res/</URL>
      <Description>Product Description at Quaternary GIS Laboratory</Description>
   </Related_URL>
   <Metadata_Name>CEOS IDN DIF</Metadata_Name>
   <Metadata_Version>VERSION 9.9</Metadata_Version>
   <DIF_Creation_Date>2006-04-01</DIF_Creation_Date>
   <Last_DIF_Revision_Date>2014-12-11</Last_DIF_Revision_Date>
   <DIF_Revision_History> 2006-04-01, Transferred from mddb dataset_citation.release_date
 2006-05-04, lfrench, New data sets. Send to GCMD.
 2006-05-08, lfrench, Hide from live site--team changed their mind about publishing this now!
 2006-05-08, lfrench, Hide from live site--team changed their mind about publishing this now!
 2006-05-31, lfrench, Making new QuickBird data set catalog pages visible on live site again. If ARCSS doesn't change their mind again in the next few days, send DIFs to GCMD.
 2012-08-16, Deann Miller, corrected dist. formats
 2013-10-10, Deann Miller, Removed Register for Data link and replaced it with Order Data, cleanup for Search. 
 2014-03-12, Deann Miller, Removed the ARCSS logo and added the ACADIS logo. 
 2014-12-11, Deann Miller, fixed data citation 
</DIF_Revision_History>
   <Extended_Metadata>
      <Metadata>
         <Group>NSIDC</Group>
         <Name>Version Summary</Name>
         <Value/>
      </Metadata>
      <Metadata>
         <Group>NSIDC</Group>
         <Name>Current Version</Name>
         <Value>1</Value>
      </Metadata>
   </Extended_Metadata>
</DIF>
