<?xml version="1.0" encoding="UTF-8"?>
<DIF xmlns:dif="http://gcmd.gsfc.nasa.gov/Aboutus/xml/dif/"
     xmlns:xsi="http://www.w3.org/2001/XMLSchema-instance"
     xsi:schemaLocation="http://gcmd.gsfc.nasa.gov/Aboutus/xml/dif/ http://gcmd.gsfc.nasa.gov/Aboutus/xml/dif/dif_v9.7.1.xsd">
   <Entry_ID>G00922</Entry_ID>
   <Entry_Title>Snowfall and Snow Depth for Canada 1943-1982</Entry_Title>
   <Data_Set_Citation>
      <Dataset_Creator>Walsh, J. E.</Dataset_Creator>
      <Dataset_Title>Snowfall and Snow Depth for Canada 1943-1982</Dataset_Title>
      <Dataset_Release_Date>1996-01-01</Dataset_Release_Date>
      <Dataset_Release_Place>Boulder, Colorado USA</Dataset_Release_Place>
      <Dataset_Publisher>NSIDC: National Snow and Ice Data Center</Dataset_Publisher>
      <Version>1</Version>
      <Dataset_DOI>doi:10.7265/N5TD9V75</Dataset_DOI>
      <Online_Resource>http://nsidc.org/data/G00922</Online_Resource>
      <Dataset_Series_Name>G00922</Dataset_Series_Name>
   </Data_Set_Citation>
   <Personnel>
      <Role>Investigator</Role>
      <First_Name>John</First_Name>
      <Middle_Name>E</Middle_Name>
      <Last_Name>Walsh</Last_Name>
      <Email>walsh@wx.atmos.uiuc.edu</Email>
      <Phone>1-217-333-7521</Phone>
      <Contact_Address>
         <Address>University of Illinois</Address>
         <Address>Department of Atmospheric Sciences</Address>
         <Address>105 South Gregory Avenue</Address>
         <City>Urbana</City>
         <Province_or_State>IL</Province_or_State>
         <Postal_Code>61801</Postal_Code>
         <Country/>
      </Contact_Address>
   </Personnel>
   <Personnel>
      <Role>Technical Contact</Role>
      <First_Name>NSIDC</First_Name>
      <Last_Name>User Services</Last_Name>
      <Email>nsidc@nsidc.org</Email>
      <Phone>1-303-492-6199</Phone>
      <Fax>1-303-492-2468</Fax>
      <Contact_Address>
         <Address>CIRES, 449 UCB</Address>
         <Address>University of Colorado</Address>
         <City>Boulder</City>
         <Province_or_State>CO</Province_or_State>
         <Postal_Code>80309-0449</Postal_Code>
         <Country>USA</Country>
      </Contact_Address>
   </Personnel>
   <Parameters>
      <Category>EARTH SCIENCE</Category>
      <Topic>Atmosphere</Topic>
      <Term>Precipitation</Term>
      <Variable_Level_1>Snow</Variable_Level_1>
   </Parameters>
   <Parameters>
      <Category>EARTH SCIENCE</Category>
      <Topic>Cryosphere</Topic>
      <Term>Snow/Ice</Term>
      <Variable_Level_1>Snow Depth</Variable_Level_1>
      <Detailed_Variable>Snowfall</Detailed_Variable>
   </Parameters>
   <Parameters>
      <Category>EARTH SCIENCE</Category>
      <Topic>Terrestrial Hydrosphere</Topic>
      <Term>Snow/Ice</Term>
      <Variable_Level_1>Snow Depth</Variable_Level_1>
      <Detailed_Variable>Snowfall</Detailed_Variable>
   </Parameters>
   <ISO_Topic_Category>Climatology/Meteorology/Atmosphere</ISO_Topic_Category>
   <Keyword>Climatology</Keyword>
   <Keyword>Global Change</Keyword>
   <Keyword>Snow Depth</Keyword>
   <Keyword>Snow Fall</Keyword>
   <Sensor_Name>
      <Short_Name>SNOW MEASURING ROD</Short_Name>
   </Sensor_Name>
   <Source_Name>
      <Short_Name>GROUND-BASED OBSERVATIONS</Short_Name>
   </Source_Name>
   <Temporal_Coverage>
      <Start_Date>1943-01-01</Start_Date>
      <Stop_Date>1982-12-31</Stop_Date>
   </Temporal_Coverage>
   <Data_Set_Progress>complete</Data_Set_Progress>
   <Spatial_Coverage>
      <Southernmost_Latitude>45</Southernmost_Latitude>
      <Northernmost_Latitude>75</Northernmost_Latitude>
      <Westernmost_Longitude>-142</Westernmost_Longitude>
      <Easternmost_Longitude>-55</Easternmost_Longitude>
   </Spatial_Coverage>
   <Location>
      <Location_Category>Continent</Location_Category>
      <Location_Type>North America</Location_Type>
      <Location_Subregion1>Canada</Location_Subregion1>
      <Location_Subregion2/>
      <Location_Subregion3/>
      <Detailed_Location>Alberta</Detailed_Location>
   </Location>
   <Location>
      <Location_Category>Continent</Location_Category>
      <Location_Type>North America</Location_Type>
      <Location_Subregion1/>
      <Location_Subregion2/>
      <Location_Subregion3/>
      <Detailed_Location/>
   </Location>
   <Data_Set_Language>English</Data_Set_Language>
   <Data_Center>
      <Data_Center_Name>
         <Short_Name>NOAA</Short_Name>
         <Long_Name>National Oceanic and Atmospheric Administration</Long_Name>
      </Data_Center_Name>
      <Data_Center_URL>http://nsidc.org/noaa/</Data_Center_URL>
      <Personnel>
         <Role>Data Center Contact</Role>
         <First_Name>NOAA</First_Name>
         <Last_Name>User Services</Last_Name>
         <Email>nsidc@nsidc.org</Email>
         <Phone>1-303-492-6199</Phone>
         <Fax>1-303-492-2468</Fax>
         <Contact_Address>
            <Address>National Snow and Ice Data Center</Address>
            <Address>CIRES, 449 UCB</Address>
            <Address>University of Colorado</Address>
            <City>Boulder</City>
            <Province_or_State>CO</Province_or_State>
            <Postal_Code>80309-0449</Postal_Code>
            <Country>USA</Country>
         </Contact_Address>
      </Personnel>
   </Data_Center>
   <Distribution>
      <Distribution_Media>FTP</Distribution_Media>
   </Distribution>
   <Reference/>
   <Summary>
      <Abstract>Data include monthly snowfall and end-of-month snow depth for 140 stations across Canada. Stations that maintained at least 20 years of data were chosen. The original data are from Atmospheric Environment Service Canadian Climate Centre and from NOAA's National Climatic Data Center. Data are divided into eight files by region or province: British Columbia (17 stations), Yukon and Northwest Territories (33 stations), Alberta (12 stations), Saskatchewan (115 stations), Manitoba (10 stations), Ontario (19 stations), Quebec (20 stations) and Atlantic Provinces (14 stations). Each data record contains a variable indicator to identify data as snow on the ground on the last day of the month (centimeters) or total snowfall for the month (millimeters). A list of stations, with latitude and longitude to hundredths of a degree, is included in documentation for this data set.</Abstract>
   </Summary>
   <Related_URL>
      <URL_Content_Type>
         <Type>VIEW RELATED INFORMATION</Type>
      </URL_Content_Type>
      <URL>http://nsidc.org/data/docs/noaa/g00922_canada_snowfall_depth/index.html</URL>
      <Description>Documentation</Description>
   </Related_URL>
   <Related_URL>
      <URL_Content_Type>
         <Type>GET DATA</Type>
      </URL_Content_Type>
      <URL>ftp://sidads.colorado.edu/pub/DATASETS/NOAA/G00922/</URL>
      <Description>FTP</Description>
   </Related_URL>
   <IDN_Node>
      <Short_Name>USA/NOAA</Short_Name>
   </IDN_Node>
   <Metadata_Name>CEOS IDN DIF</Metadata_Name>
   <Metadata_Version>VERSION 9.9</Metadata_Version>
   <DIF_Creation_Date>1996-01-01</DIF_Creation_Date>
   <Last_DIF_Revision_Date>2013-03-07</Last_DIF_Revision_Date>
   <DIF_Revision_History> 2013-01-18, Ann Windnagel,  Fixing citations.
 1996-01-01, Transferred from mddb dataset_citation.release_date
 2004-06-18, yohe,  
 2005-07-01, wolfe, updated citation for correct style
 2006-03-14, lfrench, John added missing ISO topic to 57 NOAA data set records. Send to GCMD.
 2006-10-12, lfrench, Publishing updated metadata for these data sets (G00801, G00802, G00803, G00804, G00805, G00807, G00874, G00922, G01169, G01171, G01186, G01187, G01358, G01360) without QC at the request of Florence a
 2007-05-24, Jane Beitler, Added optional reg form.  QC not needed.  Do not send update to GCMD.
 2013-03-07, Amy Randall,  Added DOI
</DIF_Revision_History>
   <Extended_Metadata>
      <Metadata>
         <Group>NSIDC</Group>
         <Name>Version Summary</Name>
         <Value/>
      </Metadata>
      <Metadata>
         <Group>NSIDC</Group>
         <Name>Current Version</Name>
         <Value>1</Value>
      </Metadata>
   </Extended_Metadata>
</DIF>
