<?xml version="1.0" encoding="UTF-8"?>
<DIF xmlns:dif="http://gcmd.gsfc.nasa.gov/Aboutus/xml/dif/"
     xmlns:xsi="http://www.w3.org/2001/XMLSchema-instance"
     xsi:schemaLocation="http://gcmd.gsfc.nasa.gov/Aboutus/xml/dif/ http://gcmd.gsfc.nasa.gov/Aboutus/xml/dif/dif_v9.7.1.xsd">
   <Entry_ID>G01170</Entry_ID>
   <Entry_Title>Former Soviet Union Hydrological Snow Surveys, 1966-1996</Entry_Title>
   <Data_Set_Citation>
      <Dataset_Creator>Krenke, A. Edited by National Snow and Ice Data Center.</Dataset_Creator>
      <Dataset_Title>Former Soviet Union Hydrological Snow Surveys, 1966-1996</Dataset_Title>
      <Dataset_Release_Date>1998-01-01</Dataset_Release_Date>
      <Dataset_Release_Place>Boulder, Colorado USA</Dataset_Release_Place>
      <Dataset_Publisher>NSIDC: National Snow and Ice Data Center</Dataset_Publisher>
      <Version>1</Version>
      <Dataset_DOI>doi:10.7265/N58C9T60</Dataset_DOI>
      <Online_Resource>http://nsidc.org/data/G01170</Online_Resource>
      <Dataset_Series_Name>G01170</Dataset_Series_Name>
   </Data_Set_Citation>
   <Personnel>
      <Role>Investigator</Role>
      <First_Name>Richard</First_Name>
      <Last_Name>Armstrong</Last_Name>
      <Email>rlax@nsidc.org</Email>
      <Phone>1-303-492-6199</Phone>
      <Fax>1-303-492-2468</Fax>
      <Contact_Address>
         <Address>National Snow and Ice Data Center</Address>
         <Address>CIRES 449 UCB</Address>
         <Address>University of Colorado</Address>
         <City>Boulder</City>
         <Province_or_State>Colorado</Province_or_State>
         <Postal_Code>80309-0449</Postal_Code>
         <Country>USA</Country>
      </Contact_Address>
   </Personnel>
   <Personnel>
      <Role>Investigator</Role>
      <First_Name>Alexander</First_Name>
      <Last_Name>Krenke</Last_Name>
      <Email>climat@glas.apr.org</Email>
      <Phone>7- 095 923-28-89</Phone>
      <Fax>7- 095 938-21-73</Fax>
      <Contact_Address>
         <Address>Russian Academy of Sciences, Institute of Geography</Address>
         <Address>Laboratory of Dynamical and Historical Climatology</Address>
         <Address>Staromonetny 29</Address>
         <Address>Moscow, 109017</Address>
         <Address>Russia</Address>
         <Country/>
      </Contact_Address>
   </Personnel>
   <Personnel>
      <Role>Technical Contact</Role>
      <First_Name>NSIDC</First_Name>
      <Last_Name>User Services</Last_Name>
      <Email>nsidc@nsidc.org</Email>
      <Phone>1-303-492-6199</Phone>
      <Fax>1-303-492-2468</Fax>
      <Contact_Address>
         <Address>CIRES, 449 UCB</Address>
         <Address>University of Colorado</Address>
         <City>Boulder</City>
         <Province_or_State>CO</Province_or_State>
         <Postal_Code>80309-0449</Postal_Code>
         <Country>USA</Country>
      </Contact_Address>
   </Personnel>
   <Parameters>
      <Category>EARTH SCIENCE</Category>
      <Topic>Cryosphere</Topic>
      <Term>Snow/Ice</Term>
      <Variable_Level_1>Snow Cover</Variable_Level_1>
   </Parameters>
   <Parameters>
      <Category>EARTH SCIENCE</Category>
      <Topic>Terrestrial Hydrosphere</Topic>
      <Term>Snow/Ice</Term>
      <Variable_Level_1>Snow Cover</Variable_Level_1>
   </Parameters>
   <Parameters>
      <Category>EARTH SCIENCE</Category>
      <Topic>Cryosphere</Topic>
      <Term>Snow/Ice</Term>
      <Variable_Level_1>Snow Density</Variable_Level_1>
   </Parameters>
   <Parameters>
      <Category>EARTH SCIENCE</Category>
      <Topic>Terrestrial Hydrosphere</Topic>
      <Term>Snow/Ice</Term>
      <Variable_Level_1>Snow Density</Variable_Level_1>
   </Parameters>
   <Parameters>
      <Category>EARTH SCIENCE</Category>
      <Topic>Cryosphere</Topic>
      <Term>Snow/Ice</Term>
      <Variable_Level_1>Snow Depth</Variable_Level_1>
   </Parameters>
   <Parameters>
      <Category>EARTH SCIENCE</Category>
      <Topic>Terrestrial Hydrosphere</Topic>
      <Term>Snow/Ice</Term>
      <Variable_Level_1>Snow Depth</Variable_Level_1>
   </Parameters>
   <Parameters>
      <Category>EARTH SCIENCE</Category>
      <Topic>Cryosphere</Topic>
      <Term>Snow/Ice</Term>
      <Variable_Level_1>Snow Water Equivalent</Variable_Level_1>
   </Parameters>
   <Parameters>
      <Category>EARTH SCIENCE</Category>
      <Topic>Terrestrial Hydrosphere</Topic>
      <Term>Snow/Ice</Term>
      <Variable_Level_1>Snow Water Equivalent</Variable_Level_1>
   </Parameters>
   <ISO_Topic_Category>Climatology/Meteorology/Atmosphere</ISO_Topic_Category>
   <Sensor_Name>
      <Short_Name>SNOW MEASURING ROD</Short_Name>
   </Sensor_Name>
   <Sensor_Name>
      <Short_Name>WET/DRY PRECIPITATION SAMPLERS</Short_Name>
   </Sensor_Name>
   <Source_Name>
      <Short_Name>GROUND-BASED OBSERVATIONS</Short_Name>
   </Source_Name>
   <Temporal_Coverage>
      <Start_Date>1966-01-10</Start_Date>
      <Stop_Date>1996-12-31</Stop_Date>
   </Temporal_Coverage>
   <Data_Set_Progress>complete</Data_Set_Progress>
   <Spatial_Coverage>
      <Southernmost_Latitude>35</Southernmost_Latitude>
      <Northernmost_Latitude>80</Northernmost_Latitude>
      <Westernmost_Longitude>30</Westernmost_Longitude>
      <Easternmost_Longitude>180</Easternmost_Longitude>
   </Spatial_Coverage>
   <Location>
      <Location_Category>Continent</Location_Category>
      <Location_Type>Europe</Location_Type>
      <Location_Subregion1>Eastern Europe</Location_Subregion1>
      <Location_Subregion2>Russia</Location_Subregion2>
      <Location_Subregion3/>
      <Detailed_Location>Former Soviet Union</Detailed_Location>
   </Location>
   <Location>
      <Location_Category>Continent</Location_Category>
      <Location_Type>Asia</Location_Type>
      <Location_Subregion1/>
      <Location_Subregion2/>
      <Location_Subregion3/>
      <Detailed_Location/>
   </Location>
   <Location>
      <Location_Category>Geographic Region</Location_Category>
      <Location_Type>Polar</Location_Type>
      <Location_Subregion1/>
      <Location_Subregion2/>
      <Location_Subregion3/>
      <Detailed_Location/>
   </Location>
   <Quality>The Former Soviet Union Hydrological Snow Surveys underwent a quality control process at NSIDC. This process involved examination of values with regards to normal climatological values and various bounding values. The dataset was also examined for individual record consistency.</Quality>
   <Data_Set_Language>English</Data_Set_Language>
   <Data_Center>
      <Data_Center_Name>
         <Short_Name>NOAA</Short_Name>
         <Long_Name>National Oceanic and Atmospheric Administration</Long_Name>
      </Data_Center_Name>
      <Data_Center_URL>http://nsidc.org/noaa/</Data_Center_URL>
      <Personnel>
         <Role>Data Center Contact</Role>
         <First_Name>NOAA</First_Name>
         <Last_Name>User Services</Last_Name>
         <Email>nsidc@nsidc.org</Email>
         <Phone>1-303-492-6199</Phone>
         <Fax>1-303-492-2468</Fax>
         <Contact_Address>
            <Address>National Snow and Ice Data Center</Address>
            <Address>CIRES, 449 UCB</Address>
            <Address>University of Colorado</Address>
            <City>Boulder</City>
            <Province_or_State>CO</Province_or_State>
            <Postal_Code>80309-0449</Postal_Code>
            <Country>USA</Country>
         </Contact_Address>
      </Personnel>
   </Data_Center>
   <Distribution>
      <Distribution_Media>FTP</Distribution_Media>
   </Distribution>
   <Reference/>
   <Summary>
      <Abstract>The Former Soviet Union Hydrological Snow Surveys are based on observations made by personnel at 1,345 sites throughout the Former Soviet Union between 1966 and 1990, and over 200 of those sites between 1991 and 1996. These observations include snow depths at World Meteorological Organization (WMO) stations and snow depth and snow water equivalent measured over a nearby snow course transect. The station snow depth measurements are a ten-day average of individual snow depth measurements. The transect snow depth data are the spatial average of 100 to 200 individual measuring points. The transect snow water equivalent is the spatial average of 20 individual measuring points. Data were acquired from the Institute of Geography, Russian Academy of Sciences Moscow, and data were digitized in Russia under the supervision of Professor Alexander Krenke.

The development of this data set was funded by the NOAA Environmental  Services, Data, and Information Management (ESDIM) program through the NOAA/NESDIS National Geophysical Data Center (NGDC).</Abstract>
   </Summary>
   <Related_URL>
      <URL_Content_Type>
         <Type>VIEW RELATED INFORMATION</Type>
      </URL_Content_Type>
      <URL>http://nsidc.org/data/docs/noaa/g01170_fsu_snow/index.html</URL>
      <Description>Documentation</Description>
   </Related_URL>
   <Related_URL>
      <URL_Content_Type>
         <Type>GET DATA</Type>
      </URL_Content_Type>
      <URL>ftp://sidads.colorado.edu/pub/DATASETS/NOAA/G01170/</URL>
      <Description>FTP</Description>
   </Related_URL>
   <Related_URL>
      <URL_Content_Type>
         <Type>VIEW PROJECT HOME PAGE</Type>
      </URL_Content_Type>
      <URL>http://nsidc.org/data/swe</URL>
      <Description>Snow Water Equivalent Field Measurements</Description>
   </Related_URL>
   <IDN_Node>
      <Short_Name>USA/NOAA</Short_Name>
   </IDN_Node>
   <Metadata_Name>CEOS IDN DIF</Metadata_Name>
   <Metadata_Version>VERSION 9.9</Metadata_Version>
   <DIF_Creation_Date>1998-01-01</DIF_Creation_Date>
   <Last_DIF_Revision_Date>2013-11-19</Last_DIF_Revision_Date>
   <DIF_Revision_History> 2013-11-19, Deann Miller, Added DOI 
 1998-01-01, Transferred from mddb dataset_citation.release_date
 2003-10-16, acasey,  
 2004-05-03, yohe,  
 2005-07-01, wolfe, updated citation for correct style
 2006-03-14, lfrench, John added missing ISO topic to 57 NOAA data set records. Send to GCMD.
 2007-05-24, Jane Beitler, Added optional reg form.  QC not needed.  Do not send update to GCMD.
 2007-08-20, John Maurer, Changed easternmost longitude from -180 to +180 so that it would not be less than the westernmost longitude (+30). Send to GCMD. -maurerj
 2008-10-23, Deann Miller, Updated summary.
 2008-10-27, Deann Miller, Updated summary.
</DIF_Revision_History>
   <Extended_Metadata>
      <Metadata>
         <Group>NSIDC</Group>
         <Name>Version Summary</Name>
         <Value/>
      </Metadata>
      <Metadata>
         <Group>NSIDC</Group>
         <Name>Update Frequency</Name>
         <Value>updated 2004</Value>
      </Metadata>
      <Metadata>
         <Group>NSIDC</Group>
         <Name>Current Version</Name>
         <Value>1</Value>
      </Metadata>
   </Extended_Metadata>
</DIF>
