<?xml version="1.0" encoding="UTF-8"?>
<DIF xmlns:dif="http://gcmd.gsfc.nasa.gov/Aboutus/xml/dif/"
     xmlns:xsi="http://www.w3.org/2001/XMLSchema-instance"
     xsi:schemaLocation="http://gcmd.gsfc.nasa.gov/Aboutus/xml/dif/ http://gcmd.gsfc.nasa.gov/Aboutus/xml/dif/dif_v9.7.1.xsd">
   <Entry_ID>G01378</Entry_ID>
   <Entry_Title>Airborne Surface Profiling of Alaskan Glaciers</Entry_Title>
   <Data_Set_Citation>
      <Dataset_Creator>Echelmeyer, K. A., V. B. Valentine, and S. L. Zirnheld.</Dataset_Creator>
      <Dataset_Title>Airborne Surface Profiling of Alaskan Glaciers</Dataset_Title>
      <Dataset_Release_Date>2002-01-01</Dataset_Release_Date>
      <Dataset_Release_Place>Boulder, Colorado USA</Dataset_Release_Place>
      <Dataset_Publisher>NSIDC: National Snow and Ice Data Center</Dataset_Publisher>
      <Version>1</Version>
      <Dataset_DOI>doi:10.7265/N5RF5RZJ</Dataset_DOI>
      <Online_Resource>http://nsidc.org/data/G01378</Online_Resource>
      <Dataset_Series_Name>G01378</Dataset_Series_Name>
   </Data_Set_Citation>
   <Personnel>
      <Role>Investigator</Role>
      <First_Name>Keith</First_Name>
      <Middle_Name>A.</Middle_Name>
      <Last_Name>Echelmeyer</Last_Name>
      <Email>kechel@gi.alaska.edu</Email>
      <Contact_Address>
         <Address>Geophysical Institute</Address>
         <Address>University of Alaska Fairbanks</Address>
         <City>Fairbanks</City>
         <Province_or_State>AK</Province_or_State>
         <Postal_Code>99775</Postal_Code>
         <Country/>
      </Contact_Address>
   </Personnel>
   <Personnel>
      <Role>Investigator</Role>
      <First_Name>Virginia</First_Name>
      <Middle_Name>B</Middle_Name>
      <Last_Name>Valentine</Last_Name>
      <Email>by@gi.alaska.edu</Email>
      <Contact_Address>
         <Address>Geophysical Institute</Address>
         <Address>University of Alaska Fairbanks</Address>
         <City>Fairbanks</City>
         <Province_or_State>AK</Province_or_State>
         <Postal_Code>99775</Postal_Code>
         <Country/>
      </Contact_Address>
   </Personnel>
   <Personnel>
      <Role>Investigator</Role>
      <First_Name>Sandra</First_Name>
      <Middle_Name>L.</Middle_Name>
      <Last_Name>Zirnheld</Last_Name>
      <Email>slz@gi.alaska.edu</Email>
      <Phone>1-907-474-7455</Phone>
      <Fax>1-907-474-7290</Fax>
      <Contact_Address>
         <Address>Geophysical Institute</Address>
         <Address>University of Alaska, Fairbanks</Address>
         <City>Fairbanks</City>
         <Province_or_State>AK</Province_or_State>
         <Postal_Code>99775</Postal_Code>
         <Country/>
      </Contact_Address>
   </Personnel>
   <Personnel>
      <Role>Technical Contact</Role>
      <First_Name>NSIDC</First_Name>
      <Last_Name>User Services</Last_Name>
      <Email>nsidc@nsidc.org</Email>
      <Phone>1-303-492-6199</Phone>
      <Fax>1-303-492-2468</Fax>
      <Contact_Address>
         <Address>CIRES, 449 UCB</Address>
         <Address>University of Colorado</Address>
         <City>Boulder</City>
         <Province_or_State>CO</Province_or_State>
         <Postal_Code>80309-0449</Postal_Code>
         <Country>USA</Country>
      </Contact_Address>
   </Personnel>
   <Parameters>
      <Category>EARTH SCIENCE</Category>
      <Topic>Cryosphere</Topic>
      <Term>Glaciers/Ice Sheets</Term>
      <Variable_Level_1>Glacier Elevation/Ice Sheet Elevation</Variable_Level_1>
   </Parameters>
   <Parameters>
      <Category>EARTH SCIENCE</Category>
      <Topic>Cryosphere</Topic>
      <Term>Glaciers/Ice Sheets</Term>
      <Variable_Level_1>Glaciers</Variable_Level_1>
   </Parameters>
   <Parameters>
      <Category>EARTH SCIENCE</Category>
      <Topic>Terrestrial Hydrosphere</Topic>
      <Term>Glaciers/Ice Sheets</Term>
      <Variable_Level_1>Glaciers</Variable_Level_1>
   </Parameters>
   <Parameters>
      <Category>EARTH SCIENCE</Category>
      <Topic>Terrestrial Hydrosphere</Topic>
      <Term>Glaciers/Ice Sheets</Term>
      <Variable_Level_1>Ice Sheets</Variable_Level_1>
   </Parameters>
   <ISO_Topic_Category>Climatology/Meteorology/Atmosphere</ISO_Topic_Category>
   <ISO_Topic_Category>Elevation</ISO_Topic_Category>
   <ISO_Topic_Category>Geoscientific Information</ISO_Topic_Category>
   <Keyword>airborne surface profiling</Keyword>
   <Keyword>Alaska</Keyword>
   <Keyword>Baird glacier</Keyword>
   <Keyword>Bear Lake glacier</Keyword>
   <Keyword>Chugach Mountains</Keyword>
   <Keyword>Coast Mountains</Keyword>
   <Keyword>Columbia glacier</Keyword>
   <Keyword>elevation change</Keyword>
   <Keyword>Glacier</Keyword>
   <Keyword>glacier outline</Keyword>
   <Keyword>glacier profile</Keyword>
   <Keyword>laser altimetry</Keyword>
   <Keyword>LeConte glacier</Keyword>
   <Keyword>Lemon Creek glacier</Keyword>
   <Keyword>Mendenhall glacier</Keyword>
   <Keyword>Surface Elevation</Keyword>
   <Keyword>Tazlina glacier</Keyword>
   <Keyword>Wolverine glacier</Keyword>
   <Keyword>Worthington glacier</Keyword>
   <Sensor_Name>
      <Short_Name>ALTIMETERS</Short_Name>
   </Sensor_Name>
   <Sensor_Name>
      <Short_Name>GPS</Short_Name>
      <Long_Name>Global Positioning System</Long_Name>
   </Sensor_Name>
   <Source_Name>
      <Short_Name>AIRCRAFT</Short_Name>
   </Source_Name>
   <Temporal_Coverage>
      <Start_Date>1994-05-01</Start_Date>
      <Stop_Date>1996-06-30</Stop_Date>
   </Temporal_Coverage>
   <Spatial_Coverage>
      <Southernmost_Latitude>57</Southernmost_Latitude>
      <Northernmost_Latitude>61.5</Northernmost_Latitude>
      <Westernmost_Longitude>-149.25</Westernmost_Longitude>
      <Easternmost_Longitude>-132.33</Easternmost_Longitude>
   </Spatial_Coverage>
   <Location>
      <Location_Category>Continent</Location_Category>
      <Location_Type>North America</Location_Type>
      <Location_Subregion1>United States Of America</Location_Subregion1>
      <Location_Subregion2/>
      <Location_Subregion3/>
      <Detailed_Location>Alaska</Detailed_Location>
   </Location>
   <Location>
      <Location_Category>Continent</Location_Category>
      <Location_Type>North America</Location_Type>
      <Location_Subregion1/>
      <Location_Subregion2/>
      <Location_Subregion3/>
      <Detailed_Location/>
   </Location>
   <Data_Set_Language>English</Data_Set_Language>
   <Data_Center>
      <Data_Center_Name>
         <Short_Name>NOAA</Short_Name>
         <Long_Name>National Oceanic and Atmospheric Administration</Long_Name>
      </Data_Center_Name>
      <Data_Center_URL>http://nsidc.org/noaa/</Data_Center_URL>
      <Personnel>
         <Role>Data Center Contact</Role>
         <First_Name>NOAA</First_Name>
         <Last_Name>User Services</Last_Name>
         <Email>nsidc@nsidc.org</Email>
         <Phone>1-303-492-6199</Phone>
         <Fax>1-303-492-2468</Fax>
         <Contact_Address>
            <Address>National Snow and Ice Data Center</Address>
            <Address>CIRES, 449 UCB</Address>
            <Address>University of Colorado</Address>
            <City>Boulder</City>
            <Province_or_State>CO</Province_or_State>
            <Postal_Code>80309-0449</Postal_Code>
            <Country>USA</Country>
         </Contact_Address>
      </Personnel>
   </Data_Center>
   <Distribution>
      <Distribution_Media>FTP</Distribution_Media>
   </Distribution>
   <Reference>Echelmeyer, K.A., W.D. Harrison, C.F. Larsen, J. Sapiano, J.E. Mitchell, J. DeMallie, B. Rabus, G. Adalgeirsdottir, and L. Sombardier. 1996. Airborne Surface Profiling of Glaciers: a Case-Study in Alaska. J. Glaciol., 42, 142:538-546.

Sapiano, J.J., W.D. Harrison, and K.A. Echelmeyer. 1998. Elevation, Volume and Terminus Changes of Nine Glaciers in North America. J. Glaciol., 44, 146:119-135.

Arendt, A.A., K.A. Echelmeyer, W.D. Harrison, C.S. Lingle, and V.B. Valentine.  2002.  Rapid Wastage of Alaska Glaciers and Their Contribution to Rising Sea Level. Science, 297:382-386.
</Reference>
   <Summary>
      <Abstract>This data set consists of glacier outline, laser altimetry profile, and surface elevation change data for 46 glaciers in Alaska and British Columbia, Canada, measured with an airborne laser altimetry system. Six glaciers in the Alaska Range of central Alaska, two glaciers in the Wrangell Mountains of southcentral Alaska, 11 glaciers in the Chugach Mountains of southcentral Alaska, five glaciers in the Chigmit Mountains of southcentral Alaska, 13 glaciers in the Kenai Mountains of southcentral Alaska (comprising the Harding Icefield), one glacier in the St. Elias Mountains of southeast Alaska, one glacier in the Takhinsha Mountains of southeast Alaska, and seven glaciers in the Coast Mountains of southeast Alaska and British Columbia were profiled between 1994 and 2001. Surface elevation profiles are accurate to about 0.3 m. Long-term elevation changes can be estimated by comparison of these profiles with existing maps.</Abstract>
   </Summary>
   <Related_URL>
      <URL_Content_Type>
         <Type>VIEW RELATED INFORMATION</Type>
      </URL_Content_Type>
      <URL>http://nsidc.org/data/docs/noaa/g01378_alcanglaciers/index.html</URL>
      <Description>Documentation</Description>
   </Related_URL>
   <Related_URL>
      <URL_Content_Type>
         <Type>GET DATA</Type>
      </URL_Content_Type>
      <URL>ftp://sidads.colorado.edu/DATASETS/NOAA/G01378</URL>
      <Description>FTP</Description>
   </Related_URL>
   <IDN_Node>
      <Short_Name>USA/NOAA</Short_Name>
   </IDN_Node>
   <Metadata_Name>CEOS IDN DIF</Metadata_Name>
   <Metadata_Version>VERSION 9.9</Metadata_Version>
   <DIF_Creation_Date>2002-01-01</DIF_Creation_Date>
   <Last_DIF_Revision_Date>2013-03-07</Last_DIF_Revision_Date>
   <DIF_Revision_History> 2013-01-18, Ann Windnagel, Fixing citation.
 2013-03-07, Amy Randall,  Added DOI
 2002-01-01, yohe,  
 2005-07-01, wolfe, updated citation for correct style
 2006-03-14, lfrench, John added missing ISO topic to 57 NOAA data set records. Send to GCMD.
 2007-05-24, Jane Beitler, Added optional reg form.  QC not needed.  Do not send update to GCMD.
</DIF_Revision_History>
   <Extended_Metadata>
      <Metadata>
         <Group>NSIDC</Group>
         <Name>Version Summary</Name>
         <Value/>
      </Metadata>
      <Metadata>
         <Group>NSIDC</Group>
         <Name>Update Frequency</Name>
         <Value>updated 2004</Value>
      </Metadata>
      <Metadata>
         <Group>NSIDC</Group>
         <Name>Current Version</Name>
         <Value>1</Value>
      </Metadata>
   </Extended_Metadata>
</DIF>
