<?xml version="1.0" encoding="UTF-8"?>
<DIF xmlns:dif="http://gcmd.gsfc.nasa.gov/Aboutus/xml/dif/"
     xmlns:xsi="http://www.w3.org/2001/XMLSchema-instance"
     xsi:schemaLocation="http://gcmd.gsfc.nasa.gov/Aboutus/xml/dif/ http://gcmd.gsfc.nasa.gov/Aboutus/xml/dif/dif_v9.7.1.xsd">
   <Entry_ID>G02189</Entry_ID>
   <Entry_Title>Soil Temperature Station Data from Permafrost Regions of Russia (Selection of Five Stations), 1880s - 2000</Entry_Title>
   <Data_Set_Citation>
      <Dataset_Creator>Zhang, T. Z. and O. W. Frauenfeld.</Dataset_Creator>
      <Dataset_Title>Soil Temperature Station Data from Permafrost Regions of Russia (Selection of Five Stations), 1880s - 2000</Dataset_Title>
      <Dataset_Release_Date>2011-02-17</Dataset_Release_Date>
      <Dataset_Release_Place>Boulder, Colorado USA</Dataset_Release_Place>
      <Dataset_Publisher>NSIDC: National Snow and Ice Data Center</Dataset_Publisher>
      <Version>1</Version>
      <Dataset_DOI>doi:10.7265/N5C24TC5</Dataset_DOI>
      <Online_Resource>http://nsidc.org/data/G02189</Online_Resource>
      <Dataset_Series_Name>G02189</Dataset_Series_Name>
   </Data_Set_Citation>
   <Personnel>
      <Role>Investigator</Role>
      <First_Name>Tingjun</First_Name>
      <Middle_Name>Z</Middle_Name>
      <Last_Name>Zhang</Last_Name>
      <Email>nsidc@nsidc.org</Email>
      <Phone>1-303-492-6199</Phone>
      <Fax>1-303-492-2359</Fax>
      <Contact_Address>
         <Address>UCB449</Address>
         <City>Boulder</City>
         <Province_or_State>Colorado</Province_or_State>
         <Postal_Code>80309-0449</Postal_Code>
         <Country>USA</Country>
      </Contact_Address>
   </Personnel>
   <Personnel>
      <Role>Investigator</Role>
      <First_Name>Oliver</First_Name>
      <Middle_Name>W.</Middle_Name>
      <Last_Name>Frauenfeld</Last_Name>
      <Contact_Address>
         <Address>UCB 449</Address>
         <City>Boulder</City>
         <Province_or_State>CO</Province_or_State>
         <Postal_Code>80309-0449</Postal_Code>
         <Country>USA</Country>
      </Contact_Address>
   </Personnel>
   <Personnel>
      <Role>Technical Contact</Role>
      <First_Name>NSIDC</First_Name>
      <Last_Name>User Services</Last_Name>
      <Email>nsidc@nsidc.org</Email>
      <Phone>1-303-492-6199</Phone>
      <Fax>1-303-492-2468</Fax>
      <Contact_Address>
         <Address>CIRES, 449 UCB</Address>
         <Address>University of Colorado</Address>
         <City>Boulder</City>
         <Province_or_State>CO</Province_or_State>
         <Postal_Code>80309-0449</Postal_Code>
         <Country>USA</Country>
      </Contact_Address>
   </Personnel>
   <Parameters>
      <Category>EARTH SCIENCE</Category>
      <Topic>Land Surface</Topic>
      <Term>Land Temperature</Term>
      <Variable_Level_1>Land Surface Temperature</Variable_Level_1>
   </Parameters>
   <Parameters>
      <Category>EARTH SCIENCE</Category>
      <Topic>Cryosphere</Topic>
      <Term>Frozen Ground</Term>
      <Variable_Level_1>Permafrost</Variable_Level_1>
   </Parameters>
   <Parameters>
      <Category>EARTH SCIENCE</Category>
      <Topic>Land Surface</Topic>
      <Term>Frozen Ground</Term>
      <Variable_Level_1>Permafrost</Variable_Level_1>
   </Parameters>
   <Parameters>
      <Category>EARTH SCIENCE</Category>
      <Topic>Cryosphere</Topic>
      <Term>Frozen Ground</Term>
      <Variable_Level_1>Soil Temperature</Variable_Level_1>
   </Parameters>
   <Parameters>
      <Category>EARTH SCIENCE</Category>
      <Topic>Land Surface</Topic>
      <Term>Frozen Ground</Term>
      <Variable_Level_1>Soil Temperature</Variable_Level_1>
   </Parameters>
   <ISO_Topic_Category>Climatology/Meteorology/Atmosphere</ISO_Topic_Category>
   <Keyword>Boreholes</Keyword>
   <Keyword>Borehole Temperatures</Keyword>
   <Keyword>International Permafrost Association</Keyword>
   <Keyword>Land Surface Temperature</Keyword>
   <Keyword>Permafrost</Keyword>
   <Keyword>Permafrost borehole temperatures</Keyword>
   <Keyword>Permafrost  temperature</Keyword>
   <Keyword>Soil Temperature</Keyword>
   <Temporal_Coverage>
      <Start_Date>1880-01-01</Start_Date>
      <Stop_Date>2000-12-31</Stop_Date>
   </Temporal_Coverage>
   <Data_Set_Progress>complete</Data_Set_Progress>
   <Spatial_Coverage>
      <Southernmost_Latitude>60.8</Southernmost_Latitude>
      <Northernmost_Latitude>67.6</Northernmost_Latitude>
      <Westernmost_Longitude>125.3</Westernmost_Longitude>
      <Easternmost_Longitude>133.4</Easternmost_Longitude>
   </Spatial_Coverage>
   <Location>
      <Location_Category>Continent</Location_Category>
      <Location_Type>Europe</Location_Type>
      <Location_Subregion1>Eastern Europe</Location_Subregion1>
      <Location_Subregion2>Russia</Location_Subregion2>
      <Location_Subregion3/>
      <Detailed_Location/>
   </Location>
   <Data_Set_Language>English</Data_Set_Language>
   <Data_Center>
      <Data_Center_Name>
         <Short_Name>NOAA</Short_Name>
         <Long_Name>National Oceanic and Atmospheric Administration</Long_Name>
      </Data_Center_Name>
      <Data_Center_URL>http://nsidc.org/noaa/</Data_Center_URL>
      <Personnel>
         <Role>Data Center Contact</Role>
         <First_Name>NOAA</First_Name>
         <Last_Name>User Services</Last_Name>
         <Email>nsidc@nsidc.org</Email>
         <Phone>1-303-492-6199</Phone>
         <Fax>1-303-492-2468</Fax>
         <Contact_Address>
            <Address>National Snow and Ice Data Center</Address>
            <Address>CIRES, 449 UCB</Address>
            <Address>University of Colorado</Address>
            <City>Boulder</City>
            <Province_or_State>CO</Province_or_State>
            <Postal_Code>80309-0449</Postal_Code>
            <Country>USA</Country>
         </Contact_Address>
      </Personnel>
   </Data_Center>
   <Distribution>
      <Distribution_Media>FTP</Distribution_Media>
      <Distribution_Size>660 KB</Distribution_Size>
      <Distribution_Format>Microsoft Excel</Distribution_Format>
   </Distribution>
   <Reference>Chudinova, S. M., O. W. Frauenfeld, R. G. Barry, T. Zhang, and V. A. Sorokovikov. 2006. Relationship Between Air and Soil Temperature Trends and Periodicities in the Permafrost Regions of Russia. Journal of Geophysical Research 111, F02008. doi:10.1029/2005JF000342.

Frauenfeld, O. W., T. Zhang, R. G. Barry, and D. Gilichinsky. 2004. Interdecadal Changes in Seasonal Freeze and Thaw Depths in Russia. Journal of Geophysical Research 109, D05101. doi:10.1029/2003JD004245.

Gilichinsky, D. A., S .S. Bykhovets, V. A. Sorokovikov, D. G. Fedorov-Davydov, R. G. Barry, T. Zhang, M. K. Gavrilova, O .I. Alexeeva. 2000. Use of the Data of Hydrometeorological Survey for Century History of Soil Temperature Trends in the Seasonally Frozen and Permafrost Areas of Russia, Kriosfera Zemli. The Earth Cryosphere 4(3): 59-66.

Gilichinsky, D. A., R. G. Barry, S. S. Bykhovets, V. A. Sorokovikov, T. Zhang, S. L. Zudin, and D. G. Fedorov-Davydov. 1998. A Century of Temperature Observations of Soil Climate: Methods of Analysis and Long-term Trends. Proceedings of the 7th International Conference on Permafrost, Yellowknife, Canada, June 22-27, 1998, p. 313-317.

Zhang, T., O. W. Frauenfeld, M. C. Serreze, A. Etringer, C. Oelke, J. McCreight, R. G. Barry, D. Gilichinsky, D. Yang, H. Ye, F. Ling, and S. Chudinova. 2005. Spatial and Temporal Variability of Active Layer Thickness over the Russian Arctic Drainage Basin. Journal of Geophysical Research 110, D16101. doi:10.1029/2004JD005642. 

Zhang, T., Roger G. Barry, D. Gilichinsky, S. S. Bykhovets, V. A. Sorokovikov, and Jingping Ye. 2001. An Amplified Signal of Climatic Change in Soil Temperatures During the Last Century at Irkutsk, Russia. Climatic Change 49(1-2): 41-76.</Reference>
   <Summary>
      <Abstract>This data set includes soil temperature data from boreholes located at five stations in Russia: Yakutsk, Verkhoyansk, Pokrovsk, Isit', and Churapcha. The data have been compiled into five Microsoft Excel files, one for each station. Each Excel file contains three worksheets: 
&lt;ul&gt;
&lt;li&gt;&lt;strong&gt;&lt;em&gt;G02189info&lt;/em&gt;&lt;/strong&gt; worksheet: Contains the same content in each Excel file - lat/lon info and notes on the stations&lt;/li&gt;
&lt;li&gt;&lt;strong&gt;&lt;em&gt;Jan soil &amp; surface temp&lt;/em&gt;&lt;/strong&gt; worksheet: Contains winter (January) soil temperature and air temperature (except for the Churapcha Excel file that only contains soil temperature - air temperature was not available)&lt;/li&gt;
&lt;li&gt;&lt;strong&gt;&lt;em&gt;Jul soil &amp; surface temp&lt;/em&gt;&lt;/strong&gt; worksheet: Contains summer (July) soil temperature and air temperature (except for the Churapcha Excel file)&lt;/li&gt;
&lt;/ul&gt;

There are two different versions of the Excel files: a complete version and a subsetted version. Both versions exist for each of the five stations for a total of 10 files. The complete versions of the files reside in the directory called &lt;em&gt;complete&lt;/em&gt; and have the word &lt;em&gt;full&lt;/em&gt; in their filename. These files contain borehole temperature data at all available standard depths: 0.2 m, 0.4 m, 0.6 m, 0.8 m, 1.2 m, 1.6 m, 2.0 m, 2.4 m, and 3.2 m. The subsetted versions of the files reside in the &lt;em&gt;subset&lt;/em&gt; directory and have &lt;em&gt;subset&lt;/em&gt; in their filename. These files contain data from the 0.8 m and 3.2 m depths only. Missing data are indicated by the value &lt;em&gt;-999.0&lt;/em&gt;. The complete version is more applicable to scientific investigation. The subset version is provided for K-12 teachers and is featured in a classroom activity called &lt;a href="http://nsidc.org/frozenground/classroom/permanent_permafrost.html"&gt;"How Permanent is Permafrost?"&lt;/a&gt;

We have included air temperature measured at these five stations when it is available. There are two sources for the surface air temperature data: &lt;a href="http://dss.ucar.edu/datasets/ds570.0/"&gt;NCAR World Monthly Surface Station Climatology, 1738-cont&lt;/a&gt; and &lt;a href="http://www.ncdc.noaa.gov/ghcnm/"&gt;NOAA Global Historical Climatology Network (GHCN) Monthly&lt;/a&gt; data set. These two sources both draw on the same single original source: data from the &lt;a href="http://www.wmo.int/pages/index_en.html"&gt;World Meteorological Organization&lt;/a&gt; (WMO) station network. The complete files have data from one or both sources, while the subset files only include data from the source with the most complete record. 

These data are being offered as is. NOAA@NSIDC believes these data to be of value but is unable to research and document these data as we do most data sets we publish.</Abstract>
   </Summary>
   <Related_URL>
      <URL_Content_Type>
         <Type>GET DATA</Type>
      </URL_Content_Type>
      <URL>ftp://sidads.colorado.edu/pub/DATASETS/NOAA/G02189/</URL>
      <Description>FTP</Description>
   </Related_URL>
   <Related_URL>
      <URL_Content_Type>
         <Type>VIEW PROJECT HOME PAGE</Type>
      </URL_Content_Type>
      <URL>http://dss.ucar.edu/datasets/ds570.0/</URL>
      <Description>NCAR World Monthly Surface Station Climatology, 1738-cont</Description>
   </Related_URL>
   <Related_URL>
      <URL_Content_Type>
         <Type>VIEW PROJECT HOME PAGE</Type>
      </URL_Content_Type>
      <URL>http://www.ncdc.noaa.gov/ghcnm/</URL>
      <Description>NOAA Global Historical Climatology Network (GHCN) Monthly</Description>
   </Related_URL>
   <Related_URL>
      <URL_Content_Type>
         <Type>VIEW PROJECT HOME PAGE</Type>
      </URL_Content_Type>
      <URL>http://www.wmo.int/pages/index_en.html</URL>
      <Description>World Meteorological Organization</Description>
   </Related_URL>
   <Related_URL>
      <URL_Content_Type>
         <Type>VIEW PROJECT HOME PAGE</Type>
      </URL_Content_Type>
      <URL>http://nsidc.org/frozenground/classroom/permanent_permafrost.html</URL>
      <Description>How Permanent is Permafrost?</Description>
   </Related_URL>
   <Metadata_Name>CEOS IDN DIF</Metadata_Name>
   <Metadata_Version>VERSION 9.9</Metadata_Version>
   <DIF_Creation_Date>2011-02-17</DIF_Creation_Date>
   <Last_DIF_Revision_Date>2013-03-12</Last_DIF_Revision_Date>
   <DIF_Revision_History> 2013-01-18, Ann Windnagel, Fixing citation.
 2011-02-21, Transferred from mddb dataset_citation.release_date
 2011-02-17, Deann Miller, This is a low level of service data set. So, the metadata is slightly skinnier than for regular data sets.
 2011-02-23, Deann Miller, Publishing disclaimered so the cat page is current with the data update.
 2011-02-23, Deann Miller, Metadata for this new data set has been validated. Publishing to bipolar.
 2011-02-23, Deann Miller, Minor change. Added boiler plate citation example to summary.
 2011-02-23, Deann Miller, Moved the boiler plate citation example from the summary to the citation field on the DIFs plus page.
 2011-02-23, Deann Miller, Added &lt;p&gt; tags around text in citation field on DIFs plus page.
 2011-03-01, Deann Miller, Made a minor change to the summary.
 2013-03-12, Amy Randall,  Added DOI to metadata record
</DIF_Revision_History>
   <Extended_Metadata>
      <Metadata>
         <Group>NSIDC</Group>
         <Name>Version Summary</Name>
         <Value/>
      </Metadata>
      <Metadata>
         <Group>NSIDC</Group>
         <Name>Current Version</Name>
         <Value>1</Value>
      </Metadata>
   </Extended_Metadata>
</DIF>
