<?xml version="1.0" encoding="UTF-8"?>
<DIF xmlns:dif="http://gcmd.gsfc.nasa.gov/Aboutus/xml/dif/"
     xmlns:xsi="http://www.w3.org/2001/XMLSchema-instance"
     xsi:schemaLocation="http://gcmd.gsfc.nasa.gov/Aboutus/xml/dif/ http://gcmd.gsfc.nasa.gov/Aboutus/xml/dif/dif_v9.7.1.xsd">
   <Entry_ID>G10006</Entry_ID>
   <Entry_Title>Unified Sea Ice Thickness Climate Data Record Collection Spanning 1947-2012</Entry_Title>
   <Data_Set_Citation>
      <Dataset_Creator>Lindsay, R.</Dataset_Creator>
      <Dataset_Title>Unified Sea Ice Thickness Climate Data Record Collection Spanning 1947-2012</Dataset_Title>
      <Dataset_Release_Date>2013-11-13</Dataset_Release_Date>
      <Dataset_Release_Place>Boulder, Colorado USA</Dataset_Release_Place>
      <Dataset_Publisher>NSIDC: National Snow and Ice Data Center</Dataset_Publisher>
      <Version>1</Version>
      <Dataset_DOI>doi:10.7265/N5D50JXV</Dataset_DOI>
      <Online_Resource>http://nsidc.org/data/G10006</Online_Resource>
      <Dataset_Series_Name>G10006</Dataset_Series_Name>
   </Data_Set_Citation>
   <Personnel>
      <Role>Technical Contact</Role>
      <First_Name>NSIDC</First_Name>
      <Last_Name>User Services</Last_Name>
      <Email>nsidc@nsidc.org</Email>
      <Phone>1-303-492-6199</Phone>
      <Fax>1-303-492-2468</Fax>
      <Contact_Address>
         <Address>CIRES, 449 UCB</Address>
         <Address>University of Colorado</Address>
         <City>Boulder</City>
         <Province_or_State>CO</Province_or_State>
         <Postal_Code>80309-0449</Postal_Code>
         <Country>USA</Country>
      </Contact_Address>
   </Personnel>
   <Personnel>
      <Role>Investigator</Role>
      <First_Name>Ron</First_Name>
      <Last_Name>Lindsay</Last_Name>
      <Email>lindsay@apl.washington.edu</Email>
      <Contact_Address>
         <Country/>
      </Contact_Address>
   </Personnel>
   <Parameters>
      <Category>EARTH SCIENCE</Category>
      <Topic>Cryosphere</Topic>
      <Term>Sea Ice</Term>
      <Variable_Level_1>Ice Depth/Thickness</Variable_Level_1>
   </Parameters>
   <Parameters>
      <Category>EARTH SCIENCE</Category>
      <Topic>Oceans</Topic>
      <Term>Sea Ice</Term>
      <Variable_Level_1>Ice Depth/Thickness</Variable_Level_1>
   </Parameters>
   <Parameters>
      <Category>EARTH SCIENCE</Category>
      <Topic>Cryosphere</Topic>
      <Term>Sea Ice</Term>
      <Detailed_Variable>Ice Draft</Detailed_Variable>
   </Parameters>
   <ISO_Topic_Category>Climatology/Meteorology/Atmosphere</ISO_Topic_Category>
   <Sensor_Name>
      <Short_Name>AEM</Short_Name>
      <Long_Name>Airborne Electromagnetic Profiler</Long_Name>
   </Sensor_Name>
   <Sensor_Name>
      <Short_Name>GLAS</Short_Name>
      <Long_Name>Geoscience Laser Altimeter System</Long_Name>
   </Sensor_Name>
   <Sensor_Name>
      <Short_Name>LASERS</Short_Name>
      <Long_Name>Light Amplification by Stimulated Emission of Radiation</Long_Name>
   </Sensor_Name>
   <Sensor_Name>
      <Short_Name>UPWARD LOOKING SONAR</Short_Name>
   </Sensor_Name>
   <Source_Name>
      <Short_Name>AIRCRAFT</Short_Name>
   </Source_Name>
   <Source_Name>
      <Short_Name>ICESAT</Short_Name>
      <Long_Name>Ice, Cloud and Land Elevation Satellite</Long_Name>
   </Source_Name>
   <Source_Name>
      <Short_Name>MOORINGS</Short_Name>
   </Source_Name>
   <Temporal_Coverage>
      <Start_Date>1947-09-22</Start_Date>
      <Stop_Date>2012-08-21</Stop_Date>
   </Temporal_Coverage>
   <Data_Set_Progress>complete</Data_Set_Progress>
   <Spatial_Coverage>
      <Southernmost_Latitude>60</Southernmost_Latitude>
      <Northernmost_Latitude>90</Northernmost_Latitude>
      <Westernmost_Longitude>-180</Westernmost_Longitude>
      <Easternmost_Longitude>180</Easternmost_Longitude>
   </Spatial_Coverage>
   <Location>
      <Location_Category>Ocean</Location_Category>
      <Location_Type>Arctic Ocean</Location_Type>
      <Location_Subregion1/>
      <Location_Subregion2/>
      <Location_Subregion3/>
   </Location>
   <Location>
      <Location_Category>Ocean</Location_Category>
      <Location_Type>Arctic Ocean</Location_Type>
      <Location_Subregion1>Beaufort Sea</Location_Subregion1>
      <Location_Subregion2/>
      <Location_Subregion3/>
   </Location>
   <Location>
      <Location_Category>Ocean</Location_Category>
      <Location_Type>Arctic Ocean</Location_Type>
      <Location_Subregion1>Chukchi Sea</Location_Subregion1>
      <Location_Subregion2/>
      <Location_Subregion3/>
   </Location>
   <Data_Set_Language>English</Data_Set_Language>
   <Data_Center>
      <Data_Center_Name>
         <Short_Name>NOAA</Short_Name>
         <Long_Name>National Oceanic and Atmospheric Administration</Long_Name>
      </Data_Center_Name>
      <Data_Center_URL>http://nsidc.org/noaa/</Data_Center_URL>
      <Personnel>
         <Role>Data Center Contact</Role>
         <First_Name>NOAA</First_Name>
         <Last_Name>User Services</Last_Name>
         <Email>nsidc@nsidc.org</Email>
         <Phone>1-303-492-6199</Phone>
         <Fax>1-303-492-2468</Fax>
         <Contact_Address>
            <Address>National Snow and Ice Data Center</Address>
            <Address>CIRES, 449 UCB</Address>
            <Address>University of Colorado</Address>
            <City>Boulder</City>
            <Province_or_State>CO</Province_or_State>
            <Postal_Code>80309-0449</Postal_Code>
            <Country>USA</Country>
         </Contact_Address>
      </Personnel>
   </Data_Center>
   <Distribution>
      <Distribution_Media>FTP</Distribution_Media>
      <Distribution_Size>40 MB</Distribution_Size>
      <Distribution_Format>ASCII Text (.txt)</Distribution_Format>
   </Distribution>
   <Reference/>
   <Summary>
      <Abstract>The Unified Sea Ice Thickness Climate Data Record is the result of a concerted effort to collect as many observations as possible of Arctic sea-ice draft, freeboard, and thickness and to format them consistently with clear documentation, allowing the scientific community to better utilize what is now a considerable body of observations. The Unified Sea Ice Thickness Climate Data Record includes data from moored and submarine-based upward looking sonar (ULS) instruments, airborne electromagnetic (EM) induction instruments, satellite laser altimeters (ICESat), and airborne laser altimeters (IceBridge). These instruments offer adequate sampling, starting in 1975, to establish the mean Arctic sea-ice thickness and the sea-ice thickness distribution at scales generally appropriate for change detection and climate model validation. The Unified Sea Ice Thickness Climate Data Record consists of 15 different data sets. Each data set consists of a Summary file and a Distribution file. The Unified Sea Ice Thickness Climate Data Record does not currently contain Antarctic sea-ice data but is open to accepting such data.</Abstract>
   </Summary>
   <Related_URL>
      <URL_Content_Type>
         <Type>VIEW RELATED INFORMATION</Type>
      </URL_Content_Type>
      <URL>http://nsidc.org/data/docs/noaa/g10006-unified-sea-ice/</URL>
      <Description>Documentation</Description>
   </Related_URL>
   <Related_URL>
      <URL_Content_Type>
         <Type>GET DATA</Type>
      </URL_Content_Type>
      <URL>ftp://sidads.colorado.edu/pub/DATASETS/NOAA/G10006/</URL>
      <Description>FTP</Description>
   </Related_URL>
   <Metadata_Name>CEOS IDN DIF</Metadata_Name>
   <Metadata_Version>VERSION 9.9</Metadata_Version>
   <DIF_Creation_Date>2013-11-13</DIF_Creation_Date>
   <Last_DIF_Revision_Date>2013-11-21</Last_DIF_Revision_Date>
   <DIF_Revision_History> 2013-11-13, Deann Miller, New data set. 
 2013-11-13, Deann Miller, New data set. 
 2013-11-21, Ann Windnagel,  Small change to title. No QC needed.
</DIF_Revision_History>
   <Extended_Metadata>
      <Metadata>
         <Group>NSIDC</Group>
         <Name>Version Summary</Name>
         <Value/>
      </Metadata>
      <Metadata>
         <Group>NSIDC</Group>
         <Name>Current Version</Name>
         <Value>1</Value>
      </Metadata>
   </Extended_Metadata>
</DIF>
