<?xml version="1.0" encoding="UTF-8"?>
<DIF xmlns:dif="http://gcmd.gsfc.nasa.gov/Aboutus/xml/dif/"
     xmlns:xsi="http://www.w3.org/2001/XMLSchema-instance"
     xsi:schemaLocation="http://gcmd.gsfc.nasa.gov/Aboutus/xml/dif/ http://gcmd.gsfc.nasa.gov/Aboutus/xml/dif/dif_v9.7.1.xsd">
   <Entry_ID>GGD227</Entry_ID>
   <Entry_Title>Soil Temperatures from the Radiobrightness Energy Balance Experiment (REBEX-1), South Dakota, USA</Entry_Title>
   <Data_Set_Citation>
      <Dataset_Creator>John A. Galantowicz and A.W. England</Dataset_Creator>
      <Dataset_Title>Soil Temperatures from the Radiobrightness Energy Balance Experiment (REBEX-1), South Dakota, USA</Dataset_Title>
      <Dataset_Release_Date>2004-10-11</Dataset_Release_Date>
      <Dataset_Release_Place>Boulder, Colorado USA</Dataset_Release_Place>
      <Dataset_Publisher>NSIDC: National Snow and Ice Data Center</Dataset_Publisher>
      <Version>1</Version>
      <Online_Resource>http://nsidc.org/data/GGD227</Online_Resource>
      <Dataset_Series_Name>GGD227</Dataset_Series_Name>
   </Data_Set_Citation>
   <Personnel>
      <Role>Investigator</Role>
      <First_Name>John F.</First_Name>
      <Last_Name>Galantowicz</Last_Name>
      <Phone>1-313-936-1340</Phone>
      <Fax>1-313-747-2106</Fax>
      <Contact_Address>
         <City>Ann Arbor</City>
         <Province_or_State>MI</Province_or_State>
         <Postal_Code>48109-2122</Postal_Code>
         <Country>USA</Country>
      </Contact_Address>
   </Personnel>
   <Personnel>
      <Role>Investigator</Role>
      <First_Name>A.W.</First_Name>
      <Last_Name>England</Last_Name>
      <Email>england@eecs.umich.edu</Email>
      <Phone>1-313-936-1340</Phone>
      <Fax>1-313-747-2106</Fax>
      <Contact_Address>
         <City>Ann Arbor</City>
         <Province_or_State>MI</Province_or_State>
         <Postal_Code>48109-2122</Postal_Code>
         <Country>USA</Country>
      </Contact_Address>
   </Personnel>
   <Parameters>
      <Category>EARTH SCIENCE</Category>
      <Topic>Spectral/Engineering</Topic>
      <Term>Infrared Wavelengths</Term>
      <Variable_Level_1>Infrared Radiance</Variable_Level_1>
   </Parameters>
   <Parameters>
      <Category>EARTH SCIENCE</Category>
      <Topic>Cryosphere</Topic>
      <Term>Snow/Ice</Term>
      <Variable_Level_1>Snow Depth</Variable_Level_1>
   </Parameters>
   <Parameters>
      <Category>EARTH SCIENCE</Category>
      <Topic>Terrestrial Hydrosphere</Topic>
      <Term>Snow/Ice</Term>
      <Variable_Level_1>Snow Depth</Variable_Level_1>
   </Parameters>
   <Parameters>
      <Category>EARTH SCIENCE</Category>
      <Topic>Land Surface</Topic>
      <Term>Soils</Term>
      <Variable_Level_1>Soil Heat Budget</Variable_Level_1>
   </Parameters>
   <Parameters>
      <Category>EARTH SCIENCE</Category>
      <Topic>Land Surface</Topic>
      <Term>Soils</Term>
      <Variable_Level_1>Soil Moisture/Water Content</Variable_Level_1>
   </Parameters>
   <Parameters>
      <Category>EARTH SCIENCE</Category>
      <Topic>Cryosphere</Topic>
      <Term>Frozen Ground</Term>
      <Variable_Level_1>Soil Temperature</Variable_Level_1>
   </Parameters>
   <Parameters>
      <Category>EARTH SCIENCE</Category>
      <Topic>Land Surface</Topic>
      <Term>Frozen Ground</Term>
      <Variable_Level_1>Soil Temperature</Variable_Level_1>
   </Parameters>
   <Parameters>
      <Category>EARTH SCIENCE</Category>
      <Topic>Land Surface</Topic>
      <Term>Soils</Term>
      <Variable_Level_1>Soil Temperature</Variable_Level_1>
   </Parameters>
   <Parameters>
      <Category>EARTH SCIENCE</Category>
      <Topic>Atmosphere</Topic>
      <Term>Atmospheric Temperature</Term>
      <Variable_Level_1>Surface Air Temperature</Variable_Level_1>
   </Parameters>
   <ISO_Topic_Category>Climatology/Meteorology/Atmosphere</ISO_Topic_Category>
   <Keyword>Geophysics</Keyword>
   <Keyword>Meteorology</Keyword>
   <Keyword>Remote Sensing</Keyword>
   <Keyword>Snow</Keyword>
   <Keyword>Soil Temperature</Keyword>
   <Keyword>Thermal Properties</Keyword>
   <Sensor_Name>
      <Short_Name>INFRARED RADIOMETERS</Short_Name>
   </Sensor_Name>
   <Temporal_Coverage>
      <Start_Date>1992-01-01</Start_Date>
      <Stop_Date>1993-12-31</Stop_Date>
   </Temporal_Coverage>
   <Spatial_Coverage>
      <Southernmost_Latitude>43.717</Southernmost_Latitude>
      <Northernmost_Latitude>43.717</Northernmost_Latitude>
      <Westernmost_Longitude>-96.5</Westernmost_Longitude>
      <Easternmost_Longitude>-96.5</Easternmost_Longitude>
   </Spatial_Coverage>
   <Location>
      <Location_Category>Continent</Location_Category>
      <Location_Type>North America</Location_Type>
      <Location_Subregion1>United States Of America</Location_Subregion1>
      <Location_Subregion2/>
      <Location_Subregion3/>
      <Detailed_Location>South Dakota</Detailed_Location>
   </Location>
   <Location>
      <Location_Category>Continent</Location_Category>
      <Location_Type>North America</Location_Type>
      <Location_Subregion1/>
      <Location_Subregion2/>
      <Location_Subregion3/>
      <Detailed_Location/>
   </Location>
   <Data_Set_Language>English</Data_Set_Language>
   <Data_Center>
      <Data_Center_Name>
         <Short_Name>FGDC</Short_Name>
         <Long_Name>Frozen Ground Data Center</Long_Name>
      </Data_Center_Name>
      <Data_Center_URL>http://nsidc.org/fgdc/</Data_Center_URL>
      <Personnel>
         <Role>Data Center Contact</Role>
         <First_Name>FGDC</First_Name>
         <Last_Name>User Services</Last_Name>
         <Email>nsidc@nsidc.org</Email>
         <Phone>1-303-492-6199</Phone>
         <Fax>1-303-492-2468</Fax>
         <Contact_Address>
            <Address>National Snow and Ice Data Center</Address>
            <Address>CIRES, 449 UCB</Address>
            <Address>University of Colorado</Address>
            <City>Boulder</City>
            <Province_or_State>CO</Province_or_State>
            <Postal_Code>80309-0449</Postal_Code>
            <Country>USA</Country>
         </Contact_Address>
      </Personnel>
   </Data_Center>
   <Distribution>
      <Distribution_Media>Paper</Distribution_Media>
      <Distribution_Format>Paper</Distribution_Format>
   </Distribution>
   <Reference>England, A. W., and J. F. Galantowicz, 1994. Observed and modeled radiobrightness of prairie grass in early fall. IGARSS 1995, Florence, Italy. Proceedings.  

England, A. W., and J. F. Galantowicz, 1994. Volume emission model for the radiobrightness of prairie grass.  IGARSS '94, Pasadena, CA. Proceedings.

England, A. W., and J. F. Galantowicz, 1995. Moisture in a grass canopy from SSM/I radiobrightness. Co_MEAS '95, 3-6 April 1995, Atlanta, GA. Proceedings. 

Galantowicz, J. F., and A. W. England. 1993. Evolving radiobrightness model for northern prairie. Pecora XII, 24-26 August 1993, Sioux Falls, SD. Proceedings. 

Galantowicz, J. F., and A. W. England. 1993. Mapping frozen ground from space: Lessons from the first Radiobrightness Energy Balance Experiment. Pecora XII, 24-26 August 1993, Sioux Falls, SD. Proceedings. 

 Galantowicz, J. F., and A. W. England. 1994. Radiobrightness signatures of energy balance processes: Melt/freeze cycles in snow and prairie grass covered ground. IGARSS '94, Pasadena, CA. Proceedings.

Galantowicz, J. F. 1995.  Field data report for the First Radiobrightness Energy Balance Experiment (REBEX-1), October 1992-April 1993, Sioux Falls, SD, University of Michigan Radiation Laboratory Technical Report RL-913 

Galantowicz, J. F., and A. W. England. 1995. Dynamic radiobrightness snowpack model driven by land-atmosphere energy and moisture fluxes. IGARSS '95, Florence, Italy. Proceedings.</Reference>
   <Summary>
      <Abstract>This data set consists of radiobrightness data at 20-minute intervals over grassland prairie in South Dakota, USA, during the fall and winter of 1992-93. Supporting measurements include air temperature, soil temperature and moisture content, snow depth, heat flow, and infrared brightness. This data set is part of the Radiobrightness Energy Balance Experiment (REBEX-1).</Abstract>
   </Summary>
   <Related_URL>
      <URL_Content_Type>
         <Type>GET DATA</Type>
      </URL_Content_Type>
      <URL>mailto:england@eecs.umich.edu</URL>
      <Description>Get External Data</Description>
   </Related_URL>
   <Metadata_Name>CEOS IDN DIF</Metadata_Name>
   <Metadata_Version>VERSION 9.9</Metadata_Version>
   <DIF_Creation_Date>2004-10-11</DIF_Creation_Date>
   <Last_DIF_Revision_Date>2012-09-19</Last_DIF_Revision_Date>
   <DIF_Revision_History> 2004-10-11, yohe,  
 2010-03-01, Deann Miller, Fixed the References List. Some entries were running together. The GCMD requested this fix.
 2012-09-19, Deann Miller, added dist media &amp; format
</DIF_Revision_History>
   <Extended_Metadata>
      <Metadata>
         <Group>NSIDC</Group>
         <Name>Version Summary</Name>
         <Value/>
      </Metadata>
      <Metadata>
         <Group>NSIDC</Group>
         <Name>Current Version</Name>
         <Value>1</Value>
      </Metadata>
   </Extended_Metadata>
</DIF>
