<?xml version="1.0" encoding="UTF-8"?>
<DIF xmlns:dif="http://gcmd.gsfc.nasa.gov/Aboutus/xml/dif/"
     xmlns:xsi="http://www.w3.org/2001/XMLSchema-instance"
     xsi:schemaLocation="http://gcmd.gsfc.nasa.gov/Aboutus/xml/dif/ http://gcmd.gsfc.nasa.gov/Aboutus/xml/dif/dif_v9.7.1.xsd">
   <Entry_ID>GGD249</Entry_ID>
   <Entry_Title>Active layer thickness and ground temperatures, Svea, Svalbard</Entry_Title>
   <Data_Set_Citation>
      <Dataset_Creator>Bakkehoi, S. and O. Gregerson</Dataset_Creator>
      <Dataset_Title>Active layer thickness and ground temperatures, Svea, Svalbard</Dataset_Title>
      <Dataset_Release_Date>1998-01-01</Dataset_Release_Date>
      <Dataset_Release_Place>Boulder, Colorado USA</Dataset_Release_Place>
      <Dataset_Publisher>NSIDC: National Snow and Ice Data Center</Dataset_Publisher>
      <Version>1</Version>
      <Online_Resource>http://nsidc.org/data/GGD249</Online_Resource>
      <Dataset_Series_Name>GGD249</Dataset_Series_Name>
   </Data_Set_Citation>
   <Personnel>
      <Role>Investigator</Role>
      <First_Name>Odd</First_Name>
      <Last_Name>Gregersen</Last_Name>
      <Email>og@ngi.no</Email>
      <Phone>47-22-023000</Phone>
      <Fax>47-22-230448</Fax>
      <Contact_Address>
         <Address>PO Box 3930 Ullevaal Hageby</Address>
         <City>Oslo</City>
         <Postal_Code>N-0806</Postal_Code>
         <Country>Norway</Country>
      </Contact_Address>
   </Personnel>
   <Personnel>
      <Role>Investigator</Role>
      <First_Name>Steinar</First_Name>
      <Last_Name>Bakkehoi</Last_Name>
      <Email>sba@ngi.no</Email>
      <Phone>47-22-023000</Phone>
      <Fax>47-22-230448</Fax>
      <Contact_Address>
         <Address>PO Box 3930 Ullevaal Hageby</Address>
         <City>Oslo</City>
         <Postal_Code>N-0806</Postal_Code>
         <Country>Norway</Country>
      </Contact_Address>
   </Personnel>
   <Personnel>
      <Role>Investigator</Role>
      <First_Name>Odd</First_Name>
      <Last_Name>Gregersen</Last_Name>
      <Email>og@ngi.no</Email>
      <Phone>47-22-023000</Phone>
      <Fax>47-22-230448</Fax>
      <Contact_Address>
         <Address>PO Box 3930 Ullevaal Hageby</Address>
         <City>Oslo</City>
         <Postal_Code>N-0806</Postal_Code>
         <Country>Norway</Country>
      </Contact_Address>
   </Personnel>
   <Parameters>
      <Category>EARTH SCIENCE</Category>
      <Topic>Cryosphere</Topic>
      <Term>Frozen Ground</Term>
      <Variable_Level_1>Active Layer</Variable_Level_1>
   </Parameters>
   <Parameters>
      <Category>EARTH SCIENCE</Category>
      <Topic>Land Surface</Topic>
      <Term>Frozen Ground</Term>
      <Variable_Level_1>Active Layer</Variable_Level_1>
   </Parameters>
   <Parameters>
      <Category>EARTH SCIENCE</Category>
      <Topic>Atmosphere</Topic>
      <Term>Atmospheric Temperature</Term>
      <Variable_Level_1>Air Temperature</Variable_Level_1>
   </Parameters>
   <Parameters>
      <Category>EARTH SCIENCE</Category>
      <Topic>Cryosphere</Topic>
      <Term>Frozen Ground</Term>
      <Variable_Level_1>Permafrost</Variable_Level_1>
   </Parameters>
   <Parameters>
      <Category>EARTH SCIENCE</Category>
      <Topic>Land Surface</Topic>
      <Term>Frozen Ground</Term>
      <Variable_Level_1>Permafrost</Variable_Level_1>
   </Parameters>
   <Parameters>
      <Category>EARTH SCIENCE</Category>
      <Topic>Cryosphere</Topic>
      <Term>Snow/Ice</Term>
      <Variable_Level_1>Snow Density</Variable_Level_1>
   </Parameters>
   <Parameters>
      <Category>EARTH SCIENCE</Category>
      <Topic>Cryosphere</Topic>
      <Term>Snow/Ice</Term>
      <Variable_Level_1>Snow Depth</Variable_Level_1>
   </Parameters>
   <Parameters>
      <Category>EARTH SCIENCE</Category>
      <Topic>Cryosphere</Topic>
      <Term>Snow/Ice</Term>
      <Variable_Level_1>Snow Water Equivalent</Variable_Level_1>
   </Parameters>
   <Parameters>
      <Category>EARTH SCIENCE</Category>
      <Topic>Land Surface</Topic>
      <Term>Soils</Term>
      <Variable_Level_1>Soil Moisture/Water Content</Variable_Level_1>
   </Parameters>
   <Parameters>
      <Category>EARTH SCIENCE</Category>
      <Topic>Cryosphere</Topic>
      <Term>Frozen Ground</Term>
      <Variable_Level_1>Soil Temperature</Variable_Level_1>
   </Parameters>
   <Parameters>
      <Category>EARTH SCIENCE</Category>
      <Topic>Land Surface</Topic>
      <Term>Frozen Ground</Term>
      <Variable_Level_1>Soil Temperature</Variable_Level_1>
   </Parameters>
   <Keyword>Active Layer</Keyword>
   <Keyword>Engineering</Keyword>
   <Keyword>Meteorology</Keyword>
   <Keyword>Snow</Keyword>
   <Keyword>Soil Properties</Keyword>
   <Keyword>Soil Temperature</Keyword>
   <Temporal_Coverage>
      <Start_Date>1987-07-01</Start_Date>
      <Stop_Date>1996-05-31</Stop_Date>
   </Temporal_Coverage>
   <Spatial_Coverage>
      <Southernmost_Latitude>77.9</Southernmost_Latitude>
      <Northernmost_Latitude>77.9</Northernmost_Latitude>
      <Westernmost_Longitude>16.683</Westernmost_Longitude>
      <Easternmost_Longitude>16.683</Easternmost_Longitude>
   </Spatial_Coverage>
   <Location>
      <Location_Category>Ocean</Location_Category>
      <Location_Type>Atlantic Ocean</Location_Type>
      <Location_Subregion1>North Atlantic Ocean</Location_Subregion1>
      <Location_Subregion2>Svalbard And Jan Mayen</Location_Subregion2>
      <Location_Subregion3/>
      <Detailed_Location>Svea, Svalbard</Detailed_Location>
   </Location>
   <Data_Set_Language>English</Data_Set_Language>
   <Data_Center>
      <Data_Center_Name>
         <Short_Name>FGDC</Short_Name>
         <Long_Name>Frozen Ground Data Center</Long_Name>
      </Data_Center_Name>
      <Data_Center_URL>http://nsidc.org/fgdc/</Data_Center_URL>
      <Personnel>
         <Role>Data Center Contact</Role>
         <First_Name>FGDC</First_Name>
         <Last_Name>User Services</Last_Name>
         <Email>nsidc@nsidc.org</Email>
         <Phone>1-303-492-6199</Phone>
         <Fax>1-303-492-2468</Fax>
         <Contact_Address>
            <Address>National Snow and Ice Data Center</Address>
            <Address>CIRES, 449 UCB</Address>
            <Address>University of Colorado</Address>
            <City>Boulder</City>
            <Province_or_State>CO</Province_or_State>
            <Postal_Code>80309-0449</Postal_Code>
            <Country>USA</Country>
         </Contact_Address>
      </Personnel>
   </Data_Center>
   <Distribution>
      <Distribution_Media>Paper</Distribution_Media>
      <Distribution_Format>Paper</Distribution_Format>
   </Distribution>
   <Distribution>
      <Distribution_Media>FTP</Distribution_Media>
      <Distribution_Format>ASCII Text (.txt)</Distribution_Format>
   </Distribution>
   <Reference>Bakkehoi, S. and C. Bandis. 1987. Preliminary analysis of
climatic data from the permafrost station at Svea, Spitsbergen.
Frost i Jord, no. 26, p. 27-32.
 Gregersen, O., Phukan, A., Johansen, T. 1983. Engineering
properties and foundation design alternatives in marine Svea
clay, Svalbard. Permafrost, 5th International Conference.
Proceedings, vol. 1, Tapir Publishers, Trondheim, Norway, p. 39-43.
Bakkehoi, S. and C. Bandis. 1987. Meteorological conditions'
 influence on permafrost ground in Sveagruva, Spitsbergen.
Permafrost, 4th International Conference. Proceedings, National
Academy Press, Washingrton, DC, p. 384-388.</Reference>
   <Summary>
      <Abstract>Snow and soil temperature records for January 1988 - May 1996 are presented. Included are snow depth and weight measurements, snow density (calculated), active layer depth in the frost tubes, weight of wet and dried soil samples from unknown depth within the active layer (water content calculated), and soil temperature at the surface (0.05 cm) and to the depths of 3 to 4 meters at 3 sites. The sites are 1) on a road covered by 1 m of gravel underlain by clay; 2) outside a building on piles, (sensors are placed 1 to 2 m from the building wall); and 3) under the building between piles. In addition, air temperature was measured inside the building or between the piles (documentation is not clear on this point.) There are several gaps in temperature measurements (January 1991 to May 1992). These data are presented on the CAPS CD-ROM version 1.0, June 1998.

Air temperature, wind direction, and temperature were measured at 5, 20, 50, 100, 150, and 200 cm below the tundra surface at an undisturbed site; and at 5, 20, 50, 100, 150, 200 cm, and 3 m and 8 m below the concrete surface of a building. Incoming radiation, outgoing radiation, temperature of the heat flux instrument, global radiation, heat flux, wind speed, wind speed maximum, average wind speed, and temperature inside the building were measured since 1993 with data loggers. All data are recorded for July 1987 - February 1996.</Abstract>
   </Summary>
   <Related_URL>
      <URL_Content_Type>
         <Type>VIEW RELATED INFORMATION</Type>
      </URL_Content_Type>
      <URL>http://nsidc.org/data/docs/fgdc/ggd249_activlayer_svalbard/index.html</URL>
      <Description>Documentation</Description>
   </Related_URL>
   <Related_URL>
      <URL_Content_Type>
         <Type>GET DATA</Type>
      </URL_Content_Type>
      <URL>ftp://sidads.colorado.edu/pub/DATASETS/fgdc/ggd249_activlayer_svalbard/</URL>
      <Description>FTP</Description>
   </Related_URL>
   <Related_URL>
      <URL_Content_Type>
         <Type>VIEW PROJECT HOME PAGE</Type>
      </URL_Content_Type>
      <URL>http://nsidc.org/data/swe/</URL>
      <Description>Snow Water Equivalent Field Measurements</Description>
   </Related_URL>
   <Metadata_Name>CEOS IDN DIF</Metadata_Name>
   <Metadata_Version>VERSION 9.9</Metadata_Version>
   <DIF_Creation_Date>1998-01-01</DIF_Creation_Date>
   <Last_DIF_Revision_Date>2012-08-24</Last_DIF_Revision_Date>
   <DIF_Revision_History> 1998-01-01, Transferred from mddb dataset_citation.release_date
 2003-10-16, acasey, Added see also link to SWE field meas.
 2012-08-22, Deann Miller, added dist media and formats based upon data &amp; documentation
 2012-08-24, Deann Miller, added creator &amp; publisher info
</DIF_Revision_History>
   <Extended_Metadata>
      <Metadata>
         <Group>NSIDC</Group>
         <Name>Version Summary</Name>
         <Value/>
      </Metadata>
      <Metadata>
         <Group>NSIDC</Group>
         <Name>Current Version</Name>
         <Value>1</Value>
      </Metadata>
   </Extended_Metadata>
</DIF>
