<?xml version="1.0" encoding="UTF-8"?>
<DIF xmlns:dif="http://gcmd.gsfc.nasa.gov/Aboutus/xml/dif/"
     xmlns:xsi="http://www.w3.org/2001/XMLSchema-instance"
     xsi:schemaLocation="http://gcmd.gsfc.nasa.gov/Aboutus/xml/dif/ http://gcmd.gsfc.nasa.gov/Aboutus/xml/dif/dif_v9.7.1.xsd">
   <Entry_ID>GGD282</Entry_ID>
   <Entry_Title>Rock glaciers, Western Andes, Chile</Entry_Title>
   <Data_Set_Citation>
      <Dataset_Creator>Kammer, K</Dataset_Creator>
      <Dataset_Title>Rock glaciers, Western Andes, Chile</Dataset_Title>
      <Dataset_Release_Date>1998-01-01</Dataset_Release_Date>
      <Dataset_Release_Place>Boulder, Colorado USA</Dataset_Release_Place>
      <Dataset_Publisher>NSIDC: National Snow and Ice Data Center</Dataset_Publisher>
      <Version>1</Version>
      <Online_Resource>http://nsidc.org/data/GGD282</Online_Resource>
      <Dataset_Series_Name>GGD282</Dataset_Series_Name>
   </Data_Set_Citation>
   <Personnel>
      <Role>Investigator</Role>
      <First_Name>Klaus</First_Name>
      <Last_Name>Kammer</Last_Name>
      <Email>jenny@giub.unibe.ch or imhof@giub.unibe.ch</Email>
      <Contact_Address>
         <Address>Hallerstrasse 12</Address>
         <City>Bern</City>
         <Postal_Code>CH-3012</Postal_Code>
         <Country>Switzerland</Country>
      </Contact_Address>
   </Personnel>
   <Parameters>
      <Category>EARTH SCIENCE</Category>
      <Topic>Paleoclimate</Topic>
      <Term>Land Records</Term>
      <Variable_Level_1>Glaciation</Variable_Level_1>
   </Parameters>
   <Parameters>
      <Category>EARTH SCIENCE</Category>
      <Topic>Cryosphere</Topic>
      <Term>Frozen Ground</Term>
      <Variable_Level_1>Ground Ice</Variable_Level_1>
   </Parameters>
   <Parameters>
      <Category>EARTH SCIENCE</Category>
      <Topic>Land Surface</Topic>
      <Term>Frozen Ground</Term>
      <Variable_Level_1>Ground Ice</Variable_Level_1>
   </Parameters>
   <Parameters>
      <Category>EARTH SCIENCE</Category>
      <Topic>Cryosphere</Topic>
      <Term>Frozen Ground</Term>
      <Variable_Level_1>Periglacial Processes</Variable_Level_1>
   </Parameters>
   <Parameters>
      <Category>EARTH SCIENCE</Category>
      <Topic>Land Surface</Topic>
      <Term>Frozen Ground</Term>
      <Variable_Level_1>Periglacial Processes</Variable_Level_1>
   </Parameters>
   <Parameters>
      <Category>EARTH SCIENCE</Category>
      <Topic>Cryosphere</Topic>
      <Term>Frozen Ground</Term>
      <Variable_Level_1>Permafrost</Variable_Level_1>
   </Parameters>
   <Parameters>
      <Category>EARTH SCIENCE</Category>
      <Topic>Land Surface</Topic>
      <Term>Frozen Ground</Term>
      <Variable_Level_1>Permafrost</Variable_Level_1>
   </Parameters>
   <Parameters>
      <Category>EARTH SCIENCE</Category>
      <Topic>Cryosphere</Topic>
      <Term>Frozen Ground</Term>
      <Variable_Level_1>Rock Glaciers</Variable_Level_1>
   </Parameters>
   <Parameters>
      <Category>EARTH SCIENCE</Category>
      <Topic>Land Surface</Topic>
      <Term>Frozen Ground</Term>
      <Variable_Level_1>Rock Glaciers</Variable_Level_1>
   </Parameters>
   <Keyword>Ground Ice</Keyword>
   <Keyword>Mapping</Keyword>
   <Keyword>Paleoclimate</Keyword>
   <Keyword>Periglacial Processes</Keyword>
   <Keyword>Permafrost Properties</Keyword>
   <Keyword>Remote Sensing</Keyword>
   <Keyword>Rock Glaciers</Keyword>
   <Spatial_Coverage>
      <Southernmost_Latitude>-29</Southernmost_Latitude>
      <Northernmost_Latitude>-18</Northernmost_Latitude>
      <Westernmost_Longitude>-72</Westernmost_Longitude>
      <Easternmost_Longitude>-67</Easternmost_Longitude>
   </Spatial_Coverage>
   <Location>
      <Location_Category>Continent</Location_Category>
      <Location_Type>South America</Location_Type>
      <Location_Subregion1>Chile</Location_Subregion1>
      <Location_Subregion2/>
      <Location_Subregion3/>
      <Detailed_Location>Chilean Altiplano, Western (Chilean) Andes</Detailed_Location>
   </Location>
   <Data_Set_Language>English</Data_Set_Language>
   <Data_Center>
      <Data_Center_Name>
         <Short_Name>FGDC</Short_Name>
         <Long_Name>Frozen Ground Data Center</Long_Name>
      </Data_Center_Name>
      <Data_Center_URL>http://nsidc.org/fgdc/</Data_Center_URL>
      <Personnel>
         <Role>Data Center Contact</Role>
         <First_Name>FGDC</First_Name>
         <Last_Name>User Services</Last_Name>
         <Email>nsidc@nsidc.org</Email>
         <Phone>1-303-492-6199</Phone>
         <Fax>1-303-492-2468</Fax>
         <Contact_Address>
            <Address>National Snow and Ice Data Center</Address>
            <Address>CIRES, 449 UCB</Address>
            <Address>University of Colorado</Address>
            <City>Boulder</City>
            <Province_or_State>CO</Province_or_State>
            <Postal_Code>80309-0449</Postal_Code>
            <Country>USA</Country>
         </Contact_Address>
      </Personnel>
   </Data_Center>
   <Distribution>
      <Distribution_Media>FTP</Distribution_Media>
      <Distribution_Format>PDF</Distribution_Format>
   </Distribution>
   <Distribution>
      <Distribution_Media>FTP</Distribution_Media>
      <Distribution_Format>ASCII Text (.txt)</Distribution_Format>
   </Distribution>
   <Reference>Jenny B., Kammer K. 1996: Jungquartre Vergletscherungen.
Geographica Bernensia, in Ammann et al. 1996: Climate Change in
den trockenen Anden. G46
Ammann C, 1996: Aktuelle Niederschlagsmuster. Geographica
Bernensia 1996: Climate Change in den trockenen Anden. G46
Kammer K., Ammann C.: Rock glaciers in the Western Andes
between 18-29S and climatic implications (in prep.)</Reference>
   <Summary>
      <Abstract>The research area is located along a transect from 18 deg S to 29 deg S in the Chilean Altiplano, the western part of the high intramontane plateau in the Central Andes. This region is located in an extremely arid zone between the tropical and westerly circulation belt. The so-called 'Andean Dry Diagonal' crosses the research area from NW to SE. 

Over 120 rock glaciers have been mapped from chosen test sites using aerial photographs. Several rock glaciers were visited in the field to compare the results. From the collected data (height above sea level, exposition, activity, latitude) we tried to conclude (paleo-)climatic implications. The distribution was compared with summer and winter precipitation patterns of the research area. The highest number of observed rock glaciers appears in the north and very south of the transect--18 and 29 deg S. Between 23 and 27 deg S there is a sharp decline in the number of rock glaciers. It coincides with the present-day position of the 'Dry Diagonal' in the Western Andes. Most of the mountains in this section have no rock glaciers, although there is sufficient debris supply available. Focusing on activity, altitude, and latitude of the observed rock glaciers north of 24 deg S, respectively, south of 27 deg S there is a domination of active and inactive rock glaciers in
comparison to relict rock glaciers.

On the other hand, there are no active rock glaciers between 24 and 27 deg S. In this part, relict rock glaciers can lie 800 m higher than the estimated annual 0-degree C isotherm. If we compare rock glacier activity and number with the precipitation pattern of the area we note that the biggest number of active rock glaciers lie in the region with highest precipitation rates. In the driest part of the test area where the Andean Dry Diagonal crosses the Western Andes there are no active rock glaciers. They can be found in areas with estimated annual precipitation rates of 200 mm and more. Most of the observed rock glaciers lie in ice free cirques. These were probably built up after, or at, the time of a general ice decay. For the northern part between 18 and 24 deg S, we suggest glacier advances during the so-called Tauca-phase at 12,000-8,000 yr BP. The majority of the rock glaciers in this area can only have formed after 8,000 yr BP. In the southern part of the research area at 29 deeg S, we dated a late Holocene glacier advance at 2,600 yr BP, and thus rock glaciers must have formed at the time of the general ice decay after 2,600 yr BP.

The altitude of active rock glaciers in the Chilean Andes between 18 and 29 deg S corresponds to the trend of the annual degree C isotherm, with a sharp interruption in the driest zone between 24 and 27 deg S. In this part with less than 100 mm precipitation/yr, the annual 0-degree  C isotherm has no control on rock glacier activity -- the observed relict and inactive rock glaciers lie distinctly higher. The driest zone of the research area corresponds with the area with a striking reduction of number of rock glaciers and also coincides with the zone where no active rock glaciers could be found. We conclude that the so-called 'Andean Dry Diagonal' cannot have changed significantly it's position since the time when the rock glaciers were formed, probably in the middle and late Holocene. But we assume an intensification of precipitation to form rock glaciers in the driest part of the research area. These data are presented on the CAPS Version 1.0 CD-ROM, June 1998.</Abstract>
   </Summary>
   <Related_URL>
      <URL_Content_Type>
         <Type>VIEW RELATED INFORMATION</Type>
      </URL_Content_Type>
      <URL>http://nsidc.org/data/docs/fgdc/ggd282_rockglac_chile/index.html</URL>
      <Description>Documentation</Description>
   </Related_URL>
   <Related_URL>
      <URL_Content_Type>
         <Type>GET DATA</Type>
      </URL_Content_Type>
      <URL>ftp://sidads.colorado.edu/pub/DATASETS/fgdc/ggd282_rockglac_chile/</URL>
      <Description>FTP</Description>
   </Related_URL>
   <Metadata_Name>CEOS IDN DIF</Metadata_Name>
   <Metadata_Version>VERSION 9.9</Metadata_Version>
   <DIF_Creation_Date>1998-01-01</DIF_Creation_Date>
   <Last_DIF_Revision_Date>2012-08-24</Last_DIF_Revision_Date>
   <DIF_Revision_History> 1998-01-01, Transferred from mddb dataset_citation.release_date
 2012-08-22, Deann Miller, added dist. media &amp; formats based upon data
 2012-08-24, Deann Miller, added creator and publisher info
</DIF_Revision_History>
   <Extended_Metadata>
      <Metadata>
         <Group>NSIDC</Group>
         <Name>Version Summary</Name>
         <Value/>
      </Metadata>
      <Metadata>
         <Group>NSIDC</Group>
         <Name>Current Version</Name>
         <Value>1</Value>
      </Metadata>
   </Extended_Metadata>
</DIF>
