<?xml version="1.0" encoding="UTF-8"?>
<DIF xmlns:dif="http://gcmd.gsfc.nasa.gov/Aboutus/xml/dif/"
     xmlns:xsi="http://www.w3.org/2001/XMLSchema-instance"
     xsi:schemaLocation="http://gcmd.gsfc.nasa.gov/Aboutus/xml/dif/ http://gcmd.gsfc.nasa.gov/Aboutus/xml/dif/dif_v9.7.1.xsd">
   <Entry_ID>GGD234</Entry_ID>
   <Entry_Title>Sea Ice, Oceanic Water, and Sediments, Arctic Ocean and Beaufort Sea</Entry_Title>
   <Data_Set_Citation>
      <Dataset_Creator>Keith A. Kvenvolden and Thomas D. Lorenson</Dataset_Creator>
      <Dataset_Title>Sea Ice, Oceanic Water, and Sediments, Arctic Ocean and Beaufort Sea</Dataset_Title>
      <Dataset_Release_Date>2003-06-05</Dataset_Release_Date>
      <Dataset_Release_Place>Boulder, Colorado USA</Dataset_Release_Place>
      <Dataset_Publisher>NSIDC: National Snow and Ice Data Center</Dataset_Publisher>
      <Version>1</Version>
      <Online_Resource>http://nsidc.org/data/GGD234</Online_Resource>
      <Dataset_Series_Name>GGD234</Dataset_Series_Name>
   </Data_Set_Citation>
   <Personnel>
      <Role>Investigator</Role>
      <First_Name>Keith A.</First_Name>
      <Last_Name>Kvenvolden</Last_Name>
      <Email>kk@octopus.wr.usgs.gov</Email>
      <Phone>1-415-354-3213</Phone>
      <Fax>1-415-354-3191</Fax>
      <Contact_Address>
         <Address>345 Middlefield Road, MS 999</Address>
         <City>Menlo Park</City>
         <Province_or_State>CA</Province_or_State>
         <Postal_Code>94025</Postal_Code>
         <Country>USA</Country>
      </Contact_Address>
   </Personnel>
   <Personnel>
      <Role>Investigator</Role>
      <First_Name>Thomas D.</First_Name>
      <Last_Name>Lorenson</Last_Name>
      <Email>lorenson@octopus.wr.usgs.gov</Email>
      <Phone>1-415-354-3094</Phone>
      <Fax>1-415-354-3191</Fax>
      <Contact_Address>
         <Address>345 Middlefield Road, MS 999</Address>
         <City>Menlo Park</City>
         <Province_or_State>CA</Province_or_State>
         <Postal_Code>94025</Postal_Code>
         <Country>USA</Country>
      </Contact_Address>
   </Personnel>
   <Parameters>
      <Category>EARTH SCIENCE</Category>
      <Topic>Cryosphere</Topic>
      <Term>Sea Ice</Term>
      <Variable_Level_1>Ice Extent</Variable_Level_1>
   </Parameters>
   <Parameters>
      <Category>EARTH SCIENCE</Category>
      <Topic>Oceans</Topic>
      <Term>Sea Ice</Term>
      <Variable_Level_1>Ice Extent</Variable_Level_1>
   </Parameters>
   <Parameters>
      <Category>EARTH SCIENCE</Category>
      <Topic>Oceans</Topic>
      <Term>Ocean Chemistry</Term>
   </Parameters>
   <Parameters>
      <Category>EARTH SCIENCE</Category>
      <Topic>Oceans</Topic>
      <Term>Ocean Temperature</Term>
   </Parameters>
   <Parameters>
      <Category>EARTH SCIENCE</Category>
      <Topic>Oceans</Topic>
      <Term>Marine Sediments</Term>
      <Variable_Level_1>Sediment Composition</Variable_Level_1>
   </Parameters>
   <ISO_Topic_Category>Oceans</ISO_Topic_Category>
   <Keyword>Freshwater Ice</Keyword>
   <Keyword>Geophysics</Keyword>
   <Keyword>Oceanographic Data</Keyword>
   <Keyword>Ocean Water Chemistry Measurements</Keyword>
   <Keyword>Ocean Water Temperature Measurements</Keyword>
   <Keyword>Sea Ice</Keyword>
   <Source_Name>
      <Short_Name>SHIPS</Short_Name>
   </Source_Name>
   <Temporal_Coverage>
      <Start_Date>1990-01-01</Start_Date>
      <Stop_Date>1995-12-31</Stop_Date>
   </Temporal_Coverage>
   <Spatial_Coverage>
      <Southernmost_Latitude>70</Southernmost_Latitude>
      <Northernmost_Latitude>72.633</Northernmost_Latitude>
      <Westernmost_Longitude>-152</Westernmost_Longitude>
      <Easternmost_Longitude>-145</Easternmost_Longitude>
   </Spatial_Coverage>
   <Location>
      <Location_Category>Ocean</Location_Category>
      <Location_Type>Arctic Ocean</Location_Type>
      <Location_Subregion1/>
      <Location_Subregion2/>
      <Location_Subregion3/>
      <Detailed_Location>Beaufort Sea,</Detailed_Location>
   </Location>
   <Location>
      <Location_Category>Ocean</Location_Category>
      <Location_Type>Arctic Ocean</Location_Type>
      <Location_Subregion1>Beaufort Sea</Location_Subregion1>
      <Location_Subregion2/>
      <Location_Subregion3/>
      <Detailed_Location>Arctic Ocean</Detailed_Location>
   </Location>
   <Data_Set_Language>English</Data_Set_Language>
   <Data_Center>
      <Data_Center_Name>
         <Short_Name>FGDC</Short_Name>
         <Long_Name>Frozen Ground Data Center</Long_Name>
      </Data_Center_Name>
      <Data_Center_URL>http://nsidc.org/fgdc/</Data_Center_URL>
      <Personnel>
         <Role>Data Center Contact</Role>
         <First_Name>FGDC</First_Name>
         <Last_Name>User Services</Last_Name>
         <Email>nsidc@nsidc.org</Email>
         <Phone>1-303-492-6199</Phone>
         <Fax>1-303-492-2468</Fax>
         <Contact_Address>
            <Address>National Snow and Ice Data Center</Address>
            <Address>CIRES, 449 UCB</Address>
            <Address>University of Colorado</Address>
            <City>Boulder</City>
            <Province_or_State>CO</Province_or_State>
            <Postal_Code>80309-0449</Postal_Code>
            <Country>USA</Country>
         </Contact_Address>
      </Personnel>
   </Data_Center>
   <Distribution>
      <Distribution_Media>HTTP</Distribution_Media>
      <Distribution_Format>HTML</Distribution_Format>
   </Distribution>
   <Reference>Kvenvolden, K. A. 1990. Arctic gas hydrates as a source of methane in global change. International Conference on the Role of the Polar Regions in Global Change, 11-15 June 1990, Fairbanks, AK. Abstracts, p. 211. 

Kvenvolden, K. A. 1991. Review of Arctic gas hydrates as a source of methane in global change. In : Weller, G., Wilson, C. L., and Severin, B. A. B. (eds.) International Conference on the Role of the Polar Regions in Global Change, 11-15 June 1990, Fairbanks, AK. Proceedings, vol. 2, p. 696-701.

 
Kvenvolden, K. A., and Collett, T. S. 1991. Permafrost and gas hydrates as sources of methane at high latitudes. International Symposium on Environmental Biogeochemistry, 10th, San Francisco, CA. Abstracts, p. 22. 

Kvenvolden, K. A., Collett, T. S., and Williams, R. S. 1991. Methane in permafrost ice near Fairbanks, Alaska. EOS, Transactions of the AGU, 72(17), Supplement, p. 67. (abstract) 

Kvenvolden, K. A., and Lorenson, T. D. 1991. Varying amounts of methane in shallow permafrost cores from Alaska. EOS, Transactions of the AGU, 72(44), Supplement, p. 162. (abstract).

 
Kvenvolden, K. A., Lorenson, T. D., and Collett, T. C. 1991. Arctic shelf gas hydrate as a possible source of methane. Geological Society of America, Abstracts with Programs, 23(5), p. A238. 

Kvenvolden, K. A., Collett, T. S., Lorenson, T. D., and Reeburgh, W. S. 1992. Methane in permafrost: Preliminary studies at the CRREL permafrost tunnel near Fox, Alaska. EOS, Transactions of the AGU, 73(14), Supplement, p. 119. (abstract).

Kvenvolden, K. A., Lorenson, T. D., and Lilley, M. D. 1992. Methane in the Beaufort Sea on the continental shelf of Alaska. EOS, Transactions of the AGU, 73(4), Supplement, p. 309. (abstract). 

Lorenson, T.D., Kvenvolden, K.A., and Lilley, M.D. 1992. Methane in permafrost: Comparison of frozen and thawed ground. EOS, Transactions of the AGU, 73(43), Supplement, p. 182-183. (abstract). 

Kvenvolden, K.A., and Collett, T.C. 1993. Permafrost and gas hydrates as possible sources of atmospheric methane at high latitudes. U.S. Geological Survey. Circular 1086, p. 92-93. 

Kvenvolden, Collett, T.C and K.A., Lorenson, T.D. 1993. Studies of permafrost and gas hydrates as possible sources of atmospheric methane at high latitudes.  In: Oremland, R.S. (ed.) Biogeochemistry of Global Change. NY: Chapman and Hall, p. 487-501. 

Kvenvolden, K. A., and Lorenson, T. D. 1993. Methane in permafrost: Preliminary results from coring at Fairbanks, Alaska. Chemosphere, 26, p. 609-616. 

Kvenvolden, K. A., Lilley, M. D., Lorenson, T. D., Barnes, P. W., and McLaughlin, E. 1993. Beaufort Sea continental shelf as a seasonal source of atmospheric methane. Geophysical Research Letters, 20, p. 2459-2462. 

Kvenvolden, K. A., Lorenson, T. D., Barnes, P. W., Lilley, M. D., and Olson, E. J. 1993. Methane in ice-covered continental shelf waters of the Beaufort Sea, Alaska. EOS, Transactions of the AGU, 74(43), Supplement, p. 121. (abstract). 

Lorenson, T. D., Kvenvolden, K. A., Barnes, P. W., Lilley, M. D., and Olson, E. J. 1993. Methane in coastal sea ice, Beaufort Sea, Alaska. EOS, Transactions of the AGU, 74(43), Supplement, p. 121. (abstract).

Kvenvolden, K. A., Lorenson, T. D., and Barber, V. 1994. Methane in the Fox permafrost tunnel near Fairbanks, Alaska. In: Till, A. B. and T. E. Moore (eds.) 1993. Alaska Accomplishments Bulletin. U.S. Geological Survey. Bulletin 2107, p. 31-37.
 Kvenvolden, K. A., Lorenson, T. D., Barnes, P. W., Popp, B. N., Sansone, F. J., Rust, T. M., Lilley, M. D., and Olsen, E. J. 1994. Possible sources of methane in seasonal ice of the Alaskan Beaufort Sea. EOS, Transactions of the AGU, 75(44), Supplement, p. 77. (abstract). 

Lorenson, T. D., Kvenvolden, K. A., and Lilley, M. D. 1994. Comparison of methane concentrations in ice-covered and ice-free shelfal waters of the Beaufort Sea, Alaska. EOS, Transactions of the AGU, 75(3), Supplement, p. 93. (abstract) 

Kvenvolden, K. A., and Lorenson, T. D. 1995. Review of methane in permafrost near Fairbanks, Alaska. Geological Society of America. Abstracts with Programs. Director's approval, in press. 
 Lorenson, T. D., and Kvenvolden, K. A. 1995. Methane in coastal sea water and sea ice, Beaufort Sea, Alaska. U.S. Geological Survey. Open File Report 95-70, 84 p. 

Lorenson, T. D., Kvenvolden, K. A., Barnes, P. W., Popp, B. N., Sansone, F. J., Rust, T. M., Lilley, M. D., and Olsen, E.J . 1995 (in press). Isotopic composition of methane in seawater of the Alaskan Beaufort Sea. IUGG, 2-15 July 1995, Boulder, CO. Program.</Reference>
   <Summary>
      <Abstract>This study analyzed sea water, sea-ice, and bottom sediments to depths of 90 m in the Arctic Ocean and Beaufort Sea. Measurements were taken between 1990 and 1995. These data are available as U.S. Geological Survey Open-File Reports</Abstract>
   </Summary>
   <Related_URL>
      <URL_Content_Type>
         <Type>GET DATA</Type>
      </URL_Content_Type>
      <URL>http://pubs.usgs.gov/of/1995/of95-070/core/meta/report.html</URL>
      <Description>Get External Data (1990-1994)</Description>
   </Related_URL>
   <Related_URL>
      <URL_Content_Type>
         <Type>GET DATA</Type>
      </URL_Content_Type>
      <URL>http://pubs.usgs.gov/of/1997/0054/report.pdf</URL>
      <Description>Get External Data (1995)</Description>
   </Related_URL>
   <Metadata_Name>CEOS IDN DIF</Metadata_Name>
   <Metadata_Version>VERSION 9.9</Metadata_Version>
   <DIF_Creation_Date>2003-06-05</DIF_Creation_Date>
   <Last_DIF_Revision_Date>2012-08-22</Last_DIF_Revision_Date>
   <DIF_Revision_History> 2003-06-05, yohe,  
 2004-10-11, yohe,  
 2005-01-07, yohe,  
 2007-10-26, Deann Miller, For changes made, see User Comments.
 2010-03-01, Deann Miller, Fixed References. Some of the citations were running together. Fixed per the GCMD.
 2012-03-23, Deann Miller, Updated the access data links with links to  U.S. Geological Survey Open-File Reports. Also added the citations to these reports.
 2012-08-22, Deann Miller, added dist. media &amp; format per documentation
</DIF_Revision_History>
   <Extended_Metadata>
      <Metadata>
         <Group>NSIDC</Group>
         <Name>Version Summary</Name>
         <Value/>
      </Metadata>
      <Metadata>
         <Group>NSIDC</Group>
         <Name>Current Version</Name>
         <Value>1</Value>
      </Metadata>
   </Extended_Metadata>
</DIF>
