<?xml version="1.0" encoding="UTF-8"?>
<DIF xmlns:dif="http://gcmd.gsfc.nasa.gov/Aboutus/xml/dif/"
     xmlns:xsi="http://www.w3.org/2001/XMLSchema-instance"
     xsi:schemaLocation="http://gcmd.gsfc.nasa.gov/Aboutus/xml/dif/ http://gcmd.gsfc.nasa.gov/Aboutus/xml/dif/dif_v9.7.1.xsd">
   <Entry_ID>GGD278</Entry_ID>
   <Entry_Title>Seasonal frost penetration, Sleepers River Research Watershed, Vermont, USA</Entry_Title>
   <Data_Set_Citation>
      <Dataset_Creator>Pangburn, T</Dataset_Creator>
      <Dataset_Title>Seasonal frost penetration, Sleepers River Research Watershed, Vermont, USA</Dataset_Title>
      <Dataset_Release_Date>1998-01-01</Dataset_Release_Date>
      <Dataset_Release_Place>Boulder, Colorado USA</Dataset_Release_Place>
      <Dataset_Publisher>NSIDC: National Snow and Ice Data Center</Dataset_Publisher>
      <Version>1</Version>
      <Online_Resource>http://nsidc.org/data/GGD278</Online_Resource>
      <Dataset_Series_Name>GGD278</Dataset_Series_Name>
   </Data_Set_Citation>
   <Personnel>
      <Role>Investigator</Role>
      <First_Name>William</First_Name>
      <Last_Name>Roberts</Last_Name>
      <Email>wproberts@rsgisc.crrel.usace.army.mil</Email>
      <Phone>1-603-646-4236</Phone>
      <Fax>1-603-646-4750</Fax>
      <Contact_Address>
         <Address>72 Lyme Road</Address>
         <City>Hanover</City>
         <Province_or_State>NH</Province_or_State>
         <Postal_Code>03755-1290</Postal_Code>
         <Country>USA</Country>
      </Contact_Address>
   </Personnel>
   <Personnel>
      <Role>Investigator</Role>
      <First_Name>Timothy</First_Name>
      <Last_Name>Pangburn</Last_Name>
      <Email>tim@rsgisc.crrel.usace.army.mil</Email>
      <Phone>1-603-646-4296</Phone>
      <Fax>1-603-646-4750</Fax>
      <Contact_Address>
         <Address>72 Lyme Road</Address>
         <City>Hanover</City>
         <Province_or_State>NH</Province_or_State>
         <Postal_Code>03755-1290</Postal_Code>
         <Country>USA</Country>
      </Contact_Address>
   </Personnel>
   <Parameters>
      <Category>EARTH SCIENCE</Category>
      <Topic>Cryosphere</Topic>
      <Term>Frozen Ground</Term>
      <Variable_Level_1>Active Layer</Variable_Level_1>
   </Parameters>
   <Parameters>
      <Category>EARTH SCIENCE</Category>
      <Topic>Land Surface</Topic>
      <Term>Frozen Ground</Term>
      <Variable_Level_1>Active Layer</Variable_Level_1>
   </Parameters>
   <Parameters>
      <Category>EARTH SCIENCE</Category>
      <Topic>Biosphere</Topic>
      <Term>Vegetation</Term>
      <Variable_Level_1>Forest Composition/Vegetation Structure</Variable_Level_1>
   </Parameters>
   <Parameters>
      <Category>EARTH SCIENCE</Category>
      <Topic>Cryosphere</Topic>
      <Term>Snow/Ice</Term>
      <Variable_Level_1>Freeze/Thaw</Variable_Level_1>
   </Parameters>
   <Parameters>
      <Category>EARTH SCIENCE</Category>
      <Topic>Cryosphere</Topic>
      <Term>Frozen Ground</Term>
      <Variable_Level_1>Seasonally Frozen Ground</Variable_Level_1>
      <Detailed_Variable>Freeze/Thaw Cycle</Detailed_Variable>
   </Parameters>
   <Parameters>
      <Category>EARTH SCIENCE</Category>
      <Topic>Land Surface</Topic>
      <Term>Frozen Ground</Term>
      <Variable_Level_1>Seasonally Frozen Ground</Variable_Level_1>
      <Detailed_Variable>Freeze/Thaw Cycle</Detailed_Variable>
   </Parameters>
   <Parameters>
      <Category>EARTH SCIENCE</Category>
      <Topic>Cryosphere</Topic>
      <Term>Snow/Ice</Term>
      <Variable_Level_1>Snow Depth</Variable_Level_1>
   </Parameters>
   <Parameters>
      <Category>EARTH SCIENCE</Category>
      <Topic>Biosphere</Topic>
      <Term>Vegetation</Term>
      <Variable_Level_1>Vegetation Cover</Variable_Level_1>
   </Parameters>
   <Keyword>Active Layer</Keyword>
   <Keyword>Seasonal Freeze/thaw</Keyword>
   <Keyword>Snow</Keyword>
   <Keyword>Vegetation</Keyword>
   <Temporal_Coverage>
      <Start_Date>1983-01-01</Start_Date>
      <Stop_Date>1992-12-31</Stop_Date>
   </Temporal_Coverage>
   <Spatial_Coverage>
      <Southernmost_Latitude>44.422</Southernmost_Latitude>
      <Northernmost_Latitude>44.53</Northernmost_Latitude>
      <Westernmost_Longitude>-72.177</Westernmost_Longitude>
      <Easternmost_Longitude>-72.039</Easternmost_Longitude>
   </Spatial_Coverage>
   <Location>
      <Location_Category>Continent</Location_Category>
      <Location_Type>North America</Location_Type>
      <Location_Subregion1>United States Of America</Location_Subregion1>
      <Location_Subregion2/>
      <Location_Subregion3/>
      <Detailed_Location>Sleepers River Research Watershed, Danville, Vermont,</Detailed_Location>
   </Location>
   <Data_Set_Language>English</Data_Set_Language>
   <Data_Center>
      <Data_Center_Name>
         <Short_Name>FGDC</Short_Name>
         <Long_Name>Frozen Ground Data Center</Long_Name>
      </Data_Center_Name>
      <Data_Center_URL>http://nsidc.org/fgdc/</Data_Center_URL>
      <Personnel>
         <Role>Data Center Contact</Role>
         <First_Name>FGDC</First_Name>
         <Last_Name>User Services</Last_Name>
         <Email>nsidc@nsidc.org</Email>
         <Phone>1-303-492-6199</Phone>
         <Fax>1-303-492-2468</Fax>
         <Contact_Address>
            <Address>National Snow and Ice Data Center</Address>
            <Address>CIRES, 449 UCB</Address>
            <Address>University of Colorado</Address>
            <City>Boulder</City>
            <Province_or_State>CO</Province_or_State>
            <Postal_Code>80309-0449</Postal_Code>
            <Country>USA</Country>
         </Contact_Address>
      </Personnel>
   </Data_Center>
   <Distribution>
      <Distribution_Media>FTP</Distribution_Media>
      <Distribution_Format>ASCII Text (.txt)</Distribution_Format>
   </Distribution>
   <Reference>Bates, R.E., Pangburn, T. and Greenan, H., 1987. WMO solid
precipitation measurement intercomparison at Sleepers River
Research Watershed. In: Eastern Snow Conference, 44th, 3-4 June
1987, Fredericton, New Brunswick, Canada, Proceedings, p.1-7.
Hepler, J.A. Winter Measurements of Frost Penetration At
 Sleepers River Research Watershed, Winter 1983-1984. Unpublished.
Roberts,W.P. and Cassell , E.A. Sleepers River Research
Watershed, Data Report for the period October 1985 to September
1986. Unpublished [Other unpublished reports by Roberts and
Cassell cover the years 1985/86 through 1990/91.]</Reference>
   <Summary>
      <Abstract>The frost tube network is located within a 3.25-square-mile sub-watershed of the Sleepers River Research Watershed near Danville, Vermont, USA. Tubes were positioned in forested and non-forested cover types. The forest cover includes beech, birch, maple hardwoods with a 7% slope and 240 degree aspect, mixed conifer (spruce and balsam) and hardwoods with a 3% slope and 240 degree aspect, and coniferous forest with a 3% slope and 240 degree aspect. The open areas include two large non-cultivated agricultural fields (with approximate 5% slopes and aspects of 240 and 15 degrees) and a small heavily instrumented opening. Site data were generally recorded weekly. Snow depth was measured with a metal meter ruler while frost readings were measured from a plastic tube filled with methylene blue dye suspended in a PVC outer tube. Data cover winter seasons 1983-84 to 1992-93 only. These data are presented on the CAPS Version 1.0 CD-ROM, June 1998.</Abstract>
   </Summary>
   <Related_URL>
      <URL_Content_Type>
         <Type>VIEW RELATED INFORMATION</Type>
      </URL_Content_Type>
      <URL>http://nsidc.org/data/docs/fgdc/ggd278_seasfrost_vermont/index.html</URL>
      <Description>Documentation</Description>
   </Related_URL>
   <Related_URL>
      <URL_Content_Type>
         <Type>GET DATA</Type>
      </URL_Content_Type>
      <URL>ftp://sidads.colorado.edu/pub/DATASETS/fgdc/ggd278_seasfrost_vermont/</URL>
      <Description>FTP</Description>
   </Related_URL>
   <Metadata_Name>CEOS IDN DIF</Metadata_Name>
   <Metadata_Version>VERSION 9.9</Metadata_Version>
   <DIF_Creation_Date>1998-01-01</DIF_Creation_Date>
   <Last_DIF_Revision_Date>2012-08-24</Last_DIF_Revision_Date>
   <DIF_Revision_History> 1998-01-01, Transferred from mddb dataset_citation.release_date
 2003-05-15, wolfe,  
 2003-06-17, yohe,  
 2012-08-22, Deann Miller, added dist. media &amp; format based upon data
 2012-08-24, Deann Miller, added creator &amp; publisher info
</DIF_Revision_History>
   <Extended_Metadata>
      <Metadata>
         <Group>NSIDC</Group>
         <Name>Version Summary</Name>
         <Value/>
      </Metadata>
      <Metadata>
         <Group>NSIDC</Group>
         <Name>Current Version</Name>
         <Value>1</Value>
      </Metadata>
   </Extended_Metadata>
</DIF>
