<?xml version="1.0" encoding="UTF-8"?>
<DIF xmlns:dif="http://gcmd.gsfc.nasa.gov/Aboutus/xml/dif/"
     xmlns:xsi="http://www.w3.org/2001/XMLSchema-instance"
     xsi:schemaLocation="http://gcmd.gsfc.nasa.gov/Aboutus/xml/dif/ http://gcmd.gsfc.nasa.gov/Aboutus/xml/dif/dif_v9.7.1.xsd">
   <Entry_ID>GGD245</Entry_ID>
   <Entry_Title>Response of Tundra Ecosystems to Altered Snow Regimes, Toolik Lake, Alaska, and Niwot Ridge, Colorado</Entry_Title>
   <Data_Set_Citation>
      <Dataset_Creator>Donald (Skip) Walker, Marilyn Walker, Jeff Welker, Tim Seastedt, and Bill Krantz</Dataset_Creator>
      <Dataset_Title>Response of Tundra Ecosystems to Altered Snow Regimes, Toolik Lake, Alaska, and Niwot Ridge, Colorado</Dataset_Title>
      <Dataset_Release_Date>2003-06-17</Dataset_Release_Date>
      <Dataset_Release_Place>Boulder, Colorado USA</Dataset_Release_Place>
      <Dataset_Publisher>NSIDC: National Snow and Ice Data Center</Dataset_Publisher>
      <Version>1</Version>
      <Online_Resource>http://nsidc.org/data/GGD245</Online_Resource>
      <Dataset_Series_Name>GGD245</Dataset_Series_Name>
   </Data_Set_Citation>
   <Personnel>
      <Role>Investigator</Role>
      <First_Name>Marilyn</First_Name>
      <Last_Name>Walker</Last_Name>
      <Email>ffmdw@uaf.edu</Email>
      <Phone>1-907-474-2424</Phone>
      <Fax>1-907-474-6251</Fax>
      <Contact_Address>
         <Address>University of Alaska Fairbanks</Address>
         <Address>Boreal Ecology Cooperative Research Unit</Address>
         <Address>School of Agriculture and Land Resources Management</Address>
         <Address>P.O. Box 756780</Address>
         <City>Fairbanks</City>
         <Province_or_State>AK</Province_or_State>
         <Postal_Code>99775-7000</Postal_Code>
         <Country/>
      </Contact_Address>
   </Personnel>
   <Personnel>
      <Role>Investigator</Role>
      <First_Name>Donald (Skip)</First_Name>
      <Middle_Name>A.</Middle_Name>
      <Last_Name>Walker</Last_Name>
      <Email>ffdaw@uaf.edu</Email>
      <Phone>1-907-474-2460</Phone>
      <Contact_Address>
         <Address>Institute of Arctic Biology</Address>
         <Address>University of Alaska Fairbanks</Address>
         <City>Fairbanks</City>
         <Province_or_State>AK</Province_or_State>
         <Postal_Code>99775-6780</Postal_Code>
         <Country>USA</Country>
      </Contact_Address>
   </Personnel>
   <Personnel>
      <Role>Investigator</Role>
      <First_Name>Jeff</First_Name>
      <Last_Name>Welker</Last_Name>
      <Contact_Address>
         <Address>Campus Box 450</Address>
         <City>Boulder</City>
         <Province_or_State>CO</Province_or_State>
         <Postal_Code>80309-0450</Postal_Code>
         <Country>USA</Country>
      </Contact_Address>
   </Personnel>
   <Personnel>
      <Role>Investigator</Role>
      <First_Name>Tim</First_Name>
      <Last_Name>Seastedt</Last_Name>
      <Contact_Address>
         <Address>Campus Box 450</Address>
         <City>Boulder</City>
         <Province_or_State>CO</Province_or_State>
         <Postal_Code>80309-0450</Postal_Code>
         <Country>USA</Country>
      </Contact_Address>
   </Personnel>
   <Personnel>
      <Role>Investigator</Role>
      <First_Name>Bill</First_Name>
      <Last_Name>Krantz</Last_Name>
      <Contact_Address>
         <Address>Campus Box 450</Address>
         <City>Boulder</City>
         <Province_or_State>CO</Province_or_State>
         <Postal_Code>80309-0450</Postal_Code>
         <Country>USA</Country>
      </Contact_Address>
   </Personnel>
   <Parameters>
      <Category>EARTH SCIENCE</Category>
      <Topic>Land Surface</Topic>
      <Term>Frozen Ground</Term>
      <Variable_Level_1>Active Layer</Variable_Level_1>
   </Parameters>
   <Parameters>
      <Category>EARTH SCIENCE</Category>
      <Topic>Cryosphere</Topic>
      <Term>Frozen Ground</Term>
      <Variable_Level_1>Active Layer</Variable_Level_1>
   </Parameters>
   <Parameters>
      <Category>EARTH SCIENCE</Category>
      <Topic>Atmosphere</Topic>
      <Term>Precipitation</Term>
      <Variable_Level_1>Snow</Variable_Level_1>
   </Parameters>
   <Parameters>
      <Category>EARTH SCIENCE</Category>
      <Topic>Terrestrial Hydrosphere</Topic>
      <Term>Snow/Ice</Term>
      <Variable_Level_1>Snow Cover</Variable_Level_1>
   </Parameters>
   <Parameters>
      <Category>EARTH SCIENCE</Category>
      <Topic>Cryosphere</Topic>
      <Term>Snow/Ice</Term>
      <Variable_Level_1>Snow Cover</Variable_Level_1>
   </Parameters>
   <Parameters>
      <Category>EARTH SCIENCE</Category>
      <Topic>Terrestrial Hydrosphere</Topic>
      <Term>Snow/Ice</Term>
      <Variable_Level_1>Snow Depth</Variable_Level_1>
   </Parameters>
   <Parameters>
      <Category>EARTH SCIENCE</Category>
      <Topic>Cryosphere</Topic>
      <Term>Snow/Ice</Term>
      <Variable_Level_1>Snow Depth</Variable_Level_1>
   </Parameters>
   <Parameters>
      <Category>EARTH SCIENCE</Category>
      <Topic>Terrestrial Hydrosphere</Topic>
      <Term>Snow/Ice</Term>
      <Variable_Level_1>Snow/Ice Temperature</Variable_Level_1>
   </Parameters>
   <Parameters>
      <Category>EARTH SCIENCE</Category>
      <Topic>Cryosphere</Topic>
      <Term>Snow/Ice</Term>
      <Variable_Level_1>Snow/Ice Temperature</Variable_Level_1>
   </Parameters>
   <Parameters>
      <Category>EARTH SCIENCE</Category>
      <Topic>Land Surface</Topic>
      <Term>Soils</Term>
      <Variable_Level_1>Soil Temperature</Variable_Level_1>
   </Parameters>
   <Parameters>
      <Category>EARTH SCIENCE</Category>
      <Topic>Land Surface</Topic>
      <Term>Frozen Ground</Term>
      <Variable_Level_1>Soil Temperature</Variable_Level_1>
   </Parameters>
   <Parameters>
      <Category>EARTH SCIENCE</Category>
      <Topic>Cryosphere</Topic>
      <Term>Frozen Ground</Term>
      <Variable_Level_1>Soil Temperature</Variable_Level_1>
   </Parameters>
   <Parameters>
      <Category>EARTH SCIENCE</Category>
      <Topic>Atmosphere</Topic>
      <Term>Atmospheric Temperature</Term>
      <Variable_Level_1>Surface Air Temperature</Variable_Level_1>
   </Parameters>
   <ISO_Topic_Category>Climatology/Meteorology/Atmosphere</ISO_Topic_Category>
   <Keyword>Active Layer</Keyword>
   <Keyword>Chemistry</Keyword>
   <Keyword>Snow</Keyword>
   <Keyword>Soil Properties</Keyword>
   <Keyword>Thermal Properties</Keyword>
   <Keyword>Vegetation</Keyword>
   <Source_Name>
      <Short_Name>GROUND STATIONS</Short_Name>
   </Source_Name>
   <Source_Name>
      <Short_Name>GROUND-BASED OBSERVATIONS</Short_Name>
   </Source_Name>
   <Spatial_Coverage>
      <Southernmost_Latitude>40</Southernmost_Latitude>
      <Northernmost_Latitude>68</Northernmost_Latitude>
      <Westernmost_Longitude>-148</Westernmost_Longitude>
      <Easternmost_Longitude>-105</Easternmost_Longitude>
   </Spatial_Coverage>
   <Location>
      <Location_Category>Continent</Location_Category>
      <Location_Type>North America</Location_Type>
      <Location_Subregion1>United States Of America</Location_Subregion1>
      <Location_Subregion2/>
      <Location_Subregion3/>
      <Detailed_Location>Alaska, Colorado</Detailed_Location>
   </Location>
   <Location>
      <Location_Category>Continent</Location_Category>
      <Location_Type>North America</Location_Type>
      <Location_Subregion1/>
      <Location_Subregion2/>
      <Location_Subregion3/>
      <Detailed_Location>Alaska, Colorado</Detailed_Location>
   </Location>
   <Data_Set_Language>English</Data_Set_Language>
   <Data_Center>
      <Data_Center_Name>
         <Short_Name>FGDC</Short_Name>
         <Long_Name>Frozen Ground Data Center</Long_Name>
      </Data_Center_Name>
      <Data_Center_URL>http://nsidc.org/fgdc/</Data_Center_URL>
      <Personnel>
         <Role>Data Center Contact</Role>
         <First_Name>FGDC</First_Name>
         <Last_Name>User Services</Last_Name>
         <Email>nsidc@nsidc.org</Email>
         <Phone>1-303-492-6199</Phone>
         <Fax>1-303-492-2468</Fax>
         <Contact_Address>
            <Address>National Snow and Ice Data Center</Address>
            <Address>CIRES, 449 UCB</Address>
            <Address>University of Colorado</Address>
            <City>Boulder</City>
            <Province_or_State>CO</Province_or_State>
            <Postal_Code>80309-0449</Postal_Code>
            <Country>USA</Country>
         </Contact_Address>
      </Personnel>
   </Data_Center>
   <Reference/>
   <Summary>
      <Abstract>This study investigated the effects of field manipulations of winter precipitation and summer temperature on species performance, community structure, and ecosystem C and N dynamics. Parameters include ground temperatures at the surface and 15 cm along a gradient of snow depths, snow depth, soil temperatures at 10 cm intervals at 
several sites in drifts and unimpacted vegetation sites, and active  layer thickness. Temperature profiles were monitored continuously. Snow depths were monitored in a grid behind snow fences and in a 1 x 1 km grid surrounding the fence sites.  Active layer was monitored at theend of the season. These data are part of the International Tundra 
Experiment (ITEX) network.</Abstract>
   </Summary>
   <Related_URL>
      <URL_Content_Type>
         <Type>GET DATA</Type>
      </URL_Content_Type>
      <URL>mailto:ffdaw@uaf.edu</URL>
      <Description>Get External Data</Description>
   </Related_URL>
   <Metadata_Name>CEOS IDN DIF</Metadata_Name>
   <Metadata_Version>VERSION 9.9</Metadata_Version>
   <DIF_Creation_Date>2003-06-17</DIF_Creation_Date>
   <Last_DIF_Revision_Date>2005-01-07</Last_DIF_Revision_Date>
   <DIF_Revision_History> 2003-06-17, yohe,  
 2003-08-22, yohe,  
 2004-10-11, yohe,  
 2005-01-07, yohe,  
 2015-12-16, Deann Miller, Fixed summary. It wasn't displaying properly. 
</DIF_Revision_History>
   <Extended_Metadata>
      <Metadata>
         <Group>NSIDC</Group>
         <Name>Version Summary</Name>
         <Value/>
      </Metadata>
      <Metadata>
         <Group>NSIDC</Group>
         <Name>Current Version</Name>
         <Value>1</Value>
      </Metadata>
   </Extended_Metadata>
</DIF>
