<?xml version="1.0" encoding="UTF-8"?>
<DIF xmlns:dif="http://gcmd.gsfc.nasa.gov/Aboutus/xml/dif/"
     xmlns:xsi="http://www.w3.org/2001/XMLSchema-instance"
     xsi:schemaLocation="http://gcmd.gsfc.nasa.gov/Aboutus/xml/dif/ http://gcmd.gsfc.nasa.gov/Aboutus/xml/dif/dif_v9.7.1.xsd">
   <Entry_ID>GGD23</Entry_ID>
   <Entry_Title>Active-Layer and Permafrost Temperatures, Sisimiut (Holsteinsborg), Greenland</Entry_Title>
   <Data_Set_Citation>
      <Dataset_Creator>Olesen, O.B., F.G.M. van Tatenhove, H. Hvidtfeldt, and N. Foged</Dataset_Creator>
      <Dataset_Title>Active-Layer and Permafrost Temperatures, Sisimiut (Holsteinsborg), Greenland</Dataset_Title>
      <Dataset_Release_Date>2003-01-01</Dataset_Release_Date>
      <Dataset_Release_Place>Copenhagen, Denmark</Dataset_Release_Place>
      <Dataset_Publisher>Greenlandic Geological Survey, GEUS</Dataset_Publisher>
      <Version>1</Version>
      <Online_Resource>http://nsidc.org/data/GGD23</Online_Resource>
      <Dataset_Series_Name>GGD23</Dataset_Series_Name>
   </Data_Set_Citation>
   <Personnel>
      <Role>Investigator</Role>
      <First_Name>Niels</First_Name>
      <Last_Name>Foged</Last_Name>
      <Email>nf@byg.dtu.dk</Email>
      <Phone>0045 45 25 50 87</Phone>
      <Fax>0045 21 65 08 78</Fax>
      <Contact_Address>
         <Address>Diplomvej, Building 373</Address>
         <City>Kgs. Lyngby</City>
         <Postal_Code>2800</Postal_Code>
         <Country>Denmark</Country>
      </Contact_Address>
   </Personnel>
   <Personnel>
      <Role>Investigator</Role>
      <First_Name>Ole B.</First_Name>
      <Last_Name>Olesen</Last_Name>
      <Email>obo@geus.dk</Email>
      <Phone>45 38 14 20 00</Phone>
      <Fax>45 38 14 20 50</Fax>
      <Contact_Address>
         <Address>Oester Voldgade 10</Address>
         <City>Koebenhavn K</City>
         <Postal_Code>1350</Postal_Code>
         <Country>Denmark</Country>
      </Contact_Address>
   </Personnel>
   <Personnel>
      <Role>Investigator</Role>
      <First_Name>Hanne</First_Name>
      <Middle_Name>H.</Middle_Name>
      <Last_Name>Christiansen</Last_Name>
      <Email>hanne.christiansen@unis.no</Email>
      <Email>hhc@server1.geogr.ku.dk</Email>
      <Phone>47- 79 02 33 20</Phone>
      <Contact_Address>
         <City>Longyearbyen</City>
         <Postal_Code>N-9171</Postal_Code>
         <Country>Norway</Country>
      </Contact_Address>
   </Personnel>
   <Personnel>
      <Role>Investigator</Role>
      <First_Name>F.G.M.</First_Name>
      <Last_Name>van Tatenhove</Last_Name>
      <Email>f.vantatenhove@pink.nl</Email>
      <Contact_Address>
         <Address>Rijnstraat 16-III</Address>
         <City>Amsterdam</City>
         <Postal_Code>1078 RB</Postal_Code>
         <Country>Netherlands</Country>
      </Contact_Address>
   </Personnel>
   <Parameters>
      <Category>EARTH SCIENCE</Category>
      <Topic>Cryosphere</Topic>
      <Term>Frozen Ground</Term>
      <Variable_Level_1>Active Layer</Variable_Level_1>
   </Parameters>
   <Parameters>
      <Category>EARTH SCIENCE</Category>
      <Topic>Land Surface</Topic>
      <Term>Frozen Ground</Term>
      <Variable_Level_1>Active Layer</Variable_Level_1>
   </Parameters>
   <Parameters>
      <Category>EARTH SCIENCE</Category>
      <Topic>Cryosphere</Topic>
      <Term>Frozen Ground</Term>
      <Variable_Level_1>Soil Temperature</Variable_Level_1>
   </Parameters>
   <Parameters>
      <Category>EARTH SCIENCE</Category>
      <Topic>Land Surface</Topic>
      <Term>Frozen Ground</Term>
      <Variable_Level_1>Soil Temperature</Variable_Level_1>
   </Parameters>
   <Parameters>
      <Category>EARTH SCIENCE</Category>
      <Topic>Land Surface</Topic>
      <Term>Soils</Term>
      <Variable_Level_1>Soil Temperature</Variable_Level_1>
   </Parameters>
   <Keyword>Active Layer</Keyword>
   <Keyword>Permafrost Temperature</Keyword>
   <Keyword>Seasonal Freeze/thaw</Keyword>
   <Keyword>Thermal Properties</Keyword>
   <Temporal_Coverage>
      <Start_Date>1967-09-01</Start_Date>
      <Stop_Date>1982-08-31</Stop_Date>
   </Temporal_Coverage>
   <Spatial_Coverage>
      <Southernmost_Latitude>66.94</Southernmost_Latitude>
      <Northernmost_Latitude>66.94</Northernmost_Latitude>
      <Westernmost_Longitude>-53.64</Westernmost_Longitude>
      <Easternmost_Longitude>-53.64</Easternmost_Longitude>
   </Spatial_Coverage>
   <Location>
      <Location_Category>Continent</Location_Category>
      <Location_Type>North America</Location_Type>
      <Location_Subregion1>Greenland</Location_Subregion1>
      <Location_Subregion2/>
      <Location_Subregion3/>
      <Detailed_Location>Sisimiut/Holsteinsborg, Greenland</Detailed_Location>
   </Location>
   <Data_Set_Language>English</Data_Set_Language>
   <Data_Center>
      <Data_Center_Name>
         <Short_Name>FGDC</Short_Name>
         <Long_Name>Frozen Ground Data Center</Long_Name>
      </Data_Center_Name>
      <Data_Center_URL>http://nsidc.org/fgdc/</Data_Center_URL>
      <Personnel>
         <Role>Data Center Contact</Role>
         <First_Name>FGDC</First_Name>
         <Last_Name>User Services</Last_Name>
         <Email>nsidc@nsidc.org</Email>
         <Phone>1-303-492-6199</Phone>
         <Fax>1-303-492-2468</Fax>
         <Contact_Address>
            <Address>National Snow and Ice Data Center</Address>
            <Address>CIRES, 449 UCB</Address>
            <Address>University of Colorado</Address>
            <City>Boulder</City>
            <Province_or_State>CO</Province_or_State>
            <Postal_Code>80309-0449</Postal_Code>
            <Country>USA</Country>
         </Contact_Address>
      </Personnel>
   </Data_Center>
   <Reference>Olesen, O.B. 1967a. Ground temperature measurements in West Greenland. The Geological Survey of Greenland, Report no. 15, 25-26.

Olesen, O.B. 1967b. Oprettelse af stationer til maaling af jordtemperaturer i
Holsteinsborg og Soendre Stroemfjord. Report Greenland Geological Survey, 19 p. 
In Danish.

Van Tatenhove, F.G.M., and O.B. Olesen. 1994. Ground temperature and related
 permafrost characteristics in West Greenland. Permafrost and Periglacial 
 Processes 5:199-215.</Reference>
   <Summary>
      <Abstract>This data set contains active-layer and permafrost temperatures from Sisimiut, west Greenland, recorded from 18 sensors at depths of 0.25 m, 0.5 m, 0.75 m, 1 m, 1.25 m, 1.5 m, 1.75 m, 2 m, 2.5 m, 3 m, 3.5 m, 4 m, 4.5 m, 5 m, 6 m, 7 m, 8 m, and 9 m below the surface. Snow depth, snow extent, and surface air temperature were also recorded. Thermometers recorded temperatures once a day from September 1967 to August 1982; however, this data set only contains bi-weekly averages. Data are in tab-delimited ASCII text format and are available via FTP.</Abstract>
   </Summary>
   <Related_URL>
      <URL_Content_Type>
         <Type>VIEW RELATED INFORMATION</Type>
      </URL_Content_Type>
      <URL>http://nsidc.org/data/docs/fgdc/ggd23_activlayer_greenland/index.html</URL>
      <Description>Documentation</Description>
   </Related_URL>
   <Related_URL>
      <URL_Content_Type>
         <Type>GET DATA</Type>
      </URL_Content_Type>
      <URL>ftp://sidads.colorado.edu/pub/DATASETS/fgdc/ggd23_activlayer_greenland/</URL>
      <Description>FTP</Description>
   </Related_URL>
   <Related_URL>
      <URL_Content_Type>
         <Type>VIEW PROJECT HOME PAGE</Type>
      </URL_Content_Type>
      <URL>http://nsidc.org/data/ggd632.html</URL>
      <Description>Active-Layer and Permafrost Temperatures, S&amp;oslash;ndre Str&amp;oslash;mfjord, Greenland</Description>
   </Related_URL>
   <Metadata_Name>CEOS IDN DIF</Metadata_Name>
   <Metadata_Version>VERSION 9.9</Metadata_Version>
   <DIF_Creation_Date>2003-01-01</DIF_Creation_Date>
   <Last_DIF_Revision_Date>2012-08-24</Last_DIF_Revision_Date>
   <DIF_Revision_History> 2003-01-01, Transferred from mddb dataset_citation.release_date
 2003-05-14, kgentsch, Mass publish of changed datasets to Bipolar.
 2003-05-14, kgentsch, Mass publish of changed datasets to Bipolar.
 2012-08-21, Deann Miller, added dist. format and media based documentation
 2012-08-24, Deann Miller, added creator &amp; publisher info.  Also put Distributed by National Snow and Ice Data Center in Other Info.
</DIF_Revision_History>
   <Extended_Metadata>
      <Metadata>
         <Group>NSIDC</Group>
         <Name>Version Summary</Name>
         <Value/>
      </Metadata>
      <Metadata>
         <Group>NSIDC</Group>
         <Name>Current Version</Name>
         <Value>1</Value>
      </Metadata>
   </Extended_Metadata>
</DIF>
