<?xml version="1.0" encoding="UTF-8"?>
<DIF xmlns:dif="http://gcmd.gsfc.nasa.gov/Aboutus/xml/dif/"
     xmlns:xsi="http://www.w3.org/2001/XMLSchema-instance"
     xsi:schemaLocation="http://gcmd.gsfc.nasa.gov/Aboutus/xml/dif/ http://gcmd.gsfc.nasa.gov/Aboutus/xml/dif/dif_v9.7.1.xsd">
   <Entry_ID>GGD272</Entry_ID>
   <Entry_Title>Cryosolic pedons from Russia and Alaska</Entry_Title>
   <Data_Set_Citation>
      <Dataset_Creator>Kimble, J.M</Dataset_Creator>
      <Dataset_Title>Cryosolic pedons from Russia and Alaska</Dataset_Title>
      <Dataset_Release_Date>1998-01-01</Dataset_Release_Date>
      <Dataset_Release_Place>Boulder, Colorado USA</Dataset_Release_Place>
      <Dataset_Publisher>NSIDC: National Snow and Ice Data Center</Dataset_Publisher>
      <Version>1</Version>
      <Online_Resource>http://nsidc.org/data/GGD272</Online_Resource>
      <Dataset_Series_Name>GGD272</Dataset_Series_Name>
   </Data_Set_Citation>
   <Personnel>
      <Role>Investigator</Role>
      <First_Name>Chien-Lu</First_Name>
      <Last_Name>Ping</Last_Name>
      <Email>pfclp@uaa.alaska.edu</Email>
      <Phone>1-907-746-9462</Phone>
      <Contact_Address>
         <Address>533 E. Fireweed</Address>
         <City>Palmer</City>
         <Province_or_State>AK</Province_or_State>
         <Postal_Code>99645</Postal_Code>
         <Country>USA</Country>
      </Contact_Address>
   </Personnel>
   <Personnel>
      <Role>Investigator</Role>
      <First_Name>John M.</First_Name>
      <Last_Name>Kimble</Last_Name>
      <Email>jkimble@gw.nssc.nrcs.usda.gov</Email>
      <Phone>1-402-437-5376</Phone>
      <Fax>1-402-437-5336</Fax>
      <Contact_Address>
         <Address>Federal Building, Room 152, MS33, 100</Address>
         <City>Lincoln</City>
         <Province_or_State>NE</Province_or_State>
         <Postal_Code>68508-3866</Postal_Code>
         <Country>USA</Country>
      </Contact_Address>
   </Personnel>
   <Parameters>
      <Category>EARTH SCIENCE</Category>
      <Topic>Cryosphere</Topic>
      <Term>Frozen Ground</Term>
      <Variable_Level_1>Cryosols</Variable_Level_1>
   </Parameters>
   <Parameters>
      <Category>EARTH SCIENCE</Category>
      <Topic>Land Surface</Topic>
      <Term>Frozen Ground</Term>
      <Variable_Level_1>Cryosols</Variable_Level_1>
   </Parameters>
   <Parameters>
      <Category>EARTH SCIENCE</Category>
      <Topic>Cryosphere</Topic>
      <Term>Frozen Ground</Term>
      <Variable_Level_1>Periglacial Processes</Variable_Level_1>
      <Detailed_Variable>Pedons</Detailed_Variable>
   </Parameters>
   <Parameters>
      <Category>EARTH SCIENCE</Category>
      <Topic>Land Surface</Topic>
      <Term>Frozen Ground</Term>
      <Variable_Level_1>Periglacial Processes</Variable_Level_1>
      <Detailed_Variable>Pedons</Detailed_Variable>
   </Parameters>
   <Parameters>
      <Category>EARTH SCIENCE</Category>
      <Topic>Cryosphere</Topic>
      <Term>Frozen Ground</Term>
      <Variable_Level_1>Permafrost</Variable_Level_1>
   </Parameters>
   <Parameters>
      <Category>EARTH SCIENCE</Category>
      <Topic>Land Surface</Topic>
      <Term>Frozen Ground</Term>
      <Variable_Level_1>Permafrost</Variable_Level_1>
   </Parameters>
   <Keyword>Cryopedology</Keyword>
   <Keyword>Periglacial Processes</Keyword>
   <Keyword>Permafrost Features</Keyword>
   <Keyword>Soil Properties</Keyword>
   <Spatial_Coverage>
      <Southernmost_Latitude>62</Southernmost_Latitude>
      <Northernmost_Latitude>69</Northernmost_Latitude>
      <Westernmost_Longitude>-149</Westernmost_Longitude>
      <Easternmost_Longitude>161</Easternmost_Longitude>
   </Spatial_Coverage>
   <Location>
      <Location_Category>Continent</Location_Category>
      <Location_Type>Europe</Location_Type>
      <Location_Subregion1>Eastern Europe</Location_Subregion1>
      <Location_Subregion2>Russia</Location_Subregion2>
      <Location_Subregion3/>
      <Detailed_Location/>
   </Location>
   <Location>
      <Location_Category>Continent</Location_Category>
      <Location_Type>North America</Location_Type>
      <Location_Subregion1>United States Of America</Location_Subregion1>
      <Location_Subregion2>Alaska</Location_Subregion2>
      <Location_Subregion3/>
      <Detailed_Location/>
   </Location>
   <Data_Set_Language>English</Data_Set_Language>
   <Data_Center>
      <Data_Center_Name>
         <Short_Name>FGDC</Short_Name>
         <Long_Name>Frozen Ground Data Center</Long_Name>
      </Data_Center_Name>
      <Data_Center_URL>http://nsidc.org/fgdc/</Data_Center_URL>
      <Personnel>
         <Role>Data Center Contact</Role>
         <First_Name>FGDC</First_Name>
         <Last_Name>User Services</Last_Name>
         <Email>nsidc@nsidc.org</Email>
         <Phone>1-303-492-6199</Phone>
         <Fax>1-303-492-2468</Fax>
         <Contact_Address>
            <Address>National Snow and Ice Data Center</Address>
            <Address>CIRES, 449 UCB</Address>
            <Address>University of Colorado</Address>
            <City>Boulder</City>
            <Province_or_State>CO</Province_or_State>
            <Postal_Code>80309-0449</Postal_Code>
            <Country>USA</Country>
         </Contact_Address>
      </Personnel>
   </Data_Center>
   <Distribution>
      <Distribution_Media>FTP</Distribution_Media>
      <Distribution_Format>ASCII Text (.txt)</Distribution_Format>
   </Distribution>
   <Summary>
      <Abstract>U.S. pedon data on the CAPS Version 1.0 CD-ROM, June 1998, are a sample of the pedon data contained on a CD-ROM produced by the National Soil Survey Center - Soil Survey Laboratory(NSSC-SSL). The data include recent pedons from analyses for soil characterization and research within the National Cooperative Soil Survey. Less-than-complete characterization data are available for many pedons because only selected measurements were planned or because the planned measurements are not yet complete. This database is dynamic-- data for additional pedons are added as they are sampled and analyzed, other information is updated as pedons are classified, suspect measurements are rerun and replaced, and errors are found and corrected. The data on the NSSC-SSL CD-ROM represent a 'snapshot' of the database. The database includes pedons that represent the central concept of a soil series, pedons that represent the central concept of a map unit but not of a series, and pedons sampled to bracket a range of properties within a series or landscape. Thus, attribute data for some data elements may be incomplete or missing for certain portions of the United States. In instances where data are unavailable, a mask should be used to exclude the area from the analysis. For research purposes, all data are retained in the database. Users unfamiliar with a given soil or set of data may want to consult with a research soil scientist at the National Soil Survey Center. A research soil scientist can be reached by telephone at (402) 437-5006, or by writing the Soil Survey Laboratory Head, National Soil Survey Center, Natural Resources Conservation Service, Federal Building, Room 152, 100 Centennial Mall North, Lincoln, NE 68508-3866 USA. Pedons on the CAPS Version 1.0 CD-ROM cover areas in Russia (60 deg 37 min N to 69 deg 27 min N; 159 deg 07 min E to 161 deg 33 min
E) and in Alaska (62 deg to 68 deg N; 135 deg to 149 deg W).</Abstract>
   </Summary>
   <Related_URL>
      <URL_Content_Type>
         <Type>VIEW RELATED INFORMATION</Type>
      </URL_Content_Type>
      <URL>http://nsidc.org/data/docs/fgdc/ggd272_cryosols_russ_alaska/index.html</URL>
      <Description>Documentation</Description>
   </Related_URL>
   <Related_URL>
      <URL_Content_Type>
         <Type>GET DATA</Type>
      </URL_Content_Type>
      <URL>ftp://sidads.colorado.edu/pub/DATASETS/fgdc/ggd272_cryosols_russ_alaska/</URL>
      <Description>FTP</Description>
   </Related_URL>
   <Metadata_Name>CEOS IDN DIF</Metadata_Name>
   <Metadata_Version>VERSION 9.9</Metadata_Version>
   <DIF_Creation_Date>1998-01-01</DIF_Creation_Date>
   <Last_DIF_Revision_Date>2013-03-07</Last_DIF_Revision_Date>
   <DIF_Revision_History> 1998-01-01, Transferred from mddb dataset_citation.release_date
 2003-11-06, yohe,  
 2004-01-27, yohe,  
 2004-10-11, yohe,  
 2012-08-22, Deann Miller, added dist. media and format based upon data
 2012-08-24, Deann Miller, added creator &amp; publisher info
 2013-03-07, Deann Miller, Fixed Access Data link. It was broke because an optional reg form type was not chosen from the drop down menu.
</DIF_Revision_History>
   <Extended_Metadata>
      <Metadata>
         <Group>NSIDC</Group>
         <Name>Version Summary</Name>
         <Value/>
      </Metadata>
      <Metadata>
         <Group>NSIDC</Group>
         <Name>Current Version</Name>
         <Value>1</Value>
      </Metadata>
   </Extended_Metadata>
</DIF>
