<?xml version="1.0" encoding="UTF-8"?>
<DIF xmlns:dif="http://gcmd.gsfc.nasa.gov/Aboutus/xml/dif/"
     xmlns:xsi="http://www.w3.org/2001/XMLSchema-instance"
     xsi:schemaLocation="http://gcmd.gsfc.nasa.gov/Aboutus/xml/dif/ http://gcmd.gsfc.nasa.gov/Aboutus/xml/dif/dif_v9.7.1.xsd">
   <Entry_ID>GGD200</Entry_ID>
   <Entry_Title>Borehole temperatures in deep wells of Western Siberia, Russia, 1960-1995</Entry_Title>
   <Data_Set_Citation>
      <Dataset_Creator>An, V</Dataset_Creator>
      <Dataset_Title>Borehole temperatures in deep wells of Western Siberia, Russia, 1960-1995</Dataset_Title>
      <Dataset_Release_Date>1998-01-01</Dataset_Release_Date>
      <Dataset_Release_Place>Boulder, Colorado USA</Dataset_Release_Place>
      <Dataset_Publisher>NSIDC: National Snow and Ice Data Center</Dataset_Publisher>
      <Version>1</Version>
      <Online_Resource>http://nsidc.org/data/GGD200</Online_Resource>
      <Dataset_Series_Name>GGD200</Dataset_Series_Name>
   </Data_Set_Citation>
   <Personnel>
      <Role>Investigator</Role>
      <First_Name>Victor</First_Name>
      <Last_Name>Devyatkin</Last_Name>
      <Email>ikz@ikz.ru</Email>
      <Phone>7-3452-24-36-49</Phone>
      <Fax>7-3452-22-33-80</Fax>
      <Contact_Address>
         <Address>PO Box 1230</Address>
         <City>Tyumen</City>
         <Postal_Code>625000</Postal_Code>
         <Country>Russia</Country>
      </Contact_Address>
   </Personnel>
   <Personnel>
      <Role>Investigator</Role>
      <First_Name>Victor</First_Name>
      <Last_Name>An</Last_Name>
      <Email>ikz@ikz.ru</Email>
      <Phone>7-3452-24-36-49</Phone>
      <Fax>7-3452-22-33-80</Fax>
      <Contact_Address>
         <Address>PO Box 1230</Address>
         <City>Tyumen</City>
         <Postal_Code>625000</Postal_Code>
         <Country>Russia</Country>
      </Contact_Address>
   </Personnel>
   <Parameters>
      <Category>EARTH SCIENCE</Category>
      <Topic>Cryosphere</Topic>
      <Term>Frozen Ground</Term>
      <Variable_Level_1>Permafrost</Variable_Level_1>
   </Parameters>
   <Parameters>
      <Category>EARTH SCIENCE</Category>
      <Topic>Land Surface</Topic>
      <Term>Frozen Ground</Term>
      <Variable_Level_1>Permafrost</Variable_Level_1>
   </Parameters>
   <Parameters>
      <Category>EARTH SCIENCE</Category>
      <Topic>Cryosphere</Topic>
      <Term>Frozen Ground</Term>
      <Variable_Level_1>Soil Temperature</Variable_Level_1>
   </Parameters>
   <Parameters>
      <Category>EARTH SCIENCE</Category>
      <Topic>Land Surface</Topic>
      <Term>Frozen Ground</Term>
      <Variable_Level_1>Soil Temperature</Variable_Level_1>
   </Parameters>
   <Keyword>Bedrock</Keyword>
   <Keyword>Boreholes</Keyword>
   <Keyword>Geothermal Gradient</Keyword>
   <Keyword>Mapping</Keyword>
   <Keyword>Permafrost Temperature</Keyword>
   <Keyword>Soil Temperature</Keyword>
   <Temporal_Coverage>
      <Start_Date>1960-01-01</Start_Date>
      <Stop_Date>1995-12-31</Stop_Date>
   </Temporal_Coverage>
   <Spatial_Coverage>
      <Southernmost_Latitude>60</Southernmost_Latitude>
      <Northernmost_Latitude>72</Northernmost_Latitude>
      <Westernmost_Longitude>67</Westernmost_Longitude>
      <Easternmost_Longitude>80</Easternmost_Longitude>
   </Spatial_Coverage>
   <Location>
      <Location_Category>Continent</Location_Category>
      <Location_Type>Europe</Location_Type>
      <Location_Subregion1>Eastern Europe</Location_Subregion1>
      <Location_Subregion2>Russia</Location_Subregion2>
      <Location_Subregion3/>
      <Detailed_Location>Northwestern Siberia, Russia</Detailed_Location>
   </Location>
   <Data_Set_Language>English</Data_Set_Language>
   <Data_Center>
      <Data_Center_Name>
         <Short_Name>FGDC</Short_Name>
         <Long_Name>Frozen Ground Data Center</Long_Name>
      </Data_Center_Name>
      <Data_Center_URL>http://nsidc.org/fgdc/</Data_Center_URL>
      <Personnel>
         <Role>Data Center Contact</Role>
         <First_Name>FGDC</First_Name>
         <Last_Name>User Services</Last_Name>
         <Email>nsidc@nsidc.org</Email>
         <Phone>1-303-492-6199</Phone>
         <Fax>1-303-492-2468</Fax>
         <Contact_Address>
            <Address>National Snow and Ice Data Center</Address>
            <Address>CIRES, 449 UCB</Address>
            <Address>University of Colorado</Address>
            <City>Boulder</City>
            <Province_or_State>CO</Province_or_State>
            <Postal_Code>80309-0449</Postal_Code>
            <Country>USA</Country>
         </Contact_Address>
      </Personnel>
   </Data_Center>
   <Distribution>
      <Distribution_Media>FTP</Distribution_Media>
      <Distribution_Format>GIF</Distribution_Format>
   </Distribution>
   <Distribution>
      <Distribution_Media>FTP</Distribution_Media>
      <Distribution_Format>Microsoft Excel</Distribution_Format>
   </Distribution>
   <Distribution>
      <Distribution_Media>FTP</Distribution_Media>
      <Distribution_Format>Binary</Distribution_Format>
   </Distribution>
   <Reference>Devyatkin, V.N. 1993. Heat flow of Siberian permafrost. Novosibirsk, Nauka, p. 163 (in Russian).</Reference>
   <Summary>
      <Abstract>This data set is a database of the permafrost and geothermal conditions of the oil and gas deposits of Western Siberia. Data were taken from 736 plots, each having from one to ten wells. The data set includes soil and rock temperatures at 20, 50, 100, 200, 300, 400, 500, 1000, and 3000 meters; depth of the bedding of the top and bottom of permafrost layers; size of the thermal flows in the subpermafrost; and thickness of frozen layers and underlying thawed layers. Additional information includes the geographical coordinates of the sites, the air temperature, permafrost-geothermal geological sections, maps of thermal flows, and the distribution of the temperatures at each depth (down to 5000 meters). The data are presented on the CAPS Version 1.0 CD-ROM, June 1998.</Abstract>
   </Summary>
   <Related_URL>
      <URL_Content_Type>
         <Type>VIEW RELATED INFORMATION</Type>
      </URL_Content_Type>
      <URL>http://nsidc.org/data/docs/fgdc/ggd200_boreholes_siberia/index.html</URL>
      <Description>Documentation</Description>
   </Related_URL>
   <Related_URL>
      <URL_Content_Type>
         <Type>GET DATA</Type>
      </URL_Content_Type>
      <URL>ftp://sidads.colorado.edu/pub/DATASETS/fgdc/ggd200_boreholes_siberia/</URL>
      <Description>FTP</Description>
   </Related_URL>
   <Metadata_Name>CEOS IDN DIF</Metadata_Name>
   <Metadata_Version>VERSION 9.9</Metadata_Version>
   <DIF_Creation_Date>1998-01-01</DIF_Creation_Date>
   <Last_DIF_Revision_Date>2012-08-24</Last_DIF_Revision_Date>
   <DIF_Revision_History> 1998-01-01, Transferred from mddb dataset_citation.release_date
 2004-09-21, yohe,  
 2012-08-22, Deann Miller, added dist. media and formats
 2012-08-24, Deann Miller, added creator &amp; publisher info
</DIF_Revision_History>
   <Extended_Metadata>
      <Metadata>
         <Group>NSIDC</Group>
         <Name>Version Summary</Name>
         <Value/>
      </Metadata>
      <Metadata>
         <Group>NSIDC</Group>
         <Name>Current Version</Name>
         <Value>1</Value>
      </Metadata>
   </Extended_Metadata>
</DIF>
