<?xml version="1.0" encoding="UTF-8"?>
<DIF xmlns:dif="http://gcmd.gsfc.nasa.gov/Aboutus/xml/dif/"
     xmlns:xsi="http://www.w3.org/2001/XMLSchema-instance"
     xsi:schemaLocation="http://gcmd.gsfc.nasa.gov/Aboutus/xml/dif/ http://gcmd.gsfc.nasa.gov/Aboutus/xml/dif/dif_v9.7.1.xsd">
   <Entry_ID>GGD273</Entry_ID>
   <Entry_Title>Soil temperatures from Disko Island (Qeqertarsuaq/Godhavn), Greenland</Entry_Title>
   <Data_Set_Citation>
      <Dataset_Creator>Nielsen, N., Humlum, O., and B.U. Hansen</Dataset_Creator>
      <Dataset_Title>Soil temperatures from Disko Island (Qeqertarsuaq/Godhavn), Greenland</Dataset_Title>
      <Dataset_Release_Date>2003-01-01</Dataset_Release_Date>
      <Dataset_Release_Place>Boulder, Colorado USA</Dataset_Release_Place>
      <Dataset_Publisher>NSIDC: National Snow and Ice Data Center</Dataset_Publisher>
      <Version>1</Version>
      <Online_Resource>http://nsidc.org/data/GGD273</Online_Resource>
      <Dataset_Series_Name>GGD273</Dataset_Series_Name>
   </Data_Set_Citation>
   <Personnel>
      <Role>Investigator</Role>
      <First_Name>Hanne</First_Name>
      <Middle_Name>H.</Middle_Name>
      <Last_Name>Christiansen</Last_Name>
      <Email>hanne.christiansen@unis.no</Email>
      <Email>hhc@server1.geogr.ku.dk</Email>
      <Phone>47- 79 02 33 20</Phone>
      <Contact_Address>
         <City>Longyearbyen</City>
         <Postal_Code>N-9171</Postal_Code>
         <Country>Norway</Country>
      </Contact_Address>
   </Personnel>
   <Personnel>
      <Role>Investigator</Role>
      <First_Name>Niels</First_Name>
      <Last_Name>Nielsen</Last_Name>
      <Email>nn@geogr.ku.dk</Email>
      <Phone>45 3532 2160</Phone>
      <Fax>45 3532 2150</Fax>
      <Contact_Address>
         <Address>Oster Voldgade 10</Address>
         <City>Copenkagen</City>
         <Postal_Code>DK 1350</Postal_Code>
         <Country>Denmark</Country>
      </Contact_Address>
   </Personnel>
   <Personnel>
      <Role>Investigator</Role>
      <First_Name>Birger Ulf</First_Name>
      <Last_Name>Hansen</Last_Name>
      <Email>buh@geogr.ku.dk</Email>
      <Contact_Address>
         <Address>Oster Voldgade 10</Address>
         <City>Copenkagen</City>
         <Postal_Code>DK 1350</Postal_Code>
         <Country>Denmark</Country>
      </Contact_Address>
   </Personnel>
   <Personnel>
      <Role>Investigator</Role>
      <First_Name>Ole</First_Name>
      <Last_Name>Humlum</Last_Name>
      <Email>oleh@unis.no</Email>
      <Phone>47- 79 02 33 00</Phone>
      <Fax>47- 79 02 33 01</Fax>
      <Contact_Address>
         <Address>P.O. Box 156</Address>
         <City>Longyearbyen</City>
         <Postal_Code>9171</Postal_Code>
         <Country>Norway</Country>
      </Contact_Address>
   </Personnel>
   <Parameters>
      <Category>EARTH SCIENCE</Category>
      <Topic>Cryosphere</Topic>
      <Term>Frozen Ground</Term>
      <Variable_Level_1>Soil Temperature</Variable_Level_1>
   </Parameters>
   <Parameters>
      <Category>EARTH SCIENCE</Category>
      <Topic>Land Surface</Topic>
      <Term>Frozen Ground</Term>
      <Variable_Level_1>Soil Temperature</Variable_Level_1>
   </Parameters>
   <Parameters>
      <Category>EARTH SCIENCE</Category>
      <Topic>Land Surface</Topic>
      <Term>Soils</Term>
      <Variable_Level_1>Soil Temperature</Variable_Level_1>
   </Parameters>
   <Parameters>
      <Category>EARTH SCIENCE</Category>
      <Topic>Atmosphere</Topic>
      <Term>Atmospheric Temperature</Term>
      <Variable_Level_1>Surface Air Temperature</Variable_Level_1>
   </Parameters>
   <Keyword>Soil Properties</Keyword>
   <Keyword>Soil Temperature</Keyword>
   <Keyword>Thermal Properties</Keyword>
   <Temporal_Coverage>
      <Start_Date>1991-01-01</Start_Date>
      <Stop_Date>2002-12-31</Stop_Date>
   </Temporal_Coverage>
   <Spatial_Coverage>
      <Southernmost_Latitude>69.15</Southernmost_Latitude>
      <Northernmost_Latitude>69.15</Northernmost_Latitude>
      <Westernmost_Longitude>-53.34</Westernmost_Longitude>
      <Easternmost_Longitude>-53.34</Easternmost_Longitude>
   </Spatial_Coverage>
   <Location>
      <Location_Category>Continent</Location_Category>
      <Location_Type>North America</Location_Type>
      <Location_Subregion1>Greenland</Location_Subregion1>
      <Location_Subregion2/>
      <Location_Subregion3/>
      <Detailed_Location>Qeqertarssuaq/Godhavn, Greenland</Detailed_Location>
   </Location>
   <Data_Set_Language>English</Data_Set_Language>
   <Data_Center>
      <Data_Center_Name>
         <Short_Name>FGDC</Short_Name>
         <Long_Name>Frozen Ground Data Center</Long_Name>
      </Data_Center_Name>
      <Data_Center_URL>http://nsidc.org/fgdc/</Data_Center_URL>
      <Personnel>
         <Role>Data Center Contact</Role>
         <First_Name>FGDC</First_Name>
         <Last_Name>User Services</Last_Name>
         <Email>nsidc@nsidc.org</Email>
         <Phone>1-303-492-6199</Phone>
         <Fax>1-303-492-2468</Fax>
         <Contact_Address>
            <Address>National Snow and Ice Data Center</Address>
            <Address>CIRES, 449 UCB</Address>
            <Address>University of Colorado</Address>
            <City>Boulder</City>
            <Province_or_State>CO</Province_or_State>
            <Postal_Code>80309-0449</Postal_Code>
            <Country>USA</Country>
         </Contact_Address>
      </Personnel>
   </Data_Center>
   <Distribution>
      <Distribution_Media>FTP</Distribution_Media>
      <Distribution_Format>ASCII Text (.txt)</Distribution_Format>
   </Distribution>
   <Reference>Hansen, B.U., O. Humlum, and N. Nielsen. 2000. Meteorological Observations in 1996 at the Arctic Station, Qeqertarsuaq (69º15'N), Central West Greenland.
 Danish Journal of Geography 100:85-87.

Hansen, B.U., O. Humlum, N. Nielsen, M. Rasch, and P. Funch. 1997. Meteorological Observations in 1996 at the Arctic Station, Qeqertarsuaq (Godhavn), Central West Greenland. Danish Journal of Geography 97:152-153.

Humlum, O., B.U. Hansen, and N. Nielsen. 2002. Meteorological Observations in
2001 at the Arctic Station, Qeqertarsuaq (69º15'N), Central West Greenland.
Danish Journal of Geography 102:103-105.

 Humlum, O., N. Nielsen, and B.U. Hansen. 1999. Meteorological Observation in
 1998 at the Arctic Station, Qeqertarsuaq (69º15'N), Central West Greenland.
 Danish Journal of Geography 99:113-115.  

Humlum, O., N. Nielsen, M. Rasch, and B.U. Hansen. 1996. Meteorological
Observations in 1995 at the Arctic Station, Qeqertarsuaq (Godhavn), Central
West Greenland. Danish Journal of Geography 96:119-122.

Nielsen, N., O. Humlum, and B.U. Hansen. 2001. Meteorological Observations in
2000 at the Arctic Station (69º15'N), Central West Greenland. Danish Journal of
Geography 101:155-158.

Nielsen, N., O. Humlum, and B.U. Hansen. 1998. Meteorological Observation in
1997 at the Arctic Station, Qeqertarsuaq (69º15'N), Central West Greenland.
Danish Journal of Geography 98:81-83.

Nielsen, N., O. Humlum, B.U. Hansen, and M. Rasch. 1995. Meteorological
Observations at Arctic Station, Qeqertarsuaq (Godhavn), Central West Greenland.
Danish Journal of Geography 95:97-104.</Reference>
   <Summary>
      <Abstract>A meteorological station at 69 deg 15'N, 53 deg 34'W, Godhavn village, Greenland, measured air temperatures at 6 m above the ground, and soil temperatures (deg C) at 0.05 m, 0.6 m, 1.75 m, and 3 m below the surface. The station automatically measured data every half hour. Data extend from 01 January 1991 to 16 November 2002. Data are in tab-delimited ASCII text format and are available via FTP.</Abstract>
   </Summary>
   <Related_URL>
      <URL_Content_Type>
         <Type>VIEW RELATED INFORMATION</Type>
      </URL_Content_Type>
      <URL>http://nsidc.org/data/docs/fgdc/ggd273_soiltemp_greenland/index.html</URL>
      <Description>Documentation</Description>
   </Related_URL>
   <Related_URL>
      <URL_Content_Type>
         <Type>GET DATA</Type>
      </URL_Content_Type>
      <URL>ftp://sidads.colorado.edu/pub/DATASETS/fgdc/ggd273_soiltemp_greenland/</URL>
      <Description>FTP</Description>
   </Related_URL>
   <Metadata_Name>CEOS IDN DIF</Metadata_Name>
   <Metadata_Version>VERSION 9.9</Metadata_Version>
   <DIF_Creation_Date>2003-01-01</DIF_Creation_Date>
   <Last_DIF_Revision_Date>2012-08-24</Last_DIF_Revision_Date>
   <DIF_Revision_History> 2003-01-01, Transferred from mddb dataset_citation.release_date
 2012-08-22, Deann Miller, added dist. media &amp; format per documentation
 2012-08-24, Deann Miller, added creator and publisher info
</DIF_Revision_History>
   <Extended_Metadata>
      <Metadata>
         <Group>NSIDC</Group>
         <Name>Version Summary</Name>
         <Value/>
      </Metadata>
      <Metadata>
         <Group>NSIDC</Group>
         <Name>Current Version</Name>
         <Value>1</Value>
      </Metadata>
   </Extended_Metadata>
</DIF>
