<?xml version="1.0" encoding="UTF-8"?>
<DIF xmlns:dif="http://gcmd.gsfc.nasa.gov/Aboutus/xml/dif/"
     xmlns:xsi="http://www.w3.org/2001/XMLSchema-instance"
     xsi:schemaLocation="http://gcmd.gsfc.nasa.gov/Aboutus/xml/dif/ http://gcmd.gsfc.nasa.gov/Aboutus/xml/dif/dif_v9.7.1.xsd">
   <Entry_ID>GGD247</Entry_ID>
   <Entry_Title>Patterned Ground Features in Discontinuous Permafrost, Interior Alaska, USA</Entry_Title>
   <Data_Set_Citation>
      <Dataset_Creator>James Walters</Dataset_Creator>
      <Dataset_Title>Patterned Ground Features in Discontinuous Permafrost, Interior Alaska, USA</Dataset_Title>
      <Dataset_Release_Date>2003-07-25</Dataset_Release_Date>
      <Dataset_Release_Place>Boulder, Colorado USA</Dataset_Release_Place>
      <Dataset_Publisher>NSIDC: National Snow and Ice Data Center</Dataset_Publisher>
      <Version>1</Version>
      <Online_Resource>http://nsidc.org/data/GGD247</Online_Resource>
      <Dataset_Series_Name>GGD247</Dataset_Series_Name>
   </Data_Set_Citation>
   <Personnel>
      <Role>Investigator</Role>
      <First_Name>James C.</First_Name>
      <Last_Name>Walters</Last_Name>
      <Email>walters@uni.edu</Email>
      <Phone>1-319-273-2707</Phone>
      <Fax>1-319-273-7124</Fax>
      <Contact_Address>
         <City>Cedar Falls</City>
         <Province_or_State>IA</Province_or_State>
         <Postal_Code>50614</Postal_Code>
         <Country>USA</Country>
      </Contact_Address>
   </Personnel>
   <Parameters>
      <Category>EARTH SCIENCE</Category>
      <Topic>Cryosphere</Topic>
      <Term>Frozen Ground</Term>
      <Variable_Level_1>Active Layer</Variable_Level_1>
   </Parameters>
   <Parameters>
      <Category>EARTH SCIENCE</Category>
      <Topic>Land Surface</Topic>
      <Term>Frozen Ground</Term>
      <Variable_Level_1>Active Layer</Variable_Level_1>
   </Parameters>
   <Parameters>
      <Category>EARTH SCIENCE</Category>
      <Topic>Cryosphere</Topic>
      <Term>Frozen Ground</Term>
      <Variable_Level_1>Periglacial Processes</Variable_Level_1>
      <Detailed_Variable>Patterned Ground</Detailed_Variable>
   </Parameters>
   <Parameters>
      <Category>EARTH SCIENCE</Category>
      <Topic>Land Surface</Topic>
      <Term>Frozen Ground</Term>
      <Variable_Level_1>Periglacial Processes</Variable_Level_1>
      <Detailed_Variable>Patterned Ground</Detailed_Variable>
   </Parameters>
   <ISO_Topic_Category>Environment</ISO_Topic_Category>
   <Keyword>Active Layer</Keyword>
   <Keyword>Patterned Ground</Keyword>
   <Keyword>Periglacial Features</Keyword>
   <Keyword>Periglacial Processes</Keyword>
   <Source_Name>
      <Short_Name>GROUND STATIONS</Short_Name>
   </Source_Name>
   <Source_Name>
      <Short_Name>GROUND-BASED OBSERVATIONS</Short_Name>
   </Source_Name>
   <Temporal_Coverage>
      <Start_Date>1982-01-01</Start_Date>
   </Temporal_Coverage>
   <Spatial_Coverage>
      <Southernmost_Latitude>63</Southernmost_Latitude>
      <Northernmost_Latitude>63.167</Northernmost_Latitude>
      <Westernmost_Longitude>-146.5</Westernmost_Longitude>
      <Easternmost_Longitude>-146</Easternmost_Longitude>
   </Spatial_Coverage>
   <Location>
      <Location_Category>Continent</Location_Category>
      <Location_Type>North America</Location_Type>
      <Location_Subregion1>United States Of America</Location_Subregion1>
      <Location_Subregion2/>
      <Location_Subregion3/>
      <Detailed_Location>Denali Highway, Alaska</Detailed_Location>
   </Location>
   <Location>
      <Location_Category>Continent</Location_Category>
      <Location_Type>North America</Location_Type>
      <Location_Subregion1/>
      <Location_Subregion2/>
      <Location_Subregion3/>
      <Detailed_Location>Alaska</Detailed_Location>
   </Location>
   <Data_Set_Language>English</Data_Set_Language>
   <Data_Center>
      <Data_Center_Name>
         <Short_Name>FGDC</Short_Name>
         <Long_Name>Frozen Ground Data Center</Long_Name>
      </Data_Center_Name>
      <Data_Center_URL>http://nsidc.org/fgdc/</Data_Center_URL>
      <Personnel>
         <Role>Data Center Contact</Role>
         <First_Name>FGDC</First_Name>
         <Last_Name>User Services</Last_Name>
         <Email>nsidc@nsidc.org</Email>
         <Phone>1-303-492-6199</Phone>
         <Fax>1-303-492-2468</Fax>
         <Contact_Address>
            <Address>National Snow and Ice Data Center</Address>
            <Address>CIRES, 449 UCB</Address>
            <Address>University of Colorado</Address>
            <City>Boulder</City>
            <Province_or_State>CO</Province_or_State>
            <Postal_Code>80309-0449</Postal_Code>
            <Country>USA</Country>
         </Contact_Address>
      </Personnel>
   </Data_Center>
   <Distribution>
      <Distribution_Format>Paper</Distribution_Format>
   </Distribution>
   <Reference>Walters, J.C. 1988. Observations of sorted circle activity, 
central Alaska. International Permafrost Conference, 5th. 
Proceedings, p. 886-891.
 
Walters, J.C. 1988. Observations of sorted patterned ground 
features, High Valley/Tangle Lakes region, central Alaska, U.S.A. 
Zeit. Geomorph., N.F., Suppl.-Bd. 71, p. 93-106.
 
Walters, J.C. 1993. Sorted circle dynamics: 10 years of 
field observations from central Alaska. International Permafrost 
 Conference, 6th. Proceedings, p. 1346.</Reference>
   <Summary>
      <Abstract>This data set consists of active layer depth measurements, and photography and surveys of patterned ground activity at the Tangle Lakes, MacLaren Summit, and High Valley areas along the Denali Highway in Alaska. Repetitive photography and surveys of wooden dowels, metal spikes, and marked stones provided a rudimentary means of documenting and monitoring patterned ground activity.  Active layer depth was measured annually with a permafrost probe, usually in late July and August.</Abstract>
   </Summary>
   <Related_URL>
      <URL_Content_Type>
         <Type>GET DATA</Type>
      </URL_Content_Type>
      <URL>mailto:walters@uni.edu</URL>
      <Description>Get External Data</Description>
   </Related_URL>
   <Metadata_Name>CEOS IDN DIF</Metadata_Name>
   <Metadata_Version>VERSION 9.9</Metadata_Version>
   <DIF_Creation_Date>2003-07-25</DIF_Creation_Date>
   <Last_DIF_Revision_Date>2012-09-18</Last_DIF_Revision_Date>
   <DIF_Revision_History> 2004-10-11, yohe,  
 2005-01-07, yohe,  
 2003-07-25, yohe,  
 2012-09-18, Deann Miller, added dist. format
</DIF_Revision_History>
   <Extended_Metadata>
      <Metadata>
         <Group>NSIDC</Group>
         <Name>Version Summary</Name>
         <Value/>
      </Metadata>
      <Metadata>
         <Group>NSIDC</Group>
         <Name>Current Version</Name>
         <Value>1</Value>
      </Metadata>
   </Extended_Metadata>
</DIF>
