<?xml version="1.0" encoding="UTF-8"?>
<DIF xmlns:dif="http://gcmd.gsfc.nasa.gov/Aboutus/xml/dif/"
     xmlns:xsi="http://www.w3.org/2001/XMLSchema-instance"
     xsi:schemaLocation="http://gcmd.gsfc.nasa.gov/Aboutus/xml/dif/ http://gcmd.gsfc.nasa.gov/Aboutus/xml/dif/dif_v9.7.1.xsd">
   <Entry_ID>GGD320</Entry_ID>
   <Entry_Title>Permafrost Map of Alaska, USA</Entry_Title>
   <Data_Set_Citation>
      <Dataset_Creator>Ferrians, O</Dataset_Creator>
      <Dataset_Title>Permafrost Map of Alaska, USA</Dataset_Title>
      <Dataset_Release_Date>1998-01-01</Dataset_Release_Date>
      <Dataset_Release_Place>Boulder, Colorado USA</Dataset_Release_Place>
      <Dataset_Publisher>NSIDC: National Snow and Ice Data Center</Dataset_Publisher>
      <Version>1</Version>
      <Online_Resource>http://nsidc.org/data/GGD320</Online_Resource>
      <Dataset_Series_Name>GGD320</Dataset_Series_Name>
   </Data_Set_Citation>
   <Personnel>
      <Role>Investigator</Role>
      <First_Name>Emily</First_Name>
      <Last_Name>Binnian</Last_Name>
      <Email>binnian@usgs.gov</Email>
      <Phone>1-907-786-7020</Phone>
      <Fax>1-907-786-7036</Fax>
      <Contact_Address>
         <Address>4230 University Drive</Address>
         <City>Anchorage</City>
         <Province_or_State>Alaska</Province_or_State>
         <Postal_Code>99508-4664</Postal_Code>
         <Country>USA</Country>
      </Contact_Address>
   </Personnel>
   <Personnel>
      <Role>Investigator</Role>
      <First_Name>Oscar</First_Name>
      <Last_Name>Ferrians</Last_Name>
   </Personnel>
   <Parameters>
      <Category>EARTH SCIENCE</Category>
      <Topic>Agriculture</Topic>
      <Term>Soils</Term>
      <Variable_Level_1>Permafrost</Variable_Level_1>
   </Parameters>
   <Parameters>
      <Category>EARTH SCIENCE</Category>
      <Topic>Cryosphere</Topic>
      <Term>Frozen Ground</Term>
      <Variable_Level_1>Permafrost</Variable_Level_1>
   </Parameters>
   <Parameters>
      <Category>EARTH SCIENCE</Category>
      <Topic>Cryosphere</Topic>
      <Term>Snow/Ice</Term>
      <Variable_Level_1>Permafrost</Variable_Level_1>
   </Parameters>
   <Keyword>Continuous Permafrost</Keyword>
   <Keyword>Discontinuous Permafrost</Keyword>
   <Keyword>Mapping</Keyword>
   <Keyword>Mountain Permafrost</Keyword>
   <Keyword>Permafrost Extent</Keyword>
   <Spatial_Coverage>
      <Southernmost_Latitude>51</Southernmost_Latitude>
      <Northernmost_Latitude>71.4</Northernmost_Latitude>
      <Westernmost_Longitude>-130</Westernmost_Longitude>
      <Easternmost_Longitude>172</Easternmost_Longitude>
   </Spatial_Coverage>
   <Location>
      <Location_Category>Continent</Location_Category>
      <Location_Type>North America</Location_Type>
      <Location_Subregion1>United States Of America</Location_Subregion1>
      <Location_Subregion2/>
      <Location_Subregion3/>
      <Detailed_Location>Alaska, USA</Detailed_Location>
   </Location>
   <Data_Set_Language>English</Data_Set_Language>
   <Data_Center>
      <Data_Center_Name>
         <Short_Name>FGDC</Short_Name>
         <Long_Name>Frozen Ground Data Center</Long_Name>
      </Data_Center_Name>
      <Data_Center_URL>http://nsidc.org/fgdc/</Data_Center_URL>
      <Personnel>
         <Role>Data Center Contact</Role>
         <First_Name>FGDC</First_Name>
         <Last_Name>User Services</Last_Name>
         <Email>nsidc@nsidc.org</Email>
         <Phone>1-303-492-6199</Phone>
         <Fax>1-303-492-2468</Fax>
         <Contact_Address>
            <Address>National Snow and Ice Data Center</Address>
            <Address>CIRES, 449 UCB</Address>
            <Address>University of Colorado</Address>
            <City>Boulder</City>
            <Province_or_State>CO</Province_or_State>
            <Postal_Code>80309-0449</Postal_Code>
            <Country>USA</Country>
         </Contact_Address>
      </Personnel>
   </Data_Center>
   <Distribution>
      <Distribution_Media>FTP</Distribution_Media>
      <Distribution_Format>ArcGIS</Distribution_Format>
   </Distribution>
   <Multimedia_Sample>
      <File>http://nsidc.org/fgdc/maps/images/alaska_map_tmb.gif</File>
      <URL>http://nsidc.org/fgdc/maps/alaska_browse.html</URL>
      <Caption>Map Thumbnail</Caption>
   </Multimedia_Sample>
   <Multimedia_Sample>
      <File>http://nsidc.org/fgdc/maps/images/alaska_map_brws.gif</File>
      <URL/>
      <Caption>Browse image of Permafrost Map of Alaska, USA.</Caption>
   </Multimedia_Sample>
   <Reference>Ferrians, O.J. 1965. Permafrost map of Alaska. U.S.
Geological Survey. Miscellaneous Geologic Investigations Map I-
445. Scale 1:2,500,000.</Reference>
   <Summary>
      <Abstract>This data set consists of a geo-referenced digital map and attribute data derived from the publication 'Permafrost map of Alaska'. The map is presented at a scale of 1 to 2,500,000 and shows the correlation of physiographic province to presence of permafrost across the state of Alaska. The digital data were prepared under the U.S. Geological Survey Global Change Program, Land Data Systems - Arctic Land Processes Studies for display and analysis of terrain. The line work was captured by hand digitizing the source map, Ferrians, O.J., 1965, Permafrost map of Alaska - U.S. Geological Survey Miscellaneous Geologic Investigations Map I-445. Scale 1 to 2,500,000. The digital map was assembled and edited in ARC/INFO. The source map projection is polyconic. It is based on the Clarke 1866 ellipsoid with a central meridian of 150 W longitude. The data were geo-referenced from digitizer coordinates to the polyconic projection and then projected into an Albers Equal Area projection. The coastline was taken from the U.S Geological Survey, 1 to 2,000,000 scale Digital Line Graph data (U.S. Geological Survey, 1987). Attributes for the permafrost map were assigned. Metadata documentation was completed in 1996. The map units are closed polygons that are generalized in shape and size. They are defined in terms of their physiographic characteristics and association with permafrost. Each unit differs with respect to all other units and is uniquely identified as follows.
11 Mountainous Area underlain by continuous permafrost
12 Mountainous Area underlain by discontinuous permafrost
13 Mountainous Area underlain by isolated masses of permafrost
21 Lowland and Upland Area underlain by thick permafrost
22 Lowland and Upland Area underlain by moderately thick to thin permafrost
23 Lowland and Upland Area underlain by discontinuous permafrost
24 Lowland and Upland Area underlain by numerous isolated masses of permafrost
25 Lowland and Upland Area underlain by isolated masses of permafrost
26 Lowland and Upland Area generally free of permafrost

Use constraints -  The U.S. Geological Survey should be acknowledged as the data source in products derived from these data. The data are general in nature and should not be used at a scale larger than 1 to 2,500,000, that of the original map. Users must assume responsibility to determine the usability of this data for their purposes. The use of these data is not restricted and may be interpreted by organizations, agencies, units of government or others; however, they are responsible for its appropriate application. Digital data files are periodically updated. Files are dated and users are responsible for obtaining the latest revisions of the data. Although these data have been processed successfully on a computer system at the U.S. Geological Survey, no warranty expressed or implied is made by the agency regarding the utility of the data on any other system, nor shall the act of distribution constitute any such warranty. A copy of this map is presented on the CAPS Version 1.0 CD-ROM, June 1998.</Abstract>
   </Summary>
   <Related_URL>
      <URL_Content_Type>
         <Type>VIEW RELATED INFORMATION</Type>
      </URL_Content_Type>
      <URL>http://nsidc.org/data/docs/fgdc/ggd320_map_alaska/index.html</URL>
      <Description>Documentation</Description>
   </Related_URL>
   <Related_URL>
      <URL_Content_Type>
         <Type>GET DATA</Type>
      </URL_Content_Type>
      <URL>ftp://sidads.colorado.edu/pub/DATASETS/fgdc/ggd320_map_alaska/</URL>
      <Description>FTP</Description>
   </Related_URL>
   <Related_URL>
      <URL_Content_Type>
         <Type>VIEW RELATED INFORMATION</Type>
      </URL_Content_Type>
      <URL>http://nsidc.org/data/gis/</URL>
      <Description>GIS Data and Resources at NSIDC</Description>
   </Related_URL>
   <Metadata_Name>CEOS IDN DIF</Metadata_Name>
   <Metadata_Version>VERSION 9.9</Metadata_Version>
   <DIF_Creation_Date>1998-01-01</DIF_Creation_Date>
   <Last_DIF_Revision_Date>2013-03-07</Last_DIF_Revision_Date>
   <DIF_Revision_History> 1998-01-01, Transferred from mddb dataset_citation.release_date
 2004-06-04, yohe,  
 2007-09-18, lfrench, John added sample image URLs to multimedia in DIF. Also corrected some spatial coverage errors. GGDs 320, 600, 601, 602, 603, 648. Send to GCMD.
 2010-03-05, Deann Miller, Replacing Broken URLs
 2012-08-23, Deann Miller, added dist. media &amp; format based on data
 2012-08-29, Deann Miller, added creator/pub info
 2013-03-07, Deann Miller, Fixed Access Data link. It was broke because an optional reg form type was not chosen from the drop down menu.
</DIF_Revision_History>
   <Extended_Metadata>
      <Metadata>
         <Group>NSIDC</Group>
         <Name>Version Summary</Name>
         <Value/>
      </Metadata>
      <Metadata>
         <Group>NSIDC</Group>
         <Name>Current Version</Name>
         <Value>1</Value>
      </Metadata>
   </Extended_Metadata>
</DIF>
