<?xml version="1.0" encoding="UTF-8"?>
<DIF xmlns:dif="http://gcmd.gsfc.nasa.gov/Aboutus/xml/dif/"
     xmlns:xsi="http://www.w3.org/2001/XMLSchema-instance"
     xsi:schemaLocation="http://gcmd.gsfc.nasa.gov/Aboutus/xml/dif/ http://gcmd.gsfc.nasa.gov/Aboutus/xml/dif/dif_v9.7.1.xsd">
   <Entry_ID>GGD309</Entry_ID>
   <Entry_Title>Rock glacier velocities, Selwyn Mountains, Yukon and NWT, Canada</Entry_Title>
   <Data_Set_Citation>
      <Dataset_Creator>Sloan, V.</Dataset_Creator>
      <Dataset_Title>Rock glacier velocities, Selwyn Mountains, Yukon and NWT, Canada</Dataset_Title>
      <Dataset_Release_Date>1998-01-01</Dataset_Release_Date>
      <Dataset_Release_Place>Boulder, Colorado USA</Dataset_Release_Place>
      <Dataset_Publisher>NSIDC: National Snow and Ice Data Center</Dataset_Publisher>
      <Version>1</Version>
      <Online_Resource>http://nsidc.org/data/GGD309</Online_Resource>
      <Dataset_Series_Name>GGD309</Dataset_Series_Name>
   </Data_Set_Citation>
   <Personnel>
      <Role>Investigator</Role>
      <First_Name>Valerie</First_Name>
      <Last_Name>Sloan</Last_Name>
      <Email>sloanv@colorado.edu</Email>
      <Phone>1-303-492-8160</Phone>
      <Fax>1-303-492-6388</Fax>
      <Contact_Address>
         <Address>Campus Box 450</Address>
         <City>Boulder</City>
         <Province_or_State>CO</Province_or_State>
         <Postal_Code>80309-0450</Postal_Code>
         <Country>USA</Country>
      </Contact_Address>
   </Personnel>
   <Personnel>
      <Role>Investigator</Role>
      <First_Name>Valerie</First_Name>
      <Last_Name>Sloan</Last_Name>
      <Email>sloanv@colorado.edu</Email>
      <Phone>1-303-492-8160</Phone>
      <Fax>1-303-492-6388</Fax>
      <Contact_Address>
         <Address>Campus Box 450</Address>
         <City>Boulder</City>
         <Province_or_State>CO</Province_or_State>
         <Postal_Code>80309-0450</Postal_Code>
         <Country>USA</Country>
      </Contact_Address>
   </Personnel>
   <Personnel>
      <Role>Investigator</Role>
      <First_Name>Larry D.</First_Name>
      <Last_Name>Dyke</Last_Name>
      <Email>ldyke@gsc.nrcan.gov</Email>
      <Fax>1-613-492-2468</Fax>
      <Contact_Address>
         <Address>601 Booth Street</Address>
         <City>Ottawa</City>
         <Province_or_State>Ontario</Province_or_State>
         <Postal_Code>K1A 0E8</Postal_Code>
         <Country>Canada</Country>
      </Contact_Address>
   </Personnel>
   <Parameters>
      <Category>EARTH SCIENCE</Category>
      <Topic>Cryosphere</Topic>
      <Term>Frozen Ground</Term>
      <Variable_Level_1>Periglacial Processes</Variable_Level_1>
   </Parameters>
   <Parameters>
      <Category>EARTH SCIENCE</Category>
      <Topic>Land Surface</Topic>
      <Term>Frozen Ground</Term>
      <Variable_Level_1>Periglacial Processes</Variable_Level_1>
   </Parameters>
   <Parameters>
      <Category>EARTH SCIENCE</Category>
      <Topic>Cryosphere</Topic>
      <Term>Frozen Ground</Term>
      <Variable_Level_1>Rock Glaciers</Variable_Level_1>
   </Parameters>
   <Parameters>
      <Category>EARTH SCIENCE</Category>
      <Topic>Land Surface</Topic>
      <Term>Frozen Ground</Term>
      <Variable_Level_1>Rock Glaciers</Variable_Level_1>
   </Parameters>
   <Keyword>Mapping</Keyword>
   <Keyword>Rock Glaciers</Keyword>
   <Temporal_Coverage>
      <Start_Date>1983-01-01</Start_Date>
      <Stop_Date>1995-12-31</Stop_Date>
   </Temporal_Coverage>
   <Spatial_Coverage>
      <Southernmost_Latitude>61</Southernmost_Latitude>
      <Northernmost_Latitude>62</Northernmost_Latitude>
      <Westernmost_Longitude>-130</Westernmost_Longitude>
      <Easternmost_Longitude>-128</Easternmost_Longitude>
   </Spatial_Coverage>
   <Location>
      <Location_Category>Continent</Location_Category>
      <Location_Type>North America</Location_Type>
      <Location_Subregion1>Canada</Location_Subregion1>
      <Location_Subregion2/>
      <Location_Subregion3/>
      <Detailed_Location>Frances Lake map area, Selwyn Mountains, Yukon and Northwest Territories, Canda</Detailed_Location>
   </Location>
   <Data_Set_Language>English</Data_Set_Language>
   <Data_Center>
      <Data_Center_Name>
         <Short_Name>FGDC</Short_Name>
         <Long_Name>Frozen Ground Data Center</Long_Name>
      </Data_Center_Name>
      <Data_Center_URL>http://nsidc.org/fgdc/</Data_Center_URL>
      <Personnel>
         <Role>Data Center Contact</Role>
         <First_Name>FGDC</First_Name>
         <Last_Name>User Services</Last_Name>
         <Email>nsidc@nsidc.org</Email>
         <Phone>1-303-492-6199</Phone>
         <Fax>1-303-492-2468</Fax>
         <Contact_Address>
            <Address>National Snow and Ice Data Center</Address>
            <Address>CIRES, 449 UCB</Address>
            <Address>University of Colorado</Address>
            <City>Boulder</City>
            <Province_or_State>CO</Province_or_State>
            <Postal_Code>80309-0449</Postal_Code>
            <Country>USA</Country>
         </Contact_Address>
      </Personnel>
   </Data_Center>
   <Distribution>
      <Distribution_Media>FTP</Distribution_Media>
      <Distribution_Format>ASCII Text (.txt)</Distribution_Format>
   </Distribution>
   <Reference>Dyke, A. S. 1990a. A lichenometric study of Holocene rock
glaciers and Neoglacial moraines, Frances Lake map area,
Southeastern Yukon Territory and Northwest Territories.
Geological Survey of Canada, Bulletin, 394. 33 p.

Dyke, A. S. 1990b. Quaternary geology of the Frances Lake
map area, Yukon and Northwest Territories. Memoir - Geological
Survey of Canada, 426. 39 p.

Dyke, A. S. 1990c. Surficial materials and landforms, Dolly
Varden Creek, Yukon Territory. Geological Survey of Canada, Map
1677A, scale 1:100,000.

Dyke, A. S. 1990d. Surficial Materials and landforms,
Frances River, Yukon Territory, Geological Survey of Canada.
Geological Survey of Canada, Map 1676A, scale 1:100,000.

Dyke, A. S. 1990e. Surficial materials and landforms, Yuzeyu
River, Yukon Territory, Geological Survey of Canada. Geological
Survey of Canada, Map 1674A, scale 1:100,000.

Dyke, A. S. 1990f. Surficial materials and landforms, Little
Hyland River, Yukon Territory and District of Mackenzie,
Geological Survey of Canada, Map 1675A, scale 1:100,000.

Sloan, V. F., and Dyke, L.D. 1998. Rock glacier velocities
in the Selwyn Mountains, Yukon and Northwest Territories, Canada.
In: Proceedings of the VII International Conference on Permafrost. Yellowknife, NWT., Canada.

Sloan, V.F., and L.D. Dyke. 1998. Rock glacier velocities
in the Selwyn Mountains, Yukon and Northwest Territories, Canada:
An extended abstract and data. In: International Permafrost
Association, Data and Information Working Group, comp.
Circumpolar Active-layer Permafrost System (CAPS), version 1.0.
CD-ROM available from National Snow and Ice Data Center,
nsidc@kryos.colorado.edu. Boulder, Colorado: NSIDC, University of Colorado at Boulder.

Sloan, V.F., and L.D. Dyke. (submitted). Decadal- and millennial velocities of rock glaciers in the Selwyn Mountains,
Canada. Geog. Ann.</Reference>
   <Summary>
      <Abstract>An average of 6 markers were surveyed on each of 15 rock glaciers, once each in 1983 and 1995 using a level (1983) and a theodolite (1995). Measurement error was on the order of 3 percent, however, the greatest variability in observed velocities is explained by the varying locations of the markers on the rock glaciers. Lichen ages were determined by Dyke (1990a), and rock glacier lengths were obtained from 1:50,000 surficial geology maps used to compile the maps in Dyke (1990c-f). Please see the data documentation for further information.</Abstract>
   </Summary>
   <Related_URL>
      <URL_Content_Type>
         <Type>VIEW RELATED INFORMATION</Type>
      </URL_Content_Type>
      <URL>http://nsidc.org/data/docs/fgdc/ggd309_rockglac_canada/index.html</URL>
      <Description>Documentation</Description>
   </Related_URL>
   <Related_URL>
      <URL_Content_Type>
         <Type>GET DATA</Type>
      </URL_Content_Type>
      <URL>ftp://sidads.colorado.edu/pub/DATASETS/fgdc/ggd309_rockglac_canada/</URL>
      <Description>FTP</Description>
   </Related_URL>
   <Metadata_Name>CEOS IDN DIF</Metadata_Name>
   <Metadata_Version>VERSION 9.9</Metadata_Version>
   <DIF_Creation_Date>1998-01-01</DIF_Creation_Date>
   <Last_DIF_Revision_Date>2012-08-29</Last_DIF_Revision_Date>
   <DIF_Revision_History> 1998-01-01, Transferred from mddb dataset_citation.release_date
 2010-03-01, Deann Miller, Fixed References section. Some of the citations were running together. Fixed per the GCMD.
 2012-08-23, Deann Miller, added dist. media &amp; format based on data
 2012-08-29, Deann Miller, added creator / publisher info
</DIF_Revision_History>
   <Extended_Metadata>
      <Metadata>
         <Group>NSIDC</Group>
         <Name>Version Summary</Name>
         <Value/>
      </Metadata>
      <Metadata>
         <Group>NSIDC</Group>
         <Name>Current Version</Name>
         <Value>1</Value>
      </Metadata>
   </Extended_Metadata>
</DIF>
