<?xml version="1.0" encoding="UTF-8"?>
<DIF xmlns:dif="http://gcmd.gsfc.nasa.gov/Aboutus/xml/dif/"
     xmlns:xsi="http://www.w3.org/2001/XMLSchema-instance"
     xsi:schemaLocation="http://gcmd.gsfc.nasa.gov/Aboutus/xml/dif/ http://gcmd.gsfc.nasa.gov/Aboutus/xml/dif/dif_v9.7.1.xsd">
   <Entry_ID>GGD301</Entry_ID>
   <Entry_Title>Engineering-Geocryological Investigations in the Baikal-Amur Mainline Area, Russia</Entry_Title>
   <Data_Set_Citation>
      <Dataset_Creator>Mark A. Minkin and Eduard A. Marov</Dataset_Creator>
      <Dataset_Title>Engineering-Geocryological Investigations in the Baikal-Amur Mainline Area, Russia</Dataset_Title>
      <Dataset_Release_Date>2003-05-14</Dataset_Release_Date>
      <Dataset_Release_Place>Boulder, Colorado USA</Dataset_Release_Place>
      <Dataset_Publisher>NSIDC: National Snow and Ice Data Center</Dataset_Publisher>
      <Version>1</Version>
      <Online_Resource>http://nsidc.org/data/GGD301</Online_Resource>
      <Dataset_Series_Name>GGD301</Dataset_Series_Name>
   </Data_Set_Citation>
   <Personnel>
      <Role>Investigator</Role>
      <First_Name>Eduard A.</First_Name>
      <Last_Name>Marov</Last_Name>
      <Email>fund@fundamnt.ru</Email>
      <Phone>7-095 158 0832</Phone>
      <Fax>7-095 158-0832</Fax>
      <Contact_Address>
         <Address>Volokolamskoye Shosse, 1</Address>
         <City>Moscow</City>
         <Postal_Code>125993</Postal_Code>
         <Country>Russia</Country>
      </Contact_Address>
   </Personnel>
   <Personnel>
      <Role>Investigator</Role>
      <First_Name>Mark A.</First_Name>
      <Last_Name>Minkin</Last_Name>
      <Email>fund@fundamnt.ru</Email>
      <Phone>095 158 9538 or 158 0841</Phone>
      <Fax>1-095-158 3078</Fax>
      <Contact_Address>
         <Address>Volokolamskoye Shosse, 1</Address>
         <City>Moscow</City>
         <Postal_Code>125843 GSP</Postal_Code>
         <Country>Russia</Country>
      </Contact_Address>
   </Personnel>
   <Parameters>
      <Category>EARTH SCIENCE</Category>
      <Topic>Cryosphere</Topic>
      <Term>Frozen Ground</Term>
      <Variable_Level_1>Active Layer</Variable_Level_1>
   </Parameters>
   <Parameters>
      <Category>EARTH SCIENCE</Category>
      <Topic>Land Surface</Topic>
      <Term>Frozen Ground</Term>
      <Variable_Level_1>Active Layer</Variable_Level_1>
   </Parameters>
   <Parameters>
      <Category>EARTH SCIENCE</Category>
      <Topic>Cryosphere</Topic>
      <Term>Frozen Ground</Term>
      <Variable_Level_1>Permafrost</Variable_Level_1>
   </Parameters>
   <Parameters>
      <Category>EARTH SCIENCE</Category>
      <Topic>Cryosphere</Topic>
      <Term>Snow/Ice</Term>
      <Variable_Level_1>Permafrost</Variable_Level_1>
   </Parameters>
   <Parameters>
      <Category>EARTH SCIENCE</Category>
      <Topic>Terrestrial Hydrosphere</Topic>
      <Term>Snow/Ice</Term>
      <Variable_Level_1>Permafrost</Variable_Level_1>
   </Parameters>
   <Parameters>
      <Category>EARTH SCIENCE</Category>
      <Topic>Land Surface</Topic>
      <Term>Frozen Ground</Term>
      <Variable_Level_1>Permafrost</Variable_Level_1>
   </Parameters>
   <Parameters>
      <Category>EARTH SCIENCE</Category>
      <Topic>Land Surface</Topic>
      <Term>Soils</Term>
      <Variable_Level_1>Permafrost</Variable_Level_1>
   </Parameters>
   <Parameters>
      <Category>EARTH SCIENCE</Category>
      <Topic>Land Surface</Topic>
      <Term>Soils</Term>
      <Variable_Level_1>Soil Moisture/Water Content</Variable_Level_1>
   </Parameters>
   <Parameters>
      <Category>EARTH SCIENCE</Category>
      <Topic>Cryosphere</Topic>
      <Term>Frozen Ground</Term>
      <Variable_Level_1>Soil Temperature</Variable_Level_1>
   </Parameters>
   <Parameters>
      <Category>EARTH SCIENCE</Category>
      <Topic>Land Surface</Topic>
      <Term>Frozen Ground</Term>
      <Variable_Level_1>Soil Temperature</Variable_Level_1>
   </Parameters>
   <Parameters>
      <Category>EARTH SCIENCE</Category>
      <Topic>Land Surface</Topic>
      <Term>Soils</Term>
      <Variable_Level_1>Soil Temperature</Variable_Level_1>
   </Parameters>
   <Keyword>Active Layer</Keyword>
   <Keyword>Field Investigations</Keyword>
   <Keyword>Geophysics</Keyword>
   <Keyword>Groundwater</Keyword>
   <Keyword>Laboratory investigations</Keyword>
   <Keyword>Mapping</Keyword>
   <Keyword>Periglacial Processes</Keyword>
   <Keyword>Permafrost Extent</Keyword>
   <Keyword>Soil Properties</Keyword>
   <Keyword>Soil Temperature</Keyword>
   <Source_Name>
      <Short_Name>GROUND STATIONS</Short_Name>
   </Source_Name>
   <Source_Name>
      <Short_Name>GROUND-BASED OBSERVATIONS</Short_Name>
   </Source_Name>
   <Temporal_Coverage>
      <Start_Date>1964-01-01</Start_Date>
      <Stop_Date>1988-12-31</Stop_Date>
   </Temporal_Coverage>
   <Spatial_Coverage>
      <Southernmost_Latitude>52.5</Southernmost_Latitude>
      <Northernmost_Latitude>58.833</Northernmost_Latitude>
      <Westernmost_Longitude>113.833</Westernmost_Longitude>
      <Easternmost_Longitude>129</Easternmost_Longitude>
   </Spatial_Coverage>
   <Location>
      <Location_Category>Continent</Location_Category>
      <Location_Type>Europe</Location_Type>
      <Location_Subregion1>Eastern Europe</Location_Subregion1>
      <Location_Subregion2>Russia</Location_Subregion2>
      <Location_Subregion3/>
      <Detailed_Location>Railway stations Berkakit, Chulman, Tynda, Zeisk, cities Chida, Aldan, South Yak</Detailed_Location>
   </Location>
   <Data_Set_Language>English</Data_Set_Language>
   <Data_Center>
      <Data_Center_Name>
         <Short_Name>FGDC</Short_Name>
         <Long_Name>Frozen Ground Data Center</Long_Name>
      </Data_Center_Name>
      <Data_Center_URL>http://nsidc.org/fgdc/</Data_Center_URL>
      <Personnel>
         <Role>Data Center Contact</Role>
         <First_Name>FGDC</First_Name>
         <Last_Name>User Services</Last_Name>
         <Email>nsidc@nsidc.org</Email>
         <Phone>1-303-492-6199</Phone>
         <Fax>1-303-492-2468</Fax>
         <Contact_Address>
            <Address>National Snow and Ice Data Center</Address>
            <Address>CIRES, 449 UCB</Address>
            <Address>University of Colorado</Address>
            <City>Boulder</City>
            <Province_or_State>CO</Province_or_State>
            <Postal_Code>80309-0449</Postal_Code>
            <Country>USA</Country>
         </Contact_Address>
      </Personnel>
   </Data_Center>
   <Distribution>
      <Distribution_Format>Paper</Distribution_Format>
   </Distribution>
   <Summary>
      <Abstract>This data set includes geocryological data from boreholes in the Baikal-Amur mainline area of Russia. Parameters include soil properties, ground temperature, ground water properties, geophysical properties, and active layer depth. Data were collected during 1964-65, 1969, 1971-72, 1974-78, 1980-84, and 1987-88. The data set includes engineering-geocryological maps (1:500 to 1:2000) and geocryological sections. Data are stored at the National Geocryological Fund, Moscow, under the following Archive Numbers: 12958(10733); 12652; 12249; 12651; 8717; 11168(8080); 11115; 15087; 16753; 16562; 12933(10793); 13623; 13190(11182); 14046; 14286; 14503; 15442; and 15087. This data set is at risk of being lost.</Abstract>
   </Summary>
   <Related_URL>
      <URL_Content_Type>
         <Type>GET DATA</Type>
      </URL_Content_Type>
      <URL>mailto:mleibman@glas.apc.org, mleibman@online.ru ?Subject=Baikal-Amur Geocryological Data</URL>
      <Description>Get External Data</Description>
   </Related_URL>
   <Metadata_Name>CEOS IDN DIF</Metadata_Name>
   <Metadata_Version>VERSION 9.9</Metadata_Version>
   <DIF_Creation_Date>2003-05-14</DIF_Creation_Date>
   <Last_DIF_Revision_Date>2012-09-18</Last_DIF_Revision_Date>
   <DIF_Revision_History> 2003-05-14, kgentsch, Mass publish of changed datasets to Bipolar.
 2003-05-14, kgentsch, Mass publish of changed datasets to Bipolar.
 2004-10-11, yohe,  
 2006-08-11, lfrench, Updated external data access e-mail links per Betsy. Also added subject line to e-mail link. This seems to work, but we want to watch for any problems.
 2007-10-26, Deann Miller, For changes made, see User Comments.
 2012-09-18, Deann Miller, added dist. format
</DIF_Revision_History>
   <Extended_Metadata>
      <Metadata>
         <Group>NSIDC</Group>
         <Name>Version Summary</Name>
         <Value/>
      </Metadata>
      <Metadata>
         <Group>NSIDC</Group>
         <Name>Current Version</Name>
         <Value>1</Value>
      </Metadata>
   </Extended_Metadata>
</DIF>
