<?xml version="1.0" encoding="UTF-8"?>
<DIF xmlns:dif="http://gcmd.gsfc.nasa.gov/Aboutus/xml/dif/"
     xmlns:xsi="http://www.w3.org/2001/XMLSchema-instance"
     xsi:schemaLocation="http://gcmd.gsfc.nasa.gov/Aboutus/xml/dif/ http://gcmd.gsfc.nasa.gov/Aboutus/xml/dif/dif_v9.7.1.xsd">
   <Entry_ID>GGD416</Entry_ID>
   <Entry_Title>Ground temperatures, Liefdefjord, northwest Svalbard</Entry_Title>
   <Data_Set_Citation>
      <Dataset_Creator>King, L.</Dataset_Creator>
      <Dataset_Title>Ground temperatures, Liefdefjord, northwest Svalbard</Dataset_Title>
      <Dataset_Release_Date>1998-01-01</Dataset_Release_Date>
      <Dataset_Release_Place>Boulder, Colorado USA</Dataset_Release_Place>
      <Dataset_Publisher>NSIDC: National Snow and Ice Data Center</Dataset_Publisher>
      <Version>1</Version>
      <Online_Resource>http://nsidc.org/data/GGD416</Online_Resource>
      <Dataset_Series_Name>GGD416</Dataset_Series_Name>
   </Data_Set_Citation>
   <Personnel>
      <Role>Investigator</Role>
      <First_Name>Lorenz</First_Name>
      <Last_Name>King</Last_Name>
      <Email>Lorenz.King@geo.uni-giessen.de</Email>
      <Contact_Address>
         <Address>Neues Schloss</Address>
         <City>Giessen</City>
         <Postal_Code>D-6300</Postal_Code>
         <Country>Germany</Country>
      </Contact_Address>
   </Personnel>
   <Parameters>
      <Category>EARTH SCIENCE</Category>
      <Topic>Agriculture</Topic>
      <Term>Soils</Term>
      <Variable_Level_1>Soil Temperature</Variable_Level_1>
   </Parameters>
   <Parameters>
      <Category>EARTH SCIENCE</Category>
      <Topic>Cryosphere</Topic>
      <Term>Frozen Ground</Term>
      <Variable_Level_1>Soil Temperature</Variable_Level_1>
   </Parameters>
   <Parameters>
      <Category>EARTH SCIENCE</Category>
      <Topic>Land Surface</Topic>
      <Term>Frozen Ground</Term>
      <Variable_Level_1>Soil Temperature</Variable_Level_1>
   </Parameters>
   <Parameters>
      <Category>EARTH SCIENCE</Category>
      <Topic>Land Surface</Topic>
      <Term>Soils</Term>
      <Variable_Level_1>Soil Temperature</Variable_Level_1>
   </Parameters>
   <Keyword>Soil Temperature</Keyword>
   <Keyword>Thermal Properties</Keyword>
   <Keyword>Tundra</Keyword>
   <Temporal_Coverage>
      <Start_Date>1990-01-01</Start_Date>
      <Stop_Date>1992-12-31</Stop_Date>
   </Temporal_Coverage>
   <Spatial_Coverage>
      <Southernmost_Latitude>79.58</Southernmost_Latitude>
      <Northernmost_Latitude>79.58</Northernmost_Latitude>
      <Westernmost_Longitude>-12.975</Westernmost_Longitude>
      <Easternmost_Longitude>-12.975</Easternmost_Longitude>
   </Spatial_Coverage>
   <Location>
      <Location_Category>Ocean</Location_Category>
      <Location_Type>Atlantic Ocean</Location_Type>
      <Location_Subregion1>North Atlantic Ocean</Location_Subregion1>
      <Location_Subregion2>Svalbard And Jan Mayen</Location_Subregion2>
      <Location_Subregion3/>
      <Detailed_Location>Kiefdefjord, northwest Svalbard</Detailed_Location>
   </Location>
   <Data_Set_Language>English</Data_Set_Language>
   <Data_Center>
      <Data_Center_Name>
         <Short_Name>FGDC</Short_Name>
         <Long_Name>Frozen Ground Data Center</Long_Name>
      </Data_Center_Name>
      <Data_Center_URL>http://nsidc.org/fgdc/</Data_Center_URL>
      <Personnel>
         <Role>Data Center Contact</Role>
         <First_Name>FGDC</First_Name>
         <Last_Name>User Services</Last_Name>
         <Email>nsidc@nsidc.org</Email>
         <Phone>1-303-492-6199</Phone>
         <Fax>1-303-492-2468</Fax>
         <Contact_Address>
            <Address>National Snow and Ice Data Center</Address>
            <Address>CIRES, 449 UCB</Address>
            <Address>University of Colorado</Address>
            <City>Boulder</City>
            <Province_or_State>CO</Province_or_State>
            <Postal_Code>80309-0449</Postal_Code>
            <Country>USA</Country>
         </Contact_Address>
      </Personnel>
   </Data_Center>
   <Distribution>
      <Distribution_Media>FTP</Distribution_Media>
      <Distribution_Format>Microsoft Excel</Distribution_Format>
   </Distribution>
   <Summary>
      <Abstract>This dataset includes ground temperature data from coarse morainal (till) soil in a tundra area, on a 2-degree slope with rapid drainage, 45 m asl, at an undisturbed site with about 10 percent vegetation cover. A data logger was used with a sampling rate of 60 days; 1-day averaging period of individual measurements.</Abstract>
   </Summary>
   <Related_URL>
      <URL_Content_Type>
         <Type>VIEW RELATED INFORMATION</Type>
      </URL_Content_Type>
      <URL>http://nsidc.org/data/docs/fgdc/ggd416_soiltemp_svalbard/index.html</URL>
      <Description>Documentation</Description>
   </Related_URL>
   <Related_URL>
      <URL_Content_Type>
         <Type>GET DATA</Type>
      </URL_Content_Type>
      <URL>ftp://sidads.colorado.edu/pub/DATASETS/fgdc/ggd416_soiltemp_svalbard/</URL>
      <Description>FTP</Description>
   </Related_URL>
   <Metadata_Name>CEOS IDN DIF</Metadata_Name>
   <Metadata_Version>VERSION 9.9</Metadata_Version>
   <DIF_Creation_Date>1998-01-01</DIF_Creation_Date>
   <Last_DIF_Revision_Date>2012-08-30</Last_DIF_Revision_Date>
   <DIF_Revision_History> 1998-01-01, Transferred from mddb dataset_citation.release_date
 2012-08-23, Deann Miller, added dist. media &amp; format based on data
 2012-08-30, Deann Miller, added creator / pub info
</DIF_Revision_History>
   <Extended_Metadata>
      <Metadata>
         <Group>NSIDC</Group>
         <Name>Version Summary</Name>
         <Value/>
      </Metadata>
      <Metadata>
         <Group>NSIDC</Group>
         <Name>Current Version</Name>
         <Value>1</Value>
      </Metadata>
   </Extended_Metadata>
</DIF>
