<?xml version="1.0" encoding="UTF-8"?>
<DIF xmlns:dif="http://gcmd.gsfc.nasa.gov/Aboutus/xml/dif/"
     xmlns:xsi="http://www.w3.org/2001/XMLSchema-instance"
     xsi:schemaLocation="http://gcmd.gsfc.nasa.gov/Aboutus/xml/dif/ http://gcmd.gsfc.nasa.gov/Aboutus/xml/dif/dif_v9.7.1.xsd">
   <Entry_ID>GGD649</Entry_ID>
   <Entry_Title>Northern Hemisphere EASE-Grid Annual Freezing and Thawing  Indices, 1901 - 2002</Entry_Title>
   <Data_Set_Citation>
      <Dataset_Creator>T. Zhang, O. W. Frauenfeld, James McCreight, Roger Barry</Dataset_Creator>
      <Dataset_Title>Northern Hemisphere EASE-Grid Annual Freezing and Thawing  Indices, 1901 - 2002</Dataset_Title>
      <Dataset_Release_Date>2005-11-22</Dataset_Release_Date>
      <Dataset_Release_Place>Boulder, Colorado USA</Dataset_Release_Place>
      <Dataset_Publisher>NSIDC: National Snow and Ice Data Center</Dataset_Publisher>
      <Version>1</Version>
      <Online_Resource>http://nsidc.org/data/GGD649</Online_Resource>
      <Dataset_Series_Name>GGD649</Dataset_Series_Name>
   </Data_Set_Citation>
   <Personnel>
      <Role>Investigator</Role>
      <First_Name>Tingjun</First_Name>
      <Middle_Name>Z</Middle_Name>
      <Last_Name>Zhang</Last_Name>
      <Email>nsidc@nsidc.org</Email>
      <Phone>1-303-492-6199</Phone>
      <Fax>1-303-492-2359</Fax>
      <Contact_Address>
         <Address>UCB449</Address>
         <City>Boulder</City>
         <Province_or_State>Colorado</Province_or_State>
         <Postal_Code>80309-0449</Postal_Code>
         <Country>USA</Country>
      </Contact_Address>
   </Personnel>
   <Personnel>
      <Role>Investigator</Role>
      <First_Name>Oliver</First_Name>
      <Middle_Name>W.</Middle_Name>
      <Last_Name>Frauenfeld</Last_Name>
      <Contact_Address>
         <Address>UCB 449</Address>
         <City>Boulder</City>
         <Province_or_State>CO</Province_or_State>
         <Postal_Code>80309-0449</Postal_Code>
         <Country>USA</Country>
      </Contact_Address>
   </Personnel>
   <Personnel>
      <Role>Investigator</Role>
      <First_Name>R.</First_Name>
      <Middle_Name>G.</Middle_Name>
      <Last_Name>Barry</Last_Name>
      <Contact_Address>
         <Address>449 UCB</Address>
         <City>Boulder</City>
         <Province_or_State>CO</Province_or_State>
         <Postal_Code>80309-0449</Postal_Code>
         <Country>USA</Country>
      </Contact_Address>
   </Personnel>
   <Personnel>
      <Role>Technical Contact</Role>
      <First_Name>NSIDC</First_Name>
      <Last_Name>User Services</Last_Name>
      <Email>nsidc@nsidc.org</Email>
      <Phone>1-303-492-6199</Phone>
      <Fax>1-303-492-2468</Fax>
      <Contact_Address>
         <Address>CIRES, 449 UCB</Address>
         <Address>University of Colorado</Address>
         <City>Boulder</City>
         <Province_or_State>CO</Province_or_State>
         <Postal_Code>80309-0449</Postal_Code>
         <Country>USA</Country>
      </Contact_Address>
   </Personnel>
   <Parameters>
      <Category>EARTH SCIENCE</Category>
      <Topic>Atmosphere</Topic>
      <Term>Atmospheric Temperature</Term>
      <Variable_Level_1>Air Temperature</Variable_Level_1>
   </Parameters>
   <Parameters>
      <Category>EARTH SCIENCE</Category>
      <Topic>Atmosphere</Topic>
      <Term>Atmospheric Temperature</Term>
      <Variable_Level_1>Degree Days</Variable_Level_1>
      <Detailed_Variable>Freezing/Thawing Index</Detailed_Variable>
   </Parameters>
   <Parameters>
      <Category>EARTH SCIENCE</Category>
      <Topic>Atmosphere</Topic>
      <Term>Atmospheric Temperature</Term>
      <Variable_Level_1>Surface Air Temperature</Variable_Level_1>
   </Parameters>
   <ISO_Topic_Category>Climatology/Meteorology/Atmosphere</ISO_Topic_Category>
   <ISO_Topic_Category>Geoscientific Information</ISO_Topic_Category>
   <Keyword>Freezing Degree Days</Keyword>
   <Keyword>Freezing Index</Keyword>
   <Keyword>Thawing Degree-day</Keyword>
   <Keyword>Thawing Degree Days</Keyword>
   <Keyword>Thawing Index</Keyword>
   <Temporal_Coverage>
      <Start_Date>1901-01-01</Start_Date>
      <Stop_Date>2002-12-31</Stop_Date>
   </Temporal_Coverage>
   <Spatial_Coverage>
      <Southernmost_Latitude>0</Southernmost_Latitude>
      <Northernmost_Latitude>90</Northernmost_Latitude>
      <Westernmost_Longitude>-180</Westernmost_Longitude>
      <Easternmost_Longitude>180</Easternmost_Longitude>
   </Spatial_Coverage>
   <Location>
      <Location_Category>Geographic Region</Location_Category>
      <Location_Type>Northern Hemisphere</Location_Type>
      <Location_Subregion1/>
      <Location_Subregion2/>
      <Location_Subregion3/>
      <Detailed_Location/>
   </Location>
   <Data_Resolution>
      <Latitude_Resolution>25 km</Latitude_Resolution>
      <Longitude_Resolution>25 km</Longitude_Resolution>
      <Temporal_Resolution>12 month</Temporal_Resolution>
   </Data_Resolution>
   <Data_Set_Language>English</Data_Set_Language>
   <Data_Center>
      <Data_Center_Name>
         <Short_Name>FGDC</Short_Name>
         <Long_Name>Frozen Ground Data Center</Long_Name>
      </Data_Center_Name>
      <Data_Center_URL>http://nsidc.org/fgdc/</Data_Center_URL>
      <Personnel>
         <Role>Data Center Contact</Role>
         <First_Name>FGDC</First_Name>
         <Last_Name>User Services</Last_Name>
         <Email>nsidc@nsidc.org</Email>
         <Phone>1-303-492-6199</Phone>
         <Fax>1-303-492-2468</Fax>
         <Contact_Address>
            <Address>National Snow and Ice Data Center</Address>
            <Address>CIRES, 449 UCB</Address>
            <Address>University of Colorado</Address>
            <City>Boulder</City>
            <Province_or_State>CO</Province_or_State>
            <Postal_Code>80309-0449</Postal_Code>
            <Country>USA</Country>
         </Contact_Address>
      </Personnel>
   </Data_Center>
   <Distribution>
      <Distribution_Media>FTP</Distribution_Media>
      <Distribution_Format>ASCII Text (.txt)</Distribution_Format>
   </Distribution>
   <Reference>Frauenfeld, O.W., T. Zhang, and J. L. McCreight. Submitted. Climatology and variability of the 20th century Northern Hemisphere freezing/thawing index. International Journal of Climatology.

Mitchell TD, Jones PD. 2005. An improved method of constructing a database of monthly climate observations and associated high-resolution grids. International Journal of Climatology 25, 693–712. 
 Simmons A. J., P. D. Jones, V da Costa Bechtold, A. C. M. Beljaars, P. W. Kållberg, S. Saarinen, S. M. Uppala, P. Viterbo, and N. Wedi. 2004. Comparison of trends and variability in CRU, ERA-40, and NCEP/NCAR analyses of monthly-mean surface air temperature. ERA-40 Project Report Series No. 18, 38.

Willmott C.J. and K. Matsura. 2001. Terrestrial air temperature and precipitation: Monthly and annual time series (1950-1999). Newark, DE: Center for Climatic Research, Department of Geography, University of Delaware, Newark.</Reference>
   <Summary>
      <Abstract>This data set contains annual freezing and thawing indices for each year from 1901 to 2002 on the 25 km resolution Equal-Area Scalable Earth Grid (EASE-Grid). Annual freezing and thawing indices are defined as the cumulative number of degree-days when air temperatures are below and above 0 degrees C. The values were calculated based upon the monthly mean air temperature from the 1901-2002, 0.5 deg. global land temperatures from the University of East Anglia Climate Research Unit (Mitchell and Jones, 2005).

Two ASCII files are available for each year for the freezing and thawing indices, respectively. Each file is approximately 5.5 MB in size. In addition, there is one 10.4 MB ASCII file defining the latitude and longitude coordinates for each grid point. The data set is available in compressed form via FTP.</Abstract>
   </Summary>
   <Related_URL>
      <URL_Content_Type>
         <Type>VIEW RELATED INFORMATION</Type>
      </URL_Content_Type>
      <URL>http://nsidc.org/data/docs/fgdc/ggd649_freeze_thaw_nh/index.html</URL>
      <Description>Documentation</Description>
   </Related_URL>
   <Related_URL>
      <URL_Content_Type>
         <Type>GET DATA</Type>
      </URL_Content_Type>
      <URL>ftp://sidads.colorado.edu/pub/DATASETS/fgdc/ggd649_freeze_thaw_nh/</URL>
      <Description>FTP</Description>
   </Related_URL>
   <Related_URL>
      <URL_Content_Type>
         <Type>VIEW RELATED INFORMATION</Type>
      </URL_Content_Type>
      <URL>http://nsidc.org/data/ease/index.html</URL>
      <Description>All About EASE-Grid</Description>
   </Related_URL>
   <Metadata_Name>CEOS IDN DIF</Metadata_Name>
   <Metadata_Version>VERSION 9.9</Metadata_Version>
   <DIF_Creation_Date>2005-11-22</DIF_Creation_Date>
   <Last_DIF_Revision_Date>2013-03-14</Last_DIF_Revision_Date>
   <DIF_Revision_History> 2005-12-01, Transferred from mddb dataset_citation.release_date
 2005-11-22, lfrench, Send to GCMD.
 2005-12-20, lfrench, Added the missing Online Resource (catalog page) info that I found while doing QC. Ready for GCMD.
 2005-12-27, lfrench, lfrench comments-This was already published &amp; QC'ed. Was reset to Draft status as we investigated this data set having both a GGD ID and a DIF ID. Just publishing now to reset publishing status. This
 2005-12-30, Mark Parsons, changed data volumes in summary and added two references.  I don't think it needs QC, but please resubmit to the GCMD.
 2011-08-23, Deann Miller, Removed the arcss logo per Chris McNeave. This is the final process of decommissioning the ARCSS program from NSIDC. This data set is still supported by NOAA and FGDC.
 2012-08-28, Deann Miller, Added an archiving data center.
 2012-09-18, Deann Miller, deleted dupe URL in Related URLs field
 2013-03-14, Deann Miller,  Fixed broken FTP link. An optional reg form was not chosen.
</DIF_Revision_History>
   <Extended_Metadata>
      <Metadata>
         <Group>NSIDC</Group>
         <Name>Version Summary</Name>
         <Value/>
      </Metadata>
      <Metadata>
         <Group>NSIDC</Group>
         <Name>Current Version</Name>
         <Value>1</Value>
      </Metadata>
   </Extended_Metadata>
</DIF>
