<?xml version="1.0" encoding="UTF-8"?>
<DIF xmlns:dif="http://gcmd.gsfc.nasa.gov/Aboutus/xml/dif/"
     xmlns:xsi="http://www.w3.org/2001/XMLSchema-instance"
     xsi:schemaLocation="http://gcmd.gsfc.nasa.gov/Aboutus/xml/dif/ http://gcmd.gsfc.nasa.gov/Aboutus/xml/dif/dif_v9.7.1.xsd">
   <Entry_ID>GGD624</Entry_ID>
   <Entry_Title>Monthly Summaries of Soil Temperature and Soil Moisture at Sites in Alaska</Entry_Title>
   <Data_Set_Citation>
      <Dataset_Creator>Paetzold, R., ed</Dataset_Creator>
      <Dataset_Title>Monthly Summaries of Soil Temperature and Soil Moisture at Sites in Alaska</Dataset_Title>
      <Dataset_Release_Date>2003-01-01</Dataset_Release_Date>
      <Dataset_Release_Place>Boulder, Colorado USA</Dataset_Release_Place>
      <Dataset_Publisher>NSIDC: National Snow and Ice Data Center</Dataset_Publisher>
      <Version>1</Version>
      <Online_Resource>http://nsidc.org/data/GGD624</Online_Resource>
      <Dataset_Series_Name>GGD624</Dataset_Series_Name>
   </Data_Set_Citation>
   <Personnel>
      <Role>Investigator</Role>
      <First_Name>Chien-Lu</First_Name>
      <Last_Name>Ping</Last_Name>
      <Email>pfclp@uaa.alaska.edu</Email>
      <Phone>1-907-746-9462</Phone>
      <Contact_Address>
         <Address>533 E. Fireweed</Address>
         <City>Palmer</City>
         <Province_or_State>AK</Province_or_State>
         <Postal_Code>99645</Postal_Code>
         <Country>USA</Country>
      </Contact_Address>
   </Personnel>
   <Personnel>
      <Role>Investigator</Role>
      <First_Name>Kenneth</First_Name>
      <Middle_Name>M.</Middle_Name>
      <Last_Name>Hinkel</Last_Name>
      <Email>Ken_Hinkel@compuserve.com</Email>
      <Phone>1-513-556-3421</Phone>
      <Contact_Address>
         <Address>ML131</Address>
         <City>Cincinnati</City>
         <Province_or_State>OH</Province_or_State>
         <Postal_Code>45221-0131</Postal_Code>
         <Country>USA</Country>
      </Contact_Address>
   </Personnel>
   <Personnel>
      <Role>Investigator</Role>
      <First_Name>Frederick</First_Name>
      <Middle_Name>E. (Fritz)</Middle_Name>
      <Last_Name>Nelson</Last_Name>
      <Email>fnelson@udel.edu</Email>
      <Contact_Address>
         <City>Newark</City>
         <Province_or_State>DE</Province_or_State>
         <Country>USA</Country>
      </Contact_Address>
   </Personnel>
   <Personnel>
      <Role>Investigator</Role>
      <First_Name>Ron</First_Name>
      <Last_Name>Paetzold</Last_Name>
      <Email>ron.paetzold@nssc.nrcs.usda.gov</Email>
      <Phone>1-402-437-4133</Phone>
      <Fax>1-402-437-5336</Fax>
      <Contact_Address>
         <Address>Federal Building</Address>
         <City>Lincoln</City>
         <Province_or_State>NE</Province_or_State>
         <Postal_Code>68508</Postal_Code>
         <Country>USA</Country>
      </Contact_Address>
   </Personnel>
   <Parameters>
      <Category>EARTH SCIENCE</Category>
      <Topic>Land Surface</Topic>
      <Term>Soils</Term>
      <Variable_Level_1>Soil Moisture/Water Content</Variable_Level_1>
   </Parameters>
   <Parameters>
      <Category>EARTH SCIENCE</Category>
      <Topic>Cryosphere</Topic>
      <Term>Frozen Ground</Term>
      <Variable_Level_1>Soil Temperature</Variable_Level_1>
   </Parameters>
   <Parameters>
      <Category>EARTH SCIENCE</Category>
      <Topic>Land Surface</Topic>
      <Term>Frozen Ground</Term>
      <Variable_Level_1>Soil Temperature</Variable_Level_1>
   </Parameters>
   <Parameters>
      <Category>EARTH SCIENCE</Category>
      <Topic>Land Surface</Topic>
      <Term>Soils</Term>
      <Variable_Level_1>Soil Temperature</Variable_Level_1>
   </Parameters>
   <Keyword>Alaskan North Slope</Keyword>
   <Keyword>Soil Moisture</Keyword>
   <Keyword>Soil Temperature</Keyword>
   <Temporal_Coverage>
      <Start_Date>1995-09-01</Start_Date>
      <Stop_Date>2001-08-31</Stop_Date>
   </Temporal_Coverage>
   <Spatial_Coverage>
      <Southernmost_Latitude>59.7583</Southernmost_Latitude>
      <Northernmost_Latitude>70.475</Northernmost_Latitude>
      <Westernmost_Longitude>-159.6722</Westernmost_Longitude>
      <Easternmost_Longitude>-147.9139</Easternmost_Longitude>
   </Spatial_Coverage>
   <Location>
      <Location_Category>Continent</Location_Category>
      <Location_Type>North America</Location_Type>
      <Location_Subregion1>United States Of America</Location_Subregion1>
      <Location_Subregion2/>
      <Location_Subregion3/>
      <Detailed_Location/>
   </Location>
   <Data_Set_Language>English</Data_Set_Language>
   <Data_Center>
      <Data_Center_Name>
         <Short_Name>FGDC</Short_Name>
         <Long_Name>Frozen Ground Data Center</Long_Name>
      </Data_Center_Name>
      <Data_Center_URL>http://nsidc.org/fgdc/</Data_Center_URL>
      <Personnel>
         <Role>Data Center Contact</Role>
         <First_Name>FGDC</First_Name>
         <Last_Name>User Services</Last_Name>
         <Email>nsidc@nsidc.org</Email>
         <Phone>1-303-492-6199</Phone>
         <Fax>1-303-492-2468</Fax>
         <Contact_Address>
            <Address>National Snow and Ice Data Center</Address>
            <Address>CIRES, 449 UCB</Address>
            <Address>University of Colorado</Address>
            <City>Boulder</City>
            <Province_or_State>CO</Province_or_State>
            <Postal_Code>80309-0449</Postal_Code>
            <Country>USA</Country>
         </Contact_Address>
      </Personnel>
   </Data_Center>
   <Reference>Anisimov, O.A., N.I. Shiklomanov, and F.E. Nelson. 2002. Variability of seasonal thaw depth in permafrost regions: a stochastic modeling approach. Ecological Modeling 153(3): 217-227.

Bockheim, J.G., D.A. Walker, L.R. Everett, F.E. Nelson, and N.I. Shiklomanov. 1998. Soils and cryoturbation in moist nonacidic and acidic tundra in the Kuparuk River basin, Arctic Alaska, USA. Arctic and Alpine Research 30(2): 166-174.

Hinkel, K. 1997. Estimating seasonal values of thermal diffusivity in thawed and frozen soils using temperature time series. Cold Regions Science and Technology 26(1): 1-15.

Hinkel K.M., and S.I. Outcalt. 1994. Identification of heat-transfer processes during soil cooling, freezing, and thaw in central Alaska. Permafrost and Periglacial Processes 5(4): 217-235.

Hinkel, K.M., F. Paetzold, F.E. Nelson, and J.G. Bockheim. 2001. Patterns of soil temperature and moisture in the active layer and upper permafrost at Barrow, Alaska: 1993-1999. Global and Planetary Change 29(3-4): 293-309.

Hinkel, K.M., F.E. Nelson, Y. Shur, J. Brown, and K.R. Everett. 1998. Temporal changes in moisture content of the active layer and near-surface permafrost at Barrow, Alaska, USA: 1962-1994. Arctic and Alpine Research 28(3): 300-310.

Hinkel K.M., S.I. Outcalt, and A.E. Taylor. 1997. Seasonal patterns of coupled flow in the active layer at three sites in northwest North America. Canadian Journal of Earth Sciences 34(5): 667-678.

Shiklomanov, N.I., and F.E. Nelson. 2002. Active-layer mapping at regional scales: A 13-year spatial time series for the Kuparuk region, north-central Alaska. Permafrost and Periglacial Processes 13(3): 219-230.

Shiklomanov, N.I., and F.E. Nelson. 1999. Analytic representation of the active layer thickness field, Kuparuk River Basin, Alaska. Ecological Modeling 123(2-3): 105-125.

Nelson F.E., N.I. Shiklomanov, and G.R. Mueller. 1999. Variability of active-layer thickness at multiple spatial scales, north-central Alaska, USA. Arctic, Antarctic, and Alpine Research 31(2): 179-186.

Nelson, F.E., K.M. Hinkel, N.I. Shiklomanov, G.R. Mueller, L.L. Miller, and D.A. Walker. 1998. Active-layer thickness in north central Alaska: Systematic sampling, scale, and spatial autocorrelation. Journal of Geophysical Research - Atmospheres 103(D22): 28963-28973.

Nelson F.E., N.I. Shiklomanov, G.R. Mueller, K.M. Hinkel, D.A. Walker, and J.G. Bockheim. 1997. Estimating active-layer thickness over a large region: Kuparuk River Basin, Alaska, USA. Arctic and Alpine Research 29(4): 367-378.

Ping, C.L, J.G. Bockheim, J.M. Kimble, G.J. Michaelson, and D.A. Walker. 1998. Characteristics of cryogenic soils along a latitudinal transect in Arctic. Alaska. Journal of Geophysical Research - Atmospheres 103(D22): 28917-28928.
</Reference>
   <Summary>
      <Abstract>This data set contains soil temperature and soil moisture from 17 sites in Alaska. Temporal coverage varies by station; the earliest record is from September 1995, and the latest is from August 2001. Data from individual stations are available in tab-delimited ASCII text files. An Excel spreadsheet contains the same data compiled together in a single file. NSIDC currently provides these summary data via ftp; the full soil temperature and moisture data set is available from Ron Paetzold, USDA.</Abstract>
   </Summary>
   <Related_URL>
      <URL_Content_Type>
         <Type>VIEW RELATED INFORMATION</Type>
      </URL_Content_Type>
      <URL>http://nsidc.org/data/docs/fgdc/ggd624_soiltemp_alaska/index.html</URL>
      <Description>Documentation</Description>
   </Related_URL>
   <Related_URL>
      <URL_Content_Type>
         <Type>GET DATA</Type>
      </URL_Content_Type>
      <URL>ftp://sidads.colorado.edu/pub/DATASETS/fgdc/ggd624_soiltemp_alaska/</URL>
      <Description>FTP</Description>
   </Related_URL>
   <Metadata_Name>CEOS IDN DIF</Metadata_Name>
   <Metadata_Version>VERSION 9.9</Metadata_Version>
   <DIF_Creation_Date>2003-01-01</DIF_Creation_Date>
   <Last_DIF_Revision_Date>2012-08-28</Last_DIF_Revision_Date>
   <DIF_Revision_History> 2003-01-01, Transferred from mddb dataset_citation.release_date
 2003-05-21, yohe,  
 2003-05-27, yohe,  
 2003-06-09, yohe,  
 2003-06-11, yohe,  
 2012-03-28, Deann Miller, Added publisher for EDB conversion.
 2012-08-28, Deann Miller, Added an archiving data center.
</DIF_Revision_History>
   <Extended_Metadata>
      <Metadata>
         <Group>NSIDC</Group>
         <Name>Version Summary</Name>
         <Value/>
      </Metadata>
      <Metadata>
         <Group>NSIDC</Group>
         <Name>Current Version</Name>
         <Value>1</Value>
      </Metadata>
   </Extended_Metadata>
</DIF>
