<?xml version="1.0" encoding="UTF-8"?>
<DIF xmlns:dif="http://gcmd.gsfc.nasa.gov/Aboutus/xml/dif/"
     xmlns:xsi="http://www.w3.org/2001/XMLSchema-instance"
     xsi:schemaLocation="http://gcmd.gsfc.nasa.gov/Aboutus/xml/dif/ http://gcmd.gsfc.nasa.gov/Aboutus/xml/dif/dif_v9.7.1.xsd">
   <Entry_ID>GGD625</Entry_ID>
   <Entry_Title>Monthly Summaries of Soil Temperature and Soil Moisture in China</Entry_Title>
   <Data_Set_Citation>
      <Dataset_Creator>Paetzold, R., ed</Dataset_Creator>
      <Dataset_Title>Monthly Summaries of Soil Temperature and Soil Moisture in China</Dataset_Title>
      <Dataset_Release_Date>2003-01-01</Dataset_Release_Date>
      <Dataset_Release_Place>Boulder, Colorado USA</Dataset_Release_Place>
      <Dataset_Publisher>NSIDC: National Snow and Ice Data Center</Dataset_Publisher>
      <Version>1</Version>
      <Online_Resource>http://nsidc.org/data/GGD625</Online_Resource>
      <Dataset_Series_Name>GGD625</Dataset_Series_Name>
   </Data_Set_Citation>
   <Personnel>
      <Role>Investigator</Role>
      <First_Name>Zhao</First_Name>
      <Last_Name>Lin</Last_Name>
      <Email>linzhao@ns.lzb.ac.cn</Email>
      <Phone>86-931-8832935</Phone>
      <Fax>86-931-8821894</Fax>
      <Contact_Address>
         <Address>260 Donggang West Road</Address>
         <City>Lanzhou</City>
         <Province_or_State>Gansu</Province_or_State>
         <Postal_Code>730000</Postal_Code>
         <Country>China</Country>
      </Contact_Address>
   </Personnel>
   <Personnel>
      <Role>Investigator</Role>
      <First_Name>Ron</First_Name>
      <Last_Name>Paetzold</Last_Name>
      <Email>ron.paetzold@nssc.nrcs.usda.gov</Email>
      <Phone>1-402-437-4133</Phone>
      <Fax>1-402-437-5336</Fax>
      <Contact_Address>
         <Address>Federal Building</Address>
         <City>Lincoln</City>
         <Province_or_State>NE</Province_or_State>
         <Postal_Code>68508</Postal_Code>
         <Country>USA</Country>
      </Contact_Address>
   </Personnel>
   <Personnel>
      <Role>Investigator</Role>
      <First_Name>Chien-Lu</First_Name>
      <Last_Name>Ping</Last_Name>
      <Email>pfclp@uaa.alaska.edu</Email>
      <Phone>1-907-746-9462</Phone>
      <Contact_Address>
         <Address>533 E. Fireweed</Address>
         <City>Palmer</City>
         <Province_or_State>AK</Province_or_State>
         <Postal_Code>99645</Postal_Code>
         <Country>USA</Country>
      </Contact_Address>
   </Personnel>
   <Parameters>
      <Category>EARTH SCIENCE</Category>
      <Topic>Atmosphere</Topic>
      <Term>Atmospheric Water Vapor</Term>
      <Variable_Level_1>Humidity</Variable_Level_1>
   </Parameters>
   <Parameters>
      <Category>EARTH SCIENCE</Category>
      <Topic>Atmosphere</Topic>
      <Term>Precipitation</Term>
      <Variable_Level_1>Rain</Variable_Level_1>
   </Parameters>
   <Parameters>
      <Category>EARTH SCIENCE</Category>
      <Topic>Land Surface</Topic>
      <Term>Soils</Term>
      <Variable_Level_1>Soil Moisture/Water Content</Variable_Level_1>
   </Parameters>
   <Parameters>
      <Category>EARTH SCIENCE</Category>
      <Topic>Cryosphere</Topic>
      <Term>Frozen Ground</Term>
      <Variable_Level_1>Soil Temperature</Variable_Level_1>
   </Parameters>
   <Parameters>
      <Category>EARTH SCIENCE</Category>
      <Topic>Land Surface</Topic>
      <Term>Frozen Ground</Term>
      <Variable_Level_1>Soil Temperature</Variable_Level_1>
   </Parameters>
   <Parameters>
      <Category>EARTH SCIENCE</Category>
      <Topic>Land Surface</Topic>
      <Term>Soils</Term>
      <Variable_Level_1>Soil Temperature</Variable_Level_1>
   </Parameters>
   <Parameters>
      <Category>EARTH SCIENCE</Category>
      <Topic>Atmosphere</Topic>
      <Term>Atmospheric Temperature</Term>
      <Variable_Level_1>Surface Air Temperature</Variable_Level_1>
   </Parameters>
   <Parameters>
      <Category>EARTH SCIENCE</Category>
      <Topic>Atmosphere</Topic>
      <Term>Atmospheric Winds</Term>
      <Variable_Level_1>Surface Winds</Variable_Level_1>
   </Parameters>
   <Keyword>Soil Moisture</Keyword>
   <Keyword>Soil Temperature</Keyword>
   <Temporal_Coverage>
      <Start_Date>1998-06-01</Start_Date>
      <Stop_Date>2002-05-31</Stop_Date>
   </Temporal_Coverage>
   <Spatial_Coverage>
      <Southernmost_Latitude>31.8361</Southernmost_Latitude>
      <Northernmost_Latitude>43.3194</Northernmost_Latitude>
      <Westernmost_Longitude>86.8861</Westernmost_Longitude>
      <Easternmost_Longitude>94.175</Easternmost_Longitude>
   </Spatial_Coverage>
   <Location>
      <Location_Category>Continent</Location_Category>
      <Location_Type>Asia</Location_Type>
      <Location_Subregion1>Eastern Asia</Location_Subregion1>
      <Location_Subregion2>China</Location_Subregion2>
      <Location_Subregion3/>
      <Detailed_Location/>
   </Location>
   <Data_Set_Language>English</Data_Set_Language>
   <Data_Center>
      <Data_Center_Name>
         <Short_Name>FGDC</Short_Name>
         <Long_Name>Frozen Ground Data Center</Long_Name>
      </Data_Center_Name>
      <Data_Center_URL>http://nsidc.org/fgdc/</Data_Center_URL>
      <Personnel>
         <Role>Data Center Contact</Role>
         <First_Name>FGDC</First_Name>
         <Last_Name>User Services</Last_Name>
         <Email>nsidc@nsidc.org</Email>
         <Phone>1-303-492-6199</Phone>
         <Fax>1-303-492-2468</Fax>
         <Contact_Address>
            <Address>National Snow and Ice Data Center</Address>
            <Address>CIRES, 449 UCB</Address>
            <Address>University of Colorado</Address>
            <City>Boulder</City>
            <Province_or_State>CO</Province_or_State>
            <Postal_Code>80309-0449</Postal_Code>
            <Country>USA</Country>
         </Contact_Address>
      </Personnel>
   </Data_Center>
   <Summary>
      <Abstract>This data set contains soil temperature and soil moisture data from nine sites in China. Temporal coverage varies by station; the earliest record is from June 1998, and the latest is from May 2002. Data from individual stations are available in tab-delimited ASCII text files. An Excel spreadsheet contains the same data compiled together in a single file. NSIDC currently provides these summary data via ftp; the full soil temperature and moisture data set is available from Ron Paetzold, USDA.
</Abstract>
   </Summary>
   <Related_URL>
      <URL_Content_Type>
         <Type>VIEW RELATED INFORMATION</Type>
      </URL_Content_Type>
      <URL>http://nsidc.org/data/docs/fgdc/ggd625_soiltemp_china/index.html</URL>
      <Description>Documentation</Description>
   </Related_URL>
   <Related_URL>
      <URL_Content_Type>
         <Type>GET DATA</Type>
      </URL_Content_Type>
      <URL>ftp://sidads.colorado.edu/pub/DATASETS/fgdc/ggd625_soiltemp_china/</URL>
      <Description>FTP</Description>
   </Related_URL>
   <Metadata_Name>CEOS IDN DIF</Metadata_Name>
   <Metadata_Version>VERSION 9.9</Metadata_Version>
   <DIF_Creation_Date>2003-01-01</DIF_Creation_Date>
   <Last_DIF_Revision_Date>2012-08-28</Last_DIF_Revision_Date>
   <DIF_Revision_History> 2003-01-01, Transferred from mddb dataset_citation.release_date
 2003-05-27, yohe,  
 2003-06-05, yohe,  
 2012-03-28, Deann Miller, Added publisher for EDB conversion.
 2012-08-28, Deann Miller, Added an archiving data center.
</DIF_Revision_History>
   <Extended_Metadata>
      <Metadata>
         <Group>NSIDC</Group>
         <Name>Version Summary</Name>
         <Value/>
      </Metadata>
      <Metadata>
         <Group>NSIDC</Group>
         <Name>Current Version</Name>
         <Value>1</Value>
      </Metadata>
   </Extended_Metadata>
</DIF>
