<?xml version="1.0" encoding="UTF-8"?>
<DIF xmlns:dif="http://gcmd.gsfc.nasa.gov/Aboutus/xml/dif/"
     xmlns:xsi="http://www.w3.org/2001/XMLSchema-instance"
     xsi:schemaLocation="http://gcmd.gsfc.nasa.gov/Aboutus/xml/dif/ http://gcmd.gsfc.nasa.gov/Aboutus/xml/dif/dif_v9.7.1.xsd">
   <Entry_ID>GGD637</Entry_ID>
   <Entry_Title>Digital Geotechnical Database for the Mackenzie Valley/Delta Region</Entry_Title>
   <Data_Set_Citation>
      <Dataset_Creator>Margo Burgess, Sharon Smith, and Ted Lawrence</Dataset_Creator>
      <Dataset_Title>Digital Geotechnical Database for the Mackenzie Valley/Delta Region</Dataset_Title>
      <Dataset_Release_Date>2003-06-12</Dataset_Release_Date>
      <Dataset_Release_Place>Boulder, Colorado USA</Dataset_Release_Place>
      <Dataset_Publisher>NSIDC: National Snow and Ice Data Center</Dataset_Publisher>
      <Version>1</Version>
      <Online_Resource>http://nsidc.org/data/GGD637</Online_Resource>
      <Dataset_Series_Name>GGD637</Dataset_Series_Name>
   </Data_Set_Citation>
   <Personnel>
      <Role>Investigator</Role>
      <First_Name>Margo</First_Name>
      <Last_Name>Burgess</Last_Name>
      <Email>mburgess@nrcan.gc.ca</Email>
      <Phone>1-613-996 9317</Phone>
      <Fax>1-613-992 0190</Fax>
      <Contact_Address>
         <Address>601 Booth Street</Address>
         <City>Ottawa</City>
         <Province_or_State>Ontario</Province_or_State>
         <Postal_Code>K1A 0E8</Postal_Code>
         <Country>Canada</Country>
      </Contact_Address>
   </Personnel>
   <Personnel>
      <Role>Investigator</Role>
      <First_Name>Sharon</First_Name>
      <Last_Name>Smith</Last_Name>
      <Email>ssmith@nrcan.gc.ca</Email>
      <Phone>1-613-947-7066</Phone>
      <Fax>1-613-992-0190</Fax>
      <Contact_Address>
         <Address>601 Booth St.</Address>
         <City>Ottawa</City>
         <Province_or_State>Ontario</Province_or_State>
         <Postal_Code>K1A 0E8</Postal_Code>
         <Country>Canada</Country>
      </Contact_Address>
   </Personnel>
   <Personnel>
      <Role>Investigator</Role>
      <First_Name>Ted</First_Name>
      <Last_Name>Lawrence</Last_Name>
      <Email>lawrence@nrcan.gc.ca</Email>
      <Phone>1-613-995-7644</Phone>
      <Fax>1-613-992 0190</Fax>
      <Contact_Address>
         <Address>601 Booth St.</Address>
         <City>Ottawa</City>
         <Province_or_State>Ontario</Province_or_State>
         <Postal_Code>K1A 0E8</Postal_Code>
         <Country>Canada</Country>
      </Contact_Address>
   </Personnel>
   <Parameters>
      <Category>EARTH SCIENCE</Category>
      <Topic>Agriculture</Topic>
      <Term>Soils</Term>
      <Variable_Level_1>Permafrost</Variable_Level_1>
   </Parameters>
   <Parameters>
      <Category>EARTH SCIENCE</Category>
      <Topic>Cryosphere</Topic>
      <Term>Frozen Ground</Term>
      <Variable_Level_1>Permafrost</Variable_Level_1>
   </Parameters>
   <Parameters>
      <Category>EARTH SCIENCE</Category>
      <Topic>Cryosphere</Topic>
      <Term>Snow/Ice</Term>
      <Variable_Level_1>Permafrost</Variable_Level_1>
   </Parameters>
   <Parameters>
      <Category>EARTH SCIENCE</Category>
      <Topic>Terrestrial Hydrosphere</Topic>
      <Term>Snow/Ice</Term>
      <Variable_Level_1>Permafrost</Variable_Level_1>
   </Parameters>
   <Parameters>
      <Category>EARTH SCIENCE</Category>
      <Topic>Land Surface</Topic>
      <Term>Frozen Ground</Term>
      <Variable_Level_1>Permafrost</Variable_Level_1>
   </Parameters>
   <Parameters>
      <Category>EARTH SCIENCE</Category>
      <Topic>Land Surface</Topic>
      <Term>Soils</Term>
      <Variable_Level_1>Permafrost</Variable_Level_1>
   </Parameters>
   <Parameters>
      <Category>EARTH SCIENCE</Category>
      <Topic>Agriculture</Topic>
      <Term>Soils</Term>
      <Variable_Level_1>Soil Temperature</Variable_Level_1>
   </Parameters>
   <Parameters>
      <Category>EARTH SCIENCE</Category>
      <Topic>Cryosphere</Topic>
      <Term>Frozen Ground</Term>
      <Variable_Level_1>Soil Temperature</Variable_Level_1>
   </Parameters>
   <Parameters>
      <Category>EARTH SCIENCE</Category>
      <Topic>Land Surface</Topic>
      <Term>Frozen Ground</Term>
      <Variable_Level_1>Soil Temperature</Variable_Level_1>
   </Parameters>
   <Parameters>
      <Category>EARTH SCIENCE</Category>
      <Topic>Land Surface</Topic>
      <Term>Soils</Term>
      <Variable_Level_1>Soil Temperature</Variable_Level_1>
   </Parameters>
   <Keyword>Boreholes</Keyword>
   <Keyword>Engineering</Keyword>
   <Keyword>geotechnical data</Keyword>
   <Keyword>Permafrost</Keyword>
   <Temporal_Coverage>
      <Start_Date>1968-01-01</Start_Date>
      <Stop_Date>1991-12-31</Stop_Date>
   </Temporal_Coverage>
   <Data_Set_Progress>complete</Data_Set_Progress>
   <Spatial_Coverage>
      <Southernmost_Latitude>59.4</Southernmost_Latitude>
      <Northernmost_Latitude>70.5</Northernmost_Latitude>
      <Westernmost_Longitude>119</Westernmost_Longitude>
      <Easternmost_Longitude>138</Easternmost_Longitude>
   </Spatial_Coverage>
   <Location>
      <Location_Category>Continent</Location_Category>
      <Location_Type>North America</Location_Type>
      <Location_Subregion1>Canada</Location_Subregion1>
      <Location_Subregion2/>
      <Location_Subregion3/>
      <Detailed_Location/>
   </Location>
   <Data_Set_Language>English</Data_Set_Language>
   <Originating_Center>FGDC</Originating_Center>
   <Data_Center>
      <Data_Center_Name>
         <Short_Name>FGDC</Short_Name>
         <Long_Name>Frozen Ground Data Center</Long_Name>
      </Data_Center_Name>
      <Data_Center_URL>http://nsidc.org/fgdc/</Data_Center_URL>
      <Personnel>
         <Role>Data Center Contact</Role>
         <First_Name>FGDC</First_Name>
         <Last_Name>User Services</Last_Name>
         <Email>nsidc@nsidc.org</Email>
         <Phone>1-303-492-6199</Phone>
         <Fax>1-303-492-2468</Fax>
         <Contact_Address>
            <Address>National Snow and Ice Data Center</Address>
            <Address>CIRES, 449 UCB</Address>
            <Address>University of Colorado</Address>
            <City>Boulder</City>
            <Province_or_State>CO</Province_or_State>
            <Postal_Code>80309-0449</Postal_Code>
            <Country>USA</Country>
         </Contact_Address>
      </Personnel>
   </Data_Center>
   <Reference>Burgess, M.M., Smith, S.L., Chartrand, J. and Lawarence, D.E. (in prep.) Digital geotechnical database for the Mackenzie Valley/Delta region. Geological Survey of Canada Open File Report.

Lawrence, D.E. and Proudfoot, D.A. 1976. Mackenzie Valley Geotechnical Data Bank - Hard Copy; Department of Energy Mines and Resources, Geological Survey of Canada, Open Files 421 to 425, 22 p + microfiches. 

Proudfoot, D.A. and Lawrence, D.E. 1976. Mackenzie Valley Geotechnical Data Bank, Tape Description Manual; Department of Energy Mines and Resources, Geological Survey of Canada, Open File 350, 21 p.
</Reference>
   <Summary>
      <Abstract>The Mackenzie Valley Geotechnical Database is a compilation of existing geological and geotechnical data for over 12,000 boreholes that extend from the arctic coast to northwestern Alberta. Additional information on site conditions such as terrain disturbance, vegetation and geomorphology are also included. The original database, compiled in the early 1970s by Proudfoot and Lawrence (1976), contained over 11,000 boreholes. Most of these data were obtained from pipeline and highway related field drilling programs conducted between 1970 and 1975. In the early 1990s approximately 1400 boreholes were added to the database. These data included some of the site investigations undertaken for the construction of the Norman Wells Pipeline Project and the Mackenzie Highway. The Geological Survey of Canada has compiled data for all boreholes into a searchable GIS compatible relational database in Microsoft Access format.</Abstract>
   </Summary>
   <Related_URL>
      <URL_Content_Type>
         <Type>GET DATA</Type>
      </URL_Content_Type>
      <URL>mailto:mburgess@nrcan.gc.ca</URL>
      <Description>Get External Data</Description>
   </Related_URL>
   <Metadata_Name>CEOS IDN DIF</Metadata_Name>
   <Metadata_Version>VERSION 9.9</Metadata_Version>
   <DIF_Creation_Date>2003-06-12</DIF_Creation_Date>
   <Last_DIF_Revision_Date>2005-01-24</Last_DIF_Revision_Date>
   <DIF_Revision_History> 2003-06-12, yohe,  
 2003-07-10, yohe,  
 2004-10-11, yohe,  
 2005-01-24, yohe,  
</DIF_Revision_History>
   <Extended_Metadata>
      <Metadata>
         <Group>NSIDC</Group>
         <Name>Version Summary</Name>
         <Value/>
      </Metadata>
      <Metadata>
         <Group>NSIDC</Group>
         <Name>Current Version</Name>
         <Value>1</Value>
      </Metadata>
   </Extended_Metadata>
</DIF>
