<?xml version="1.0" encoding="UTF-8"?>
<DIF xmlns:dif="http://gcmd.gsfc.nasa.gov/Aboutus/xml/dif/"
     xmlns:xsi="http://www.w3.org/2001/XMLSchema-instance"
     xsi:schemaLocation="http://gcmd.gsfc.nasa.gov/Aboutus/xml/dif/ http://gcmd.gsfc.nasa.gov/Aboutus/xml/dif/dif_v9.7.1.xsd">
   <Entry_ID>GGD630</Entry_ID>
   <Entry_Title>Permafrost Map for Northwestern Canada (Mackenzie Region)</Entry_Title>
   <Data_Set_Citation>
      <Dataset_Creator>Heginbottom, J.A. and Radburn, L.K. (compilers)</Dataset_Creator>
      <Dataset_Title>Permafrost Map for Northwestern Canada (Mackenzie Region)</Dataset_Title>
      <Dataset_Release_Date>1992-01-01</Dataset_Release_Date>
      <Dataset_Release_Place>Boulder, Colorado USA</Dataset_Release_Place>
      <Dataset_Publisher>NSIDC: National Snow and Ice Data Center</Dataset_Publisher>
      <Version>1</Version>
      <Online_Resource>http://nsidc.org/data/GGD630</Online_Resource>
      <Dataset_Series_Name>GGD630</Dataset_Series_Name>
   </Data_Set_Citation>
   <Personnel>
      <Role>Investigator</Role>
      <First_Name>Sharon</First_Name>
      <Last_Name>Smith</Last_Name>
      <Email>ssmith@nrcan.gc.ca</Email>
      <Phone>1-613-947-7066</Phone>
      <Fax>1-613-992-0190</Fax>
      <Contact_Address>
         <Address>601 Booth St.</Address>
         <City>Ottawa</City>
         <Province_or_State>Ontario</Province_or_State>
         <Postal_Code>K1A 0E8</Postal_Code>
         <Country>Canada</Country>
      </Contact_Address>
   </Personnel>
   <Personnel>
      <Role>Investigator</Role>
      <First_Name>Sharon</First_Name>
      <Last_Name>Smith</Last_Name>
      <Email>ssmith@nrcan.gc.ca</Email>
      <Phone>1-613-947-7066</Phone>
      <Fax>1-613-992-0190</Fax>
      <Contact_Address>
         <Address>601 Booth St.</Address>
         <City>Ottawa</City>
         <Province_or_State>Ontario</Province_or_State>
         <Postal_Code>K1A 0E8</Postal_Code>
         <Country>Canada</Country>
      </Contact_Address>
   </Personnel>
   <Parameters>
      <Category>EARTH SCIENCE</Category>
      <Topic>Cryosphere</Topic>
      <Term>Frozen Ground</Term>
      <Variable_Level_1>Permafrost</Variable_Level_1>
   </Parameters>
   <Parameters>
      <Category>EARTH SCIENCE</Category>
      <Topic>Land Surface</Topic>
      <Term>Frozen Ground</Term>
      <Variable_Level_1>Permafrost</Variable_Level_1>
   </Parameters>
   <Keyword>LAKES</Keyword>
   <Keyword>Permafrost</Keyword>
   <Keyword>Rivers</Keyword>
   <Temporal_Coverage>
      <Start_Date>1992-01-01</Start_Date>
      <Stop_Date>1992-12-31</Stop_Date>
   </Temporal_Coverage>
   <Spatial_Coverage>
      <Southernmost_Latitude>60</Southernmost_Latitude>
      <Northernmost_Latitude>70</Northernmost_Latitude>
      <Westernmost_Longitude>-142</Westernmost_Longitude>
      <Easternmost_Longitude>-120</Easternmost_Longitude>
   </Spatial_Coverage>
   <Location>
      <Location_Category>Continent</Location_Category>
      <Location_Type>North America</Location_Type>
      <Location_Subregion1>Canada</Location_Subregion1>
      <Location_Subregion2/>
      <Location_Subregion3/>
      <Detailed_Location>Mackenzie region, Northwest and Yukon Territories, Canada</Detailed_Location>
   </Location>
   <Data_Set_Language>English</Data_Set_Language>
   <Data_Center>
      <Data_Center_Name>
         <Short_Name>FGDC</Short_Name>
         <Long_Name>Frozen Ground Data Center</Long_Name>
      </Data_Center_Name>
      <Data_Center_URL>http://nsidc.org/fgdc/</Data_Center_URL>
      <Personnel>
         <Role>Data Center Contact</Role>
         <First_Name>FGDC</First_Name>
         <Last_Name>User Services</Last_Name>
         <Email>nsidc@nsidc.org</Email>
         <Phone>1-303-492-6199</Phone>
         <Fax>1-303-492-2468</Fax>
         <Contact_Address>
            <Address>National Snow and Ice Data Center</Address>
            <Address>CIRES, 449 UCB</Address>
            <Address>University of Colorado</Address>
            <City>Boulder</City>
            <Province_or_State>CO</Province_or_State>
            <Postal_Code>80309-0449</Postal_Code>
            <Country>USA</Country>
         </Contact_Address>
      </Personnel>
   </Data_Center>
   <Reference>Heginbottom, J.A. and Radburn, L.K. (compilers) 1992. Permafrost and ground ice conditions of northwestern Canada; Geological Survey of Canada, Map 1691A, scale 1:1,000,000. Digitized by S. Smith, Geological Survey of Canada. Boulder, CO: National Snow and Ice Data Center. Digital Media. 

Heginbottom, J.A., M.A. Dubreuil and P.A. Harker (1995) Canada - Permafrost, in: National Atlas of Canada, 5th Edition, National Atlas Information Service, Natural Resources Canada, MCR 4177.

Heginbottom, J.A. and L.K. Radburn (comp). 1992. Permafrost and Ground Ice Conditions of Northwestern Canada / Conditions rélatives au pergélisol et à la glace de sol du nord-ouest du Canada. Map 1691A. Scale 1: 1,000,000. Energy, Mines and Resources Canada, Geological Survey of Canada, Ottawa, Canada.</Reference>
   <Summary>
      <Abstract>The Permafrost Map for Northwestern Canada (Mackenzie Region) is a digital version of the 1:1,000,000 map produced by Heginbottom and Radburn [Heginbottom, J.A. and Radburn, L.K. (compilers) 1992. Permafrost and ground ice conditions of northwestern Canada; Geological Survey of Canada, Map 1691A, scale 1:1 000 000.] The map provides information on permafrost distribution and ground ice conditions in the Mackenzie Region of northwestern Canada. The data set comprises three data layers: maps of permafrost zones, rivers, and lakes. The map themes (layers) are in the ESRI Shapefile spatial data format (ArcView files). The permafrost map codes continuous, discontinuous, intermediate, sporadic, and isolated permafrost, and glaciers. Data are available via ftp</Abstract>
   </Summary>
   <Related_URL>
      <URL_Content_Type>
         <Type>VIEW RELATED INFORMATION</Type>
      </URL_Content_Type>
      <URL>http://nsidc.org/data/docs/fgdc/ggd630_map_pf_canada/index.html</URL>
      <Description>Documentation</Description>
   </Related_URL>
   <Related_URL>
      <URL_Content_Type>
         <Type>GET DATA</Type>
      </URL_Content_Type>
      <URL>ftp://sidads.colorado.edu/pub/DATASETS/fgdc/ggd630_map_pf_canada/</URL>
      <Description>FTP</Description>
   </Related_URL>
   <Related_URL>
      <URL_Content_Type>
         <Type>VIEW RELATED INFORMATION</Type>
      </URL_Content_Type>
      <URL>http://nsidc.org/data/gis/</URL>
      <Description>GIS Data and Resources at NSIDC</Description>
   </Related_URL>
   <Metadata_Name>CEOS IDN DIF</Metadata_Name>
   <Metadata_Version>VERSION 9.9</Metadata_Version>
   <DIF_Creation_Date>1992-01-01</DIF_Creation_Date>
   <Last_DIF_Revision_Date>2012-09-17</Last_DIF_Revision_Date>
   <DIF_Revision_History> 1992-01-01, Transferred from mddb dataset_citation.release_date
 2003-07-09, yohe,  
 2004-06-04, yohe,  
 2012-02-13, Deann Miller, Fixed temporal coverage for EDB.
 2012-02-13, Deann Miller, Fixed temp coverage.
 2012-08-30, Deann Miller, added creator / pub info
 2012-09-17, Deann Miller, corrected publisher information
</DIF_Revision_History>
   <Extended_Metadata>
      <Metadata>
         <Group>NSIDC</Group>
         <Name>Version Summary</Name>
         <Value/>
      </Metadata>
      <Metadata>
         <Group>NSIDC</Group>
         <Name>Current Version</Name>
         <Value>1</Value>
      </Metadata>
   </Extended_Metadata>
</DIF>
