<?xml version="1.0" encoding="UTF-8"?>
<DIF xmlns:dif="http://gcmd.gsfc.nasa.gov/Aboutus/xml/dif/"
     xmlns:xsi="http://www.w3.org/2001/XMLSchema-instance"
     xsi:schemaLocation="http://gcmd.gsfc.nasa.gov/Aboutus/xml/dif/ http://gcmd.gsfc.nasa.gov/Aboutus/xml/dif/dif_v9.7.1.xsd">
   <Entry_ID>GGD635</Entry_ID>
   <Entry_Title>Norman Wells Pipeline Thermal Monitoring Database</Entry_Title>
   <Data_Set_Citation>
      <Dataset_Creator>Margo Burgess and Sharon Smith</Dataset_Creator>
      <Dataset_Title>Norman Wells Pipeline Thermal Monitoring Database</Dataset_Title>
      <Dataset_Release_Date>2003-06-09</Dataset_Release_Date>
      <Dataset_Release_Place>Boulder, Colorado USA</Dataset_Release_Place>
      <Dataset_Publisher>NSIDC: National Snow and Ice Data Center</Dataset_Publisher>
      <Version>1</Version>
      <Online_Resource>http://nsidc.org/data/GGD635</Online_Resource>
      <Dataset_Series_Name>GGD635</Dataset_Series_Name>
   </Data_Set_Citation>
   <Personnel>
      <Role>Investigator</Role>
      <First_Name>Margo</First_Name>
      <Last_Name>Burgess</Last_Name>
      <Email>mburgess@nrcan.gc.ca</Email>
      <Phone>1-613-996 9317</Phone>
      <Fax>1-613-992 0190</Fax>
      <Contact_Address>
         <Address>601 Booth Street</Address>
         <City>Ottawa</City>
         <Province_or_State>Ontario</Province_or_State>
         <Postal_Code>K1A 0E8</Postal_Code>
         <Country>Canada</Country>
      </Contact_Address>
   </Personnel>
   <Personnel>
      <Role>Investigator</Role>
      <First_Name>Sharon</First_Name>
      <Last_Name>Smith</Last_Name>
      <Email>ssmith@nrcan.gc.ca</Email>
      <Phone>1-613-947-7066</Phone>
      <Fax>1-613-992-0190</Fax>
      <Contact_Address>
         <Address>601 Booth St.</Address>
         <City>Ottawa</City>
         <Province_or_State>Ontario</Province_or_State>
         <Postal_Code>K1A 0E8</Postal_Code>
         <Country>Canada</Country>
      </Contact_Address>
   </Personnel>
   <Parameters>
      <Category>EARTH SCIENCE</Category>
      <Topic>Cryosphere</Topic>
      <Term>Frozen Ground</Term>
      <Variable_Level_1>Permafrost</Variable_Level_1>
   </Parameters>
   <Parameters>
      <Category>EARTH SCIENCE</Category>
      <Topic>Land Surface</Topic>
      <Term>Frozen Ground</Term>
      <Variable_Level_1>Permafrost</Variable_Level_1>
   </Parameters>
   <Parameters>
      <Category>EARTH SCIENCE</Category>
      <Topic>Cryosphere</Topic>
      <Term>Frozen Ground</Term>
      <Variable_Level_1>Soil Temperature</Variable_Level_1>
   </Parameters>
   <Parameters>
      <Category>EARTH SCIENCE</Category>
      <Topic>Land Surface</Topic>
      <Term>Frozen Ground</Term>
      <Variable_Level_1>Soil Temperature</Variable_Level_1>
   </Parameters>
   <Keyword>Environmental disturbance</Keyword>
   <Keyword>Ground temperatures</Keyword>
   <Keyword>Permafrost</Keyword>
   <Keyword>Pipeline</Keyword>
   <Temporal_Coverage>
      <Start_Date>1984-01-01</Start_Date>
      <Stop_Date>2001-12-31</Stop_Date>
   </Temporal_Coverage>
   <Spatial_Coverage>
      <Southernmost_Latitude>59.4</Southernmost_Latitude>
      <Northernmost_Latitude>65.3</Northernmost_Latitude>
      <Westernmost_Longitude>-126.9</Westernmost_Longitude>
      <Easternmost_Longitude>-119.2</Easternmost_Longitude>
   </Spatial_Coverage>
   <Location>
      <Location_Category>Continent</Location_Category>
      <Location_Type>North America</Location_Type>
      <Location_Subregion1>Canada</Location_Subregion1>
      <Location_Subregion2/>
      <Location_Subregion3/>
      <Detailed_Location>Mackenzie Valley, Northwest Territories, Canada</Detailed_Location>
   </Location>
   <Data_Set_Language>English</Data_Set_Language>
   <Data_Center>
      <Data_Center_Name>
         <Short_Name>FGDC</Short_Name>
         <Long_Name>Frozen Ground Data Center</Long_Name>
      </Data_Center_Name>
      <Data_Center_URL>http://nsidc.org/fgdc/</Data_Center_URL>
      <Personnel>
         <Role>Data Center Contact</Role>
         <First_Name>FGDC</First_Name>
         <Last_Name>User Services</Last_Name>
         <Email>nsidc@nsidc.org</Email>
         <Phone>1-303-492-6199</Phone>
         <Fax>1-303-492-2468</Fax>
         <Contact_Address>
            <Address>National Snow and Ice Data Center</Address>
            <Address>CIRES, 449 UCB</Address>
            <Address>University of Colorado</Address>
            <City>Boulder</City>
            <Province_or_State>CO</Province_or_State>
            <Postal_Code>80309-0449</Postal_Code>
            <Country>USA</Country>
         </Contact_Address>
      </Personnel>
   </Data_Center>
   <Distribution>
      <Distribution_Media>CD-ROM</Distribution_Media>
   </Distribution>
   <Reference>Burgess, M.M. 1986. Norman Wells pipeline monitoring sites ground temperature data file: 1984-1985. Energy Mines and Resources Canada, Earth Physics Branch Open File 86-6, 21 pp + appendices.

Burgess, M.M. 1987. Norman Wells pipeline monitoring sites ground temperature data file: 1986. Geological Survey of Canada, Open File 1621, 260 pp.

Burgess, M.M. and Naufal, J.A. 1989. Norman Wells pipeline monitoring sites ground temperature data file: 1987. Geological Survey of Canada, Open File 1987, 27 pp. +appendices.

Burgess, M.M. and Naufal, J.A. 1990. Norman Wells pipeline monitoring sites ground temperature data file: 1987. Geological Survey of Canada, Open File 2155, 203 pp..

 Burgess, M.M. and Naufal, J.A. 1991. Norman Wells pipeline monitoring sites ground temperature data file: 1989. Geological Survey of Canada, Open File 2406, 127 pp. 

MacInnes, K.L., Burgess, M.M., Harry, D.G. and Baker, T.H.W. 1989. Permafrost and terrain research and monitoring: Norman Wells Pipeline, Volume 1 Environmental and Engineering Considerations. Indian and Northern Affairs Canada, Environmental Studies No. 64, 132 pp.

MacInnes, K.L., Burgess, M.M., Harry, D.G. and Baker, T.H.W. 1990. Permafrost and terrain research and monitoring: Norman Wells Pipeline, Volume 2 Research and Monitoring Results 1983-1988. Indian and Northern Affairs Canada, Environmental Studies No. 64, 204 pp. 

Pilon, J.A., Burgess, M.M., Judge, A.S., Allen, V.S., MacInnes, K.L., Harry, D.G., Tarnocai, C. and Baker, H. 1989. Norman Wells to Zama pipeline permafrost and terrain research and monitoring program: site establishment report. Geological Survey of Canada Open File 2044, 332 pp.</Reference>
   <Summary>
      <Abstract>The Geological Survey of Canada has maintained a network of permafrost thermal monitoring sites along the Norman Wells pipeline corridor between Norman Wells (NWT) and Zama, Alberta, since 1984. A total of 23 thermal fences or instrumented cross-sections have been established at which ground temperatures are measured both on and off the pipeline right-of-way (ROW). The design of the thermal fence allows an investigation of the effect of ROW clearing, pipeline trenching, installation and operation on the ground temperature and also to compare the thermal regime of the ROW and the surrounding terrain. Temperatures are measured to depths of 5 m close to the pipe and at a depth of 20 m between 4 and 10 m from the pipe and off-ROW. Initial manual data collection was at monthly to bi-monthly intervals decreasing to one to three times annually in later years. In the mid 1990s, a number of temperature cables were connected to dataloggers to provide high frequency measurements.</Abstract>
   </Summary>
   <Related_URL>
      <URL_Content_Type>
         <Type>GET DATA</Type>
      </URL_Content_Type>
      <URL>mailto:mburgess@nrcan.gc.ca</URL>
      <Description>Get External Data</Description>
   </Related_URL>
   <Metadata_Name>CEOS IDN DIF</Metadata_Name>
   <Metadata_Version>VERSION 9.9</Metadata_Version>
   <DIF_Creation_Date>2003-06-09</DIF_Creation_Date>
   <Last_DIF_Revision_Date>2012-09-19</Last_DIF_Revision_Date>
   <DIF_Revision_History> 2003-06-09, yohe,  
 2004-10-11, yohe,  
 2005-01-24, yohe,  
 2012-02-13, Deann Miller, Fixed temporal coverage for EDB.
 2012-09-19, Deann Miller, added dist. media
</DIF_Revision_History>
   <Extended_Metadata>
      <Metadata>
         <Group>NSIDC</Group>
         <Name>Version Summary</Name>
         <Value/>
      </Metadata>
      <Metadata>
         <Group>NSIDC</Group>
         <Name>Current Version</Name>
         <Value>1</Value>
      </Metadata>
   </Extended_Metadata>
</DIF>
