<?xml version="1.0" encoding="UTF-8"?>
<DIF xmlns:dif="http://gcmd.gsfc.nasa.gov/Aboutus/xml/dif/"
     xmlns:xsi="http://www.w3.org/2001/XMLSchema-instance"
     xsi:schemaLocation="http://gcmd.gsfc.nasa.gov/Aboutus/xml/dif/ http://gcmd.gsfc.nasa.gov/Aboutus/xml/dif/dif_v9.7.1.xsd">
   <Entry_ID>GGD6</Entry_ID>
   <Entry_Title>Ground temperatures in ice-cemented ground at Linnaeus Terrace, Dry Valleys, Antarctica</Entry_Title>
   <Data_Set_Citation>
      <Dataset_Creator>McKay, C. P.</Dataset_Creator>
      <Dataset_Title>Ground temperatures in ice-cemented ground at Linnaeus Terrace, Dry Valleys, Antarctica</Dataset_Title>
      <Dataset_Release_Date>1998-01-01</Dataset_Release_Date>
      <Dataset_Release_Place>Boulder, Colorado USA</Dataset_Release_Place>
      <Dataset_Publisher>NSIDC: National Snow and Ice Data Center</Dataset_Publisher>
      <Version>1</Version>
      <Online_Resource>http://nsidc.org/data/GGD6</Online_Resource>
      <Dataset_Series_Name>GGD6</Dataset_Series_Name>
   </Data_Set_Citation>
   <Personnel>
      <Role>Investigator</Role>
      <First_Name>Christopher </First_Name>
      <Middle_Name>P.</Middle_Name>
      <Last_Name>McKay</Last_Name>
      <Email>chris.mckay@nasa.gov</Email>
      <Phone>1-650-604-6864</Phone>
      <Fax>1-650-604-6779</Fax>
      <Contact_Address>
         <Address>Mail Stop 245-3</Address>
         <City>Moffett Field</City>
         <Province_or_State>CA</Province_or_State>
         <Postal_Code>94035</Postal_Code>
         <Country>USA</Country>
      </Contact_Address>
   </Personnel>
   <Parameters>
      <Category>EARTH SCIENCE</Category>
      <Topic>Cryosphere</Topic>
      <Term>Frozen Ground</Term>
      <Variable_Level_1>Permafrost</Variable_Level_1>
   </Parameters>
   <Parameters>
      <Category>EARTH SCIENCE</Category>
      <Topic>Land Surface</Topic>
      <Term>Frozen Ground</Term>
      <Variable_Level_1>Permafrost</Variable_Level_1>
   </Parameters>
   <Parameters>
      <Category>EARTH SCIENCE</Category>
      <Topic>Cryosphere</Topic>
      <Term>Frozen Ground</Term>
      <Variable_Level_1>Soil Temperature</Variable_Level_1>
   </Parameters>
   <Parameters>
      <Category>EARTH SCIENCE</Category>
      <Topic>Land Surface</Topic>
      <Term>Frozen Ground</Term>
      <Variable_Level_1>Soil Temperature</Variable_Level_1>
   </Parameters>
   <Keyword>Meteorology</Keyword>
   <Keyword>Permafrost Temperature</Keyword>
   <Keyword>Soil Temperature</Keyword>
   <Temporal_Coverage>
      <Start_Date>1994-01-01</Start_Date>
      <Stop_Date>1994-12-31</Stop_Date>
   </Temporal_Coverage>
   <Spatial_Coverage>
      <Southernmost_Latitude>-77.6</Southernmost_Latitude>
      <Northernmost_Latitude>-77.6</Northernmost_Latitude>
      <Westernmost_Longitude>161.083</Westernmost_Longitude>
      <Easternmost_Longitude>161.083</Easternmost_Longitude>
   </Spatial_Coverage>
   <Location>
      <Location_Category>Continent</Location_Category>
      <Location_Type>Antarctica</Location_Type>
      <Location_Subregion1/>
      <Location_Subregion2/>
      <Location_Subregion3/>
      <Detailed_Location>Linnaeus Terrace, Dry Valleys, McMurdo area, Antarctica</Detailed_Location>
   </Location>
   <Data_Set_Language>English</Data_Set_Language>
   <Data_Center>
      <Data_Center_Name>
         <Short_Name>FGDC</Short_Name>
         <Long_Name>Frozen Ground Data Center</Long_Name>
      </Data_Center_Name>
      <Data_Center_URL>http://nsidc.org/fgdc/</Data_Center_URL>
      <Personnel>
         <Role>Data Center Contact</Role>
         <First_Name>FGDC</First_Name>
         <Last_Name>User Services</Last_Name>
         <Email>nsidc@nsidc.org</Email>
         <Phone>1-303-492-6199</Phone>
         <Fax>1-303-492-2468</Fax>
         <Contact_Address>
            <Address>National Snow and Ice Data Center</Address>
            <Address>CIRES, 449 UCB</Address>
            <Address>University of Colorado</Address>
            <City>Boulder</City>
            <Province_or_State>CO</Province_or_State>
            <Postal_Code>80309-0449</Postal_Code>
            <Country>USA</Country>
         </Contact_Address>
      </Personnel>
   </Data_Center>
   <Distribution>
      <Distribution_Media>FTP</Distribution_Media>
      <Distribution_Format>ASCII Text (.txt)</Distribution_Format>
   </Distribution>
   <Reference>Mckay, C.P., Mellon, M.T., Friedmann, E.I. 1998. Soil  temperatures and stability of ice-cemented ground in th McMurdo  Dry Valleys, Antarctica. Antarctic Science, 10(1), p. 31-38.</Reference>
   <Summary>
      <Abstract>Soil temperatures were measured with Campbell 107 soil thermistors. Thermistors were placed at 0, 17, 23 (just above the ice-cemented permafrost) and 40 cm depth. To emplace the sensors, first a soil pit was dug to the level of ice-cemented permafrost. Then a hammer drill was used to make a narrow, 15 cm deep hole into the ice-cemented ground. The thermistor was placed into the drill hole. This procedure caused minimal disturbance to the ice-cemented ground. Air temperature and humidity were measured with a Campbell 207 air probe. The temperature on the surface of an outcrop of Beacon sandstone was measured with a T-type thermocouple. Sunlight was measured with a LiCor 200 pyranometer. The sensors were deployed during Jan 1993 but (due to equipment failure) data storage began only on 6 Jan 1994 and was continued until 16 Jan 1995. All temperature sensors were removed after the data collection interval and calibrated in the laboratory. Calibrations were applied using the Steinhart and Hart (1968) representations for the temperature dependence of the thermistor resistance. This was necessary since the instrumental calibration for the 107 thermistor provided by Campbell did not extend below -40C. After correction, the error in the temperature measurement is estimated to be less than 0.2 C and error in the humidity measurement was Campbell 207 RH sensor has high errors for relative humidity values below 15% --- tending to systematically overestimate values by more than 10% humidity. The error in the averaged light measurement is less than 10 W/m2.  All sensors were sampled once every 10 minutes and averages of three measurements were written to final memory every 30 minutes corresponding to 48 recordings each day.   

Data are stored in columns of ASCII data; entries are 
1. Digital day of year in 1994 
 2. Air temperature 
3. Air relative humidity 
4. Sunlight, W/m2 
5. Soil surface temperature 
4. Sunlight, W/m2 
5. Soil surface temperature 
6. Temperature at 17 cm depth 
7. Temperature at 23 cm depth 
8. Temperature at 40 cm depth 
9. Temperature on surface of rock 

Data are presented on the CAPS Version 1.0 CD-ROM, June 1998.</Abstract>
   </Summary>
   <Related_URL>
      <URL_Content_Type>
         <Type>VIEW RELATED INFORMATION</Type>
      </URL_Content_Type>
      <URL>http://nsidc.org/data/docs/fgdc/ggd6_soiltemp_antarctica</URL>
      <Description>Documentation</Description>
   </Related_URL>
   <Related_URL>
      <URL_Content_Type>
         <Type>GET DATA</Type>
      </URL_Content_Type>
      <URL>ftp://sidads.colorado.edu/pub/DATASETS/fgdc/ggd6_soiltemp_antarctica/</URL>
      <Description>FTP</Description>
   </Related_URL>
   <Metadata_Name>CEOS IDN DIF</Metadata_Name>
   <Metadata_Version>VERSION 9.9</Metadata_Version>
   <DIF_Creation_Date>1998-01-01</DIF_Creation_Date>
   <Last_DIF_Revision_Date>2012-08-24</Last_DIF_Revision_Date>
   <DIF_Revision_History> 1998-01-01, Transferred from mddb dataset_citation.release_date
 2012-08-17, Deann Miller, updated dist. media with FTP and dist. format with ASCII text based upon documentation
 2012-08-24, Deann Miller, added creator &amp; publisher info
</DIF_Revision_History>
   <Extended_Metadata>
      <Metadata>
         <Group>NSIDC</Group>
         <Name>Version Summary</Name>
         <Value/>
      </Metadata>
      <Metadata>
         <Group>NSIDC</Group>
         <Name>Current Version</Name>
         <Value>1</Value>
      </Metadata>
   </Extended_Metadata>
</DIF>
