<?xml version="1.0" encoding="UTF-8"?>
<DIF xmlns:dif="http://gcmd.gsfc.nasa.gov/Aboutus/xml/dif/"
     xmlns:xsi="http://www.w3.org/2001/XMLSchema-instance"
     xsi:schemaLocation="http://gcmd.gsfc.nasa.gov/Aboutus/xml/dif/ http://gcmd.gsfc.nasa.gov/Aboutus/xml/dif/dif_v9.7.1.xsd">
   <Entry_ID>GGD634</Entry_ID>
   <Entry_Title>The English Language Edition of the Geocryological Map of Russia and Neighboring Republics</Entry_Title>
   <Data_Set_Citation>
      <Dataset_Creator>Peter J. Williams and Isabella M.T. Warren</Dataset_Creator>
      <Dataset_Title>The English Language Edition of the Geocryological Map of Russia and Neighboring Republics</Dataset_Title>
      <Dataset_Release_Date>2003-06-09</Dataset_Release_Date>
      <Dataset_Release_Place>Boulder, Colorado USA</Dataset_Release_Place>
      <Dataset_Publisher>NSIDC: National Snow and Ice Data Center</Dataset_Publisher>
      <Version>1</Version>
      <Online_Resource>http://nsidc.org/data/GGD634</Online_Resource>
      <Dataset_Series_Name>GGD634</Dataset_Series_Name>
   </Data_Set_Citation>
   <Personnel>
      <Role>Investigator</Role>
      <First_Name>Peter</First_Name>
      <Middle_Name>J.</Middle_Name>
      <Last_Name>Williams</Last_Name>
      <Contact_Address>
         <City>Ottawa</City>
         <Country>Canada</Country>
      </Contact_Address>
   </Personnel>
   <Personnel>
      <Role>Investigator</Role>
      <First_Name>Isabella</First_Name>
      <Middle_Name>M.T.</Middle_Name>
      <Last_Name>Warren</Last_Name>
      <Contact_Address>
         <City>Cambridge</City>
         <Country>England</Country>
      </Contact_Address>
   </Personnel>
   <Parameters>
      <Category>EARTH SCIENCE</Category>
      <Topic>Cryosphere</Topic>
      <Term>Snow/Ice</Term>
      <Variable_Level_1>Freeze/Thaw</Variable_Level_1>
   </Parameters>
   <Parameters>
      <Category>EARTH SCIENCE</Category>
      <Topic>Terrestrial Hydrosphere</Topic>
      <Term>Snow/Ice</Term>
      <Variable_Level_1>Freeze/Thaw</Variable_Level_1>
   </Parameters>
   <Parameters>
      <Category>EARTH SCIENCE</Category>
      <Topic>Cryosphere</Topic>
      <Term>Frozen Ground</Term>
      <Variable_Level_1>Permafrost</Variable_Level_1>
   </Parameters>
   <Parameters>
      <Category>EARTH SCIENCE</Category>
      <Topic>Cryosphere</Topic>
      <Term>Snow/Ice</Term>
      <Variable_Level_1>Permafrost</Variable_Level_1>
   </Parameters>
   <Parameters>
      <Category>EARTH SCIENCE</Category>
      <Topic>Terrestrial Hydrosphere</Topic>
      <Term>Snow/Ice</Term>
      <Variable_Level_1>Permafrost</Variable_Level_1>
   </Parameters>
   <Parameters>
      <Category>EARTH SCIENCE</Category>
      <Topic>Land Surface</Topic>
      <Term>Frozen Ground</Term>
      <Variable_Level_1>Permafrost</Variable_Level_1>
   </Parameters>
   <Parameters>
      <Category>EARTH SCIENCE</Category>
      <Topic>Land Surface</Topic>
      <Term>Soils</Term>
      <Variable_Level_1>Permafrost</Variable_Level_1>
   </Parameters>
   <Parameters>
      <Category>EARTH SCIENCE</Category>
      <Topic>Cryosphere</Topic>
      <Term>Frozen Ground</Term>
      <Variable_Level_1>Seasonally Frozen Ground</Variable_Level_1>
   </Parameters>
   <Parameters>
      <Category>EARTH SCIENCE</Category>
      <Topic>Land Surface</Topic>
      <Term>Frozen Ground</Term>
      <Variable_Level_1>Seasonally Frozen Ground</Variable_Level_1>
   </Parameters>
   <Parameters>
      <Category>EARTH SCIENCE</Category>
      <Topic>Terrestrial Hydrosphere</Topic>
      <Term>Snow/Ice</Term>
      <Variable_Level_1>Permafrost</Variable_Level_1>
      <Detailed_Variable>Thaw Depth</Detailed_Variable>
   </Parameters>
   <Parameters>
      <Category>EARTH SCIENCE</Category>
      <Topic>Cryosphere</Topic>
      <Term>Snow/Ice</Term>
      <Variable_Level_1>Freeze/Thaw</Variable_Level_1>
      <Detailed_Variable>Thawing Degree Day</Detailed_Variable>
   </Parameters>
   <Parameters>
      <Category>EARTH SCIENCE</Category>
      <Topic>Terrestrial Hydrosphere</Topic>
      <Term>Snow/Ice</Term>
      <Variable_Level_1>Freeze/Thaw</Variable_Level_1>
      <Detailed_Variable>Thawing Degree Day</Detailed_Variable>
   </Parameters>
   <Keyword>Geocryology</Keyword>
   <Keyword>Maps</Keyword>
   <Keyword>Russia</Keyword>
   <Keyword>Ussr</Keyword>
   <Temporal_Coverage>
      <Start_Date>1991-01-01</Start_Date>
      <Stop_Date>1996-12-31</Stop_Date>
   </Temporal_Coverage>
   <Location>
      <Location_Category>Continent</Location_Category>
      <Location_Type>Europe</Location_Type>
      <Location_Subregion1>Eastern Europe</Location_Subregion1>
      <Location_Subregion2>Russia</Location_Subregion2>
      <Location_Subregion3/>
      <Detailed_Location/>
   </Location>
   <Data_Set_Language>English</Data_Set_Language>
   <Data_Center>
      <Data_Center_Name>
         <Short_Name>FGDC</Short_Name>
         <Long_Name>Frozen Ground Data Center</Long_Name>
      </Data_Center_Name>
      <Data_Center_URL>http://nsidc.org/fgdc/</Data_Center_URL>
      <Personnel>
         <Role>Data Center Contact</Role>
         <First_Name>FGDC</First_Name>
         <Last_Name>User Services</Last_Name>
         <Email>nsidc@nsidc.org</Email>
         <Phone>1-303-492-6199</Phone>
         <Fax>1-303-492-2468</Fax>
         <Contact_Address>
            <Address>National Snow and Ice Data Center</Address>
            <Address>CIRES, 449 UCB</Address>
            <Address>University of Colorado</Address>
            <City>Boulder</City>
            <Province_or_State>CO</Province_or_State>
            <Postal_Code>80309-0449</Postal_Code>
            <Country>USA</Country>
         </Contact_Address>
      </Personnel>
   </Data_Center>
   <Summary>
      <Abstract>This map is an English language edition of a 16-sheet Russian map series of permafrost, for the period 1991-1996 (scale 1:2,500,000). The map sheets show distribution and mean annual temperature of frozen and unfrozen ground, types of seasonal freeze/thaw, permafrost thickness, relict permafrost, distribution of cyrogenic features, including cryopegs, strata types and characteristics, and pre-quaternary rock formations and regolith and their geocryological characteristics.  English legends are provided for all 16 sheets. The English edition provides background information about the map's development and uses, and information about the translation of certain russian words pertaining to permafrost.</Abstract>
   </Summary>
   <Related_URL>
      <URL_Content_Type>
         <Type>GET DATA</Type>
      </URL_Content_Type>
      <URL>mailto:peterjwilliams@freezingground.org</URL>
      <Description>Get External Data</Description>
   </Related_URL>
   <Metadata_Name>CEOS IDN DIF</Metadata_Name>
   <Metadata_Version>VERSION 9.9</Metadata_Version>
   <DIF_Creation_Date>2003-06-09</DIF_Creation_Date>
   <Last_DIF_Revision_Date>2005-01-24</Last_DIF_Revision_Date>
   <DIF_Revision_History> 2003-06-09, yohe,  
 2003-06-09, yohe,  
 2003-06-09, yohe,  
 2003-06-09, yohe,  
 2003-06-12, yohe,  
 2004-10-11, yohe,  
 2005-01-24, yohe,  
</DIF_Revision_History>
   <Extended_Metadata>
      <Metadata>
         <Group>NSIDC</Group>
         <Name>Version Summary</Name>
         <Value/>
      </Metadata>
      <Metadata>
         <Group>NSIDC</Group>
         <Name>Current Version</Name>
         <Value>1</Value>
      </Metadata>
   </Extended_Metadata>
</DIF>
