<?xml version="1.0" encoding="UTF-8"?>
<DIF xmlns:dif="http://gcmd.gsfc.nasa.gov/Aboutus/xml/dif/"
     xmlns:xsi="http://www.w3.org/2001/XMLSchema-instance"
     xsi:schemaLocation="http://gcmd.gsfc.nasa.gov/Aboutus/xml/dif/ http://gcmd.gsfc.nasa.gov/Aboutus/xml/dif/dif_v9.7.1.xsd">
   <Entry_ID>GGD609</Entry_ID>
   <Entry_Title>Atmospheric Radiation Measurement Program (ARM)</Entry_Title>
   <Data_Set_Citation>
      <Dataset_Creator>Hans Verlinde</Dataset_Creator>
      <Dataset_Title>Atmospheric Radiation Measurement Program (ARM)</Dataset_Title>
      <Dataset_Release_Date>2003-05-06</Dataset_Release_Date>
      <Dataset_Release_Place>Boulder, Colorado USA</Dataset_Release_Place>
      <Dataset_Publisher>NSIDC: National Snow and Ice Data Center</Dataset_Publisher>
      <Version>1</Version>
      <Online_Resource>http://nsidc.org/data/GGD609</Online_Resource>
      <Dataset_Series_Name>GGD609</Dataset_Series_Name>
   </Data_Set_Citation>
   <Personnel>
      <Role>Investigator</Role>
      <First_Name>Hans</First_Name>
      <Last_Name>Verlinde</Last_Name>
      <Email>verlinde@ems.psu.edu</Email>
      <Phone>1-814-863-9711</Phone>
      <Fax>1-814-865-3663</Fax>
      <Contact_Address>
         <Address>0516 WALKER BLDG</Address>
         <City>UNIVERSITY PARK</City>
         <Province_or_State>PA</Province_or_State>
         <Postal_Code>16802</Postal_Code>
         <Country/>
      </Contact_Address>
   </Personnel>
   <Parameters>
      <Category>EARTH SCIENCE</Category>
      <Topic>Atmosphere</Topic>
      <Term>Atmospheric Temperature</Term>
      <Variable_Level_1>Air Temperature</Variable_Level_1>
   </Parameters>
   <Parameters>
      <Category>EARTH SCIENCE</Category>
      <Topic>Atmosphere</Topic>
      <Term>Atmospheric Water Vapor</Term>
      <Variable_Level_1>Humidity</Variable_Level_1>
   </Parameters>
   <Parameters>
      <Category>EARTH SCIENCE</Category>
      <Topic>Atmosphere</Topic>
      <Term>Atmospheric Radiation</Term>
      <Variable_Level_1>Incoming Solar Radiation</Variable_Level_1>
   </Parameters>
   <Parameters>
      <Category>EARTH SCIENCE</Category>
      <Topic>Atmosphere</Topic>
      <Term>Atmospheric Radiation</Term>
      <Variable_Level_1>Net Radiation</Variable_Level_1>
   </Parameters>
   <Parameters>
      <Category>EARTH SCIENCE</Category>
      <Topic>Atmosphere</Topic>
      <Term>Atmospheric Radiation</Term>
      <Variable_Level_1>Outgoing Longwave Radiation</Variable_Level_1>
   </Parameters>
   <Parameters>
      <Category>EARTH SCIENCE</Category>
      <Topic>Atmosphere</Topic>
      <Term>Precipitation</Term>
      <Variable_Level_1>Precipitation Amount</Variable_Level_1>
   </Parameters>
   <Parameters>
      <Category>EARTH SCIENCE</Category>
      <Topic>Atmosphere</Topic>
      <Term>Atmospheric Radiation</Term>
      <Variable_Level_1>Shortwave Radiation</Variable_Level_1>
   </Parameters>
   <Parameters>
      <Category>EARTH SCIENCE</Category>
      <Topic>Atmosphere</Topic>
      <Term>Atmospheric Radiation</Term>
      <Variable_Level_1>Solar Radiation</Variable_Level_1>
   </Parameters>
   <Parameters>
      <Category>EARTH SCIENCE</Category>
      <Topic>Atmosphere</Topic>
      <Term>Atmospheric Pressure</Term>
      <Variable_Level_1>Surface Pressure</Variable_Level_1>
   </Parameters>
   <Parameters>
      <Category>EARTH SCIENCE</Category>
      <Topic>Atmosphere</Topic>
      <Term>Atmospheric Winds</Term>
      <Variable_Level_1>Surface Winds</Variable_Level_1>
   </Parameters>
   <Keyword>Atmospheric radiation</Keyword>
   <Keyword>Infrared radiation</Keyword>
   <Keyword>Meteorology</Keyword>
   <Keyword>Radiation</Keyword>
   <Keyword>Solar Radiation</Keyword>
   <Temporal_Coverage>
      <Start_Date>1989-01-01</Start_Date>
      <Stop_Date>2003-12-31</Stop_Date>
   </Temporal_Coverage>
   <Spatial_Coverage>
      <Southernmost_Latitude>71.323</Southernmost_Latitude>
      <Northernmost_Latitude>71.323</Northernmost_Latitude>
      <Westernmost_Longitude>-156.616</Westernmost_Longitude>
      <Easternmost_Longitude>-156.616</Easternmost_Longitude>
   </Spatial_Coverage>
   <Location>
      <Location_Category>Continent</Location_Category>
      <Location_Type>North America</Location_Type>
      <Location_Subregion1>United States Of America</Location_Subregion1>
      <Location_Subregion2/>
      <Location_Subregion3/>
      <Detailed_Location>Barrow, Alaska, US</Detailed_Location>
   </Location>
   <Data_Set_Language>English</Data_Set_Language>
   <Data_Center>
      <Data_Center_Name>
         <Short_Name>FGDC</Short_Name>
         <Long_Name>Frozen Ground Data Center</Long_Name>
      </Data_Center_Name>
      <Data_Center_URL>http://nsidc.org/fgdc/</Data_Center_URL>
      <Personnel>
         <Role>Data Center Contact</Role>
         <First_Name>FGDC</First_Name>
         <Last_Name>User Services</Last_Name>
         <Email>nsidc@nsidc.org</Email>
         <Phone>1-303-492-6199</Phone>
         <Fax>1-303-492-2468</Fax>
         <Contact_Address>
            <Address>National Snow and Ice Data Center</Address>
            <Address>CIRES, 449 UCB</Address>
            <Address>University of Colorado</Address>
            <City>Boulder</City>
            <Province_or_State>CO</Province_or_State>
            <Postal_Code>80309-0449</Postal_Code>
            <Country>USA</Country>
         </Contact_Address>
      </Personnel>
   </Data_Center>
   <Summary>
      <Abstract>The Atmospheric Radiation Measurement (ARM)  Program's primary objective is to test and improve General Circulation Model (GCM) parameterizations of clouds and their effect on the radiative energy balance. The ARM Program focuses on six research areas: 1) aerosols, 2) clouds, 3) longwave radiation, 4) shortwave radiation, 5) surface energy exchange (or flux), and 6) atmospheric state. 
 Meteorology data from the North Slope of Alaska/Adjacent Arctic Ocean Cloud and Radiation Testbed (CART) site at Barrow, Alaska include wind speed, wind direction, air temperature, humidity,  barometric pressure, visibility, and precipitation for the atmospheric column above the site.  Radiation measurements at the site include longwave and shortwave radiation, including infrared and solar radiation. Solar radiation data include total daily solar radiation, direct-beam normal irradiance, downwelling hemispheric diffuse irradiance, and downwelling hemispheric irradiance.  Infrared radiation data include radiance spectra ensemble (1800-3020 cm-1 and 520-1800 cm-1), mean radiances for short- and longwave wavenumbers, downwelling hemispheric infrared irradiance, longwave scene radiance spectral averages (AERI Ch1), longwave scene variability spectral averages (AERI Ch1), and net radiation.

Data are available at http://www.archive.arm.gov/armlogin/login.jsp. 
The ARM measurements are aggregated together in data files. A data file usually contains a time series of one or more measurements for a known time interval and a single location. Most data are stored in netCDF format. Some data files also contain one or more measurements distributed over a region from a single time (e.g., satellite images); these data are stored in HDF format.</Abstract>
   </Summary>
   <Related_URL>
      <URL_Content_Type>
         <Type>GET DATA</Type>
      </URL_Content_Type>
      <URL>http://www.arm.gov/data/</URL>
      <Description>Get External Data</Description>
   </Related_URL>
   <Metadata_Name>CEOS IDN DIF</Metadata_Name>
   <Metadata_Version>VERSION 9.9</Metadata_Version>
   <DIF_Creation_Date>2003-05-06</DIF_Creation_Date>
   <Last_DIF_Revision_Date>2012-02-13</Last_DIF_Revision_Date>
   <DIF_Revision_History> 2003-05-06, yohe,  
 2003-06-05, yohe,  
 2004-10-11, yohe,  
 2005-01-24, yohe,  
 2005-01-24, yohe,  
 2010-03-05, Deann Miller, Replacing broken URLs
 2012-02-13, Deann Miller, Fixed temporal coverage for EDB.
</DIF_Revision_History>
   <Extended_Metadata>
      <Metadata>
         <Group>NSIDC</Group>
         <Name>Version Summary</Name>
         <Value/>
      </Metadata>
      <Metadata>
         <Group>NSIDC</Group>
         <Name>Current Version</Name>
         <Value>1</Value>
      </Metadata>
   </Extended_Metadata>
</DIF>
