<?xml version="1.0" encoding="UTF-8"?>
<DIF xmlns:dif="http://gcmd.gsfc.nasa.gov/Aboutus/xml/dif/"
     xmlns:xsi="http://www.w3.org/2001/XMLSchema-instance"
     xsi:schemaLocation="http://gcmd.gsfc.nasa.gov/Aboutus/xml/dif/ http://gcmd.gsfc.nasa.gov/Aboutus/xml/dif/dif_v9.7.1.xsd">
   <Entry_ID>GGD639</Entry_ID>
   <Entry_Title>Circumpolar Arctic Vegetation Map</Entry_Title>
   <Data_Set_Citation>
      <Dataset_Title>Circumpolar Arctic Vegetation Map</Dataset_Title>
      <Dataset_Release_Date>2003-07-09</Dataset_Release_Date>
      <Version>1</Version>
      <Online_Resource>http://nsidc.org/data/GGD639</Online_Resource>
      <Dataset_Series_Name>GGD639</Dataset_Series_Name>
   </Data_Set_Citation>
   <Personnel>
      <Role>Investigator</Role>
      <First_Name>Donald (Skip)</First_Name>
      <Middle_Name>A.</Middle_Name>
      <Last_Name>Walker</Last_Name>
      <Email>ffdaw@uaf.edu</Email>
      <Phone>1-907-474-2460</Phone>
      <Contact_Address>
         <Address>Institute of Arctic Biology</Address>
         <Address>University of Alaska Fairbanks</Address>
         <City>Fairbanks</City>
         <Province_or_State>AK</Province_or_State>
         <Postal_Code>99775-6780</Postal_Code>
         <Country>USA</Country>
      </Contact_Address>
   </Personnel>
   <Parameters>
      <Category>EARTH SCIENCE</Category>
      <Topic>Biosphere</Topic>
      <Term>Vegetation</Term>
      <Variable_Level_1>Vegetation Cover</Variable_Level_1>
   </Parameters>
   <Parameters>
      <Category>EARTH SCIENCE</Category>
      <Topic>Biosphere</Topic>
      <Term>Vegetation</Term>
      <Variable_Level_1>Vegetation Species</Variable_Level_1>
   </Parameters>
   <Keyword>Circumpolar Arctic Vegetation Map</Keyword>
   <Keyword>GIS</Keyword>
   <Keyword>Maps</Keyword>
   <Spatial_Coverage>
      <Southernmost_Latitude>60</Southernmost_Latitude>
      <Northernmost_Latitude>90</Northernmost_Latitude>
      <Westernmost_Longitude>-180</Westernmost_Longitude>
      <Easternmost_Longitude>180</Easternmost_Longitude>
   </Spatial_Coverage>
   <Location>
      <Location_Category>Geographic Region</Location_Category>
      <Location_Type>Arctic</Location_Type>
      <Location_Subregion1/>
      <Location_Subregion2/>
      <Location_Subregion3/>
      <Detailed_Location/>
   </Location>
   <Data_Set_Language>English</Data_Set_Language>
   <Data_Center>
      <Data_Center_Name>
         <Short_Name>FGDC</Short_Name>
         <Long_Name>Frozen Ground Data Center</Long_Name>
      </Data_Center_Name>
      <Data_Center_URL>http://nsidc.org/fgdc/</Data_Center_URL>
      <Personnel>
         <Role>Data Center Contact</Role>
         <First_Name>FGDC</First_Name>
         <Last_Name>User Services</Last_Name>
         <Email>nsidc@nsidc.org</Email>
         <Phone>1-303-492-6199</Phone>
         <Fax>1-303-492-2468</Fax>
         <Contact_Address>
            <Address>National Snow and Ice Data Center</Address>
            <Address>CIRES, 449 UCB</Address>
            <Address>University of Colorado</Address>
            <City>Boulder</City>
            <Province_or_State>CO</Province_or_State>
            <Postal_Code>80309-0449</Postal_Code>
            <Country>USA</Country>
         </Contact_Address>
      </Personnel>
   </Data_Center>
   <Reference>Walker, D.A. 1999. An integrated vegetation mapping approach for northern Alaska (1:4M scale). International Journal of Remote Sensing 20:2895-2920.</Reference>
   <Summary>
      <Abstract>The Circumpolar Arctic Vegetation Map (CAVM) defines the spatial extent of dominant vegetation in terms of the dominant plant growth forms and physiognomy. Mapped vegetation extends south to the treeline, which varies with longitude. Spatial coverage is 60 to 90 N, -180 to 180 W. The map is available in Adobe PDF format, ESRI Arc/Info and Shapefile format, among others.</Abstract>
   </Summary>
   <Related_URL>
      <URL_Content_Type>
         <Type>GET DATA</Type>
      </URL_Content_Type>
      <URL>http://www.geobotany.uaf.edu/cavm/</URL>
      <Description>Get External Data</Description>
   </Related_URL>
   <Related_URL>
      <URL_Content_Type>
         <Type>VIEW RELATED INFORMATION</Type>
      </URL_Content_Type>
      <URL>http://nsidc.org/data/gis/</URL>
      <Description>GIS Data and Resources at NSIDC</Description>
   </Related_URL>
   <Metadata_Name>CEOS IDN DIF</Metadata_Name>
   <Metadata_Version>VERSION 9.9</Metadata_Version>
   <DIF_Creation_Date>2003-07-09</DIF_Creation_Date>
   <Last_DIF_Revision_Date>2006-12-13</Last_DIF_Revision_Date>
   <DIF_Revision_History> 2003-07-09, yohe,  
 2003-07-10, yohe,  
 2004-06-04, yohe,  
 2006-10-18, lfrench, Only change was to make this brokered and update the summary, so I just checked the catalog page. Send to GCMD.
 2006-12-13, lfrench, View Metadata link was added to catalog page. No need to send to GCMD since only DIFS Plus changed.
</DIF_Revision_History>
   <Extended_Metadata>
      <Metadata>
         <Group>NSIDC</Group>
         <Name>Version Summary</Name>
         <Value/>
      </Metadata>
      <Metadata>
         <Group>NSIDC</Group>
         <Name>Current Version</Name>
         <Value>1</Value>
      </Metadata>
   </Extended_Metadata>
</DIF>
