<?xml version="1.0" encoding="UTF-8"?>
<DIF xmlns:dif="http://gcmd.gsfc.nasa.gov/Aboutus/xml/dif/"
     xmlns:xsi="http://www.w3.org/2001/XMLSchema-instance"
     xsi:schemaLocation="http://gcmd.gsfc.nasa.gov/Aboutus/xml/dif/ http://gcmd.gsfc.nasa.gov/Aboutus/xml/dif/dif_v9.7.1.xsd">
   <Entry_ID>GGD611</Entry_ID>
   <Entry_Title>Air Temperatures at High Altitude, Kanchanjunga Himal, Eastern Nepal</Entry_Title>
   <Data_Set_Citation>
      <Dataset_Creator>Ishikawa, M.and T. Watanabe</Dataset_Creator>
      <Dataset_Title>Air Temperatures at High Altitude, Kanchanjunga Himal, Eastern Nepal</Dataset_Title>
      <Dataset_Release_Date>2002-01-01</Dataset_Release_Date>
      <Dataset_Release_Place>Boulder, Colorado USA</Dataset_Release_Place>
      <Dataset_Publisher>NSIDC: National Snow and Ice Data Center</Dataset_Publisher>
      <Version>1</Version>
      <Online_Resource>http://nsidc.org/data/GGD611</Online_Resource>
      <Dataset_Series_Name>GGD611</Dataset_Series_Name>
   </Data_Set_Citation>
   <Personnel>
      <Role>Investigator</Role>
      <First_Name>Mamoru</First_Name>
      <Last_Name>Ishikawa</Last_Name>
      <Email>mishi@ees.hokudai.ac.jp</Email>
      <Phone>1-045-778-5700</Phone>
      <Fax>1-045-778-5704</Fax>
      <Contact_Address>
         <Address>3173-25 Showamachi</Address>
         <City>Hokkaido</City>
         <Country>Japan</Country>
      </Contact_Address>
   </Personnel>
   <Personnel>
      <Role>Investigator</Role>
      <First_Name>Teiji</First_Name>
      <Last_Name>Watanabe</Last_Name>
   </Personnel>
   <Parameters>
      <Category>EARTH SCIENCE</Category>
      <Topic>Atmosphere</Topic>
      <Term>Atmospheric Temperature</Term>
      <Variable_Level_1>Air Temperature</Variable_Level_1>
   </Parameters>
   <Parameters>
      <Category>EARTH SCIENCE</Category>
      <Topic>Atmosphere</Topic>
      <Term>Atmospheric Temperature</Term>
      <Variable_Level_1>Surface Air Temperature</Variable_Level_1>
   </Parameters>
   <Keyword>Rock Glacier</Keyword>
   <Temporal_Coverage>
      <Start_Date>1998-11-04</Start_Date>
      <Stop_Date>1999-11-17</Stop_Date>
   </Temporal_Coverage>
   <Spatial_Coverage>
      <Southernmost_Latitude>27.65</Southernmost_Latitude>
      <Northernmost_Latitude>27.8</Northernmost_Latitude>
      <Westernmost_Longitude>87.933</Westernmost_Longitude>
      <Easternmost_Longitude>88.067</Easternmost_Longitude>
   </Spatial_Coverage>
   <Location>
      <Location_Category>Continent</Location_Category>
      <Location_Type>Asia</Location_Type>
      <Location_Subregion1>Southcentral Asia</Location_Subregion1>
      <Location_Subregion2>Nepal</Location_Subregion2>
      <Location_Subregion3/>
      <Detailed_Location>Kanchanjunga Himal, eastern Nepal</Detailed_Location>
   </Location>
   <Data_Set_Language>English</Data_Set_Language>
   <Data_Center>
      <Data_Center_Name>
         <Short_Name>FGDC</Short_Name>
         <Long_Name>Frozen Ground Data Center</Long_Name>
      </Data_Center_Name>
      <Data_Center_URL>http://nsidc.org/fgdc/</Data_Center_URL>
      <Personnel>
         <Role>Data Center Contact</Role>
         <First_Name>FGDC</First_Name>
         <Last_Name>User Services</Last_Name>
         <Email>nsidc@nsidc.org</Email>
         <Phone>1-303-492-6199</Phone>
         <Fax>1-303-492-2468</Fax>
         <Contact_Address>
            <Address>National Snow and Ice Data Center</Address>
            <Address>CIRES, 449 UCB</Address>
            <Address>University of Colorado</Address>
            <City>Boulder</City>
            <Province_or_State>CO</Province_or_State>
            <Postal_Code>80309-0449</Postal_Code>
            <Country>USA</Country>
         </Contact_Address>
      </Personnel>
   </Data_Center>
   <Distribution>
      <Distribution_Media>FTP</Distribution_Media>
      <Distribution_Format>ASCII Text (.txt)</Distribution_Format>
   </Distribution>
   <Summary>
      <Abstract>This data set provides air temperature (1.5 m above ground surface) data from the Kanchanjunga Himal, eastern Nepal. Air temperature was monitored from November 1998 to November 1999 at three locations (Tengkoma, Lhonak, and Ghunsa) at altitudes of 3410, 4750 and 6012 m ASL. Although temperature was measured at one-hour intervals, only daily mean values are provided.</Abstract>
   </Summary>
   <Related_URL>
      <URL_Content_Type>
         <Type>VIEW RELATED INFORMATION</Type>
      </URL_Content_Type>
      <URL>http://nsidc.org/data/docs/fgdc/ggd611_airtemp_nepal/index.html</URL>
      <Description>Documentation</Description>
   </Related_URL>
   <Related_URL>
      <URL_Content_Type>
         <Type>GET DATA</Type>
      </URL_Content_Type>
      <URL>ftp://sidads.colorado.edu/pub/DATASETS/fgdc/ggd611_airtemp_nepal/</URL>
      <Description>FTP</Description>
   </Related_URL>
   <Related_URL>
      <URL_Content_Type>
         <Type>VIEW PROJECT HOME PAGE</Type>
      </URL_Content_Type>
      <URL>http://nsidc.org/data/docs/fgdc/ggd610_rockglac_nepal/index.html</URL>
      <Description>Inventory of rock glaciers along the Ghunsa valley, Kanchanjunga Himal, eastern Nepal</Description>
   </Related_URL>
   <Metadata_Name>CEOS IDN DIF</Metadata_Name>
   <Metadata_Version>VERSION 9.9</Metadata_Version>
   <DIF_Creation_Date>2002-01-01</DIF_Creation_Date>
   <Last_DIF_Revision_Date>2012-08-30</Last_DIF_Revision_Date>
   <DIF_Revision_History> 2002-01-01, Transferred from mddb dataset_citation.release_date
 2007-08-21, John Maurer, Corrected spatial coverage: longitudes should have been the latitudes and vice versa. Send to GCMD. -maurerj
 2012-08-23, Deann Miller, added dist. media &amp; format based upon documentation
 2012-08-30, Deann Miller, added creator / pub info
</DIF_Revision_History>
   <Extended_Metadata>
      <Metadata>
         <Group>NSIDC</Group>
         <Name>Version Summary</Name>
         <Value/>
      </Metadata>
      <Metadata>
         <Group>NSIDC</Group>
         <Name>Current Version</Name>
         <Value>1</Value>
      </Metadata>
   </Extended_Metadata>
</DIF>
