<?xml version="1.0" encoding="UTF-8"?>
<DIF xmlns:dif="http://gcmd.gsfc.nasa.gov/Aboutus/xml/dif/"
     xmlns:xsi="http://www.w3.org/2001/XMLSchema-instance"
     xsi:schemaLocation="http://gcmd.gsfc.nasa.gov/Aboutus/xml/dif/ http://gcmd.gsfc.nasa.gov/Aboutus/xml/dif/dif_v9.7.1.xsd">
   <Entry_ID>GGD700</Entry_ID>
   <Entry_Title>Boreholes and temperature logs from the Tibetan Plateau and Northeast China</Entry_Title>
   <Data_Set_Citation>
      <Dataset_Creator>Wang, S. and G. Cheng</Dataset_Creator>
      <Dataset_Title>Boreholes and temperature logs from the Tibetan Plateau and Northeast China</Dataset_Title>
      <Dataset_Release_Date>2002-01-01</Dataset_Release_Date>
      <Dataset_Release_Place>Boulder, Colorado USA</Dataset_Release_Place>
      <Dataset_Publisher>NSIDC: National Snow and Ice Data Center</Dataset_Publisher>
      <Version>1</Version>
      <Online_Resource>http://nsidc.org/data/GGD700</Online_Resource>
      <Dataset_Series_Name>GGD700</Dataset_Series_Name>
   </Data_Set_Citation>
   <Personnel>
      <Role>Investigator</Role>
      <First_Name>Shaoling</First_Name>
      <Last_Name>Wang</Last_Name>
      <Email>ggcheng@bepc2.ihep.ac.cn</Email>
      <Phone>86-931-8848153</Phone>
      <Fax>86-931-8885241</Fax>
      <Contact_Address>
         <Address>No 174 Donggang West Road</Address>
         <City>Lanzhou</City>
         <Province_or_State>Gansu Province</Province_or_State>
         <Postal_Code>730000</Postal_Code>
         <Country>P.R. China</Country>
      </Contact_Address>
   </Personnel>
   <Personnel>
      <Role>Investigator</Role>
      <First_Name>Guodong</First_Name>
      <Last_Name>Cheng</Last_Name>
      <Email>ggcheng@bepc2.ihep.ac.cn</Email>
      <Phone>86-931-884 8153</Phone>
      <Fax>86-931-888 5241</Fax>
      <Contact_Address>
         <Address>No 174 Donggang West Road</Address>
         <City>Lanzhou</City>
         <Province_or_State>Gansu Province</Province_or_State>
         <Postal_Code>730000</Postal_Code>
         <Country>P.R. China</Country>
      </Contact_Address>
   </Personnel>
   <Parameters>
      <Category>EARTH SCIENCE</Category>
      <Topic>Cryosphere</Topic>
      <Term>Frozen Ground</Term>
      <Variable_Level_1>Permafrost</Variable_Level_1>
   </Parameters>
   <Parameters>
      <Category>EARTH SCIENCE</Category>
      <Topic>Land Surface</Topic>
      <Term>Frozen Ground</Term>
      <Variable_Level_1>Permafrost</Variable_Level_1>
   </Parameters>
   <Parameters>
      <Category>EARTH SCIENCE</Category>
      <Topic>Cryosphere</Topic>
      <Term>Frozen Ground</Term>
      <Variable_Level_1>Soil Temperature</Variable_Level_1>
   </Parameters>
   <Parameters>
      <Category>EARTH SCIENCE</Category>
      <Topic>Land Surface</Topic>
      <Term>Frozen Ground</Term>
      <Variable_Level_1>Soil Temperature</Variable_Level_1>
   </Parameters>
   <Keyword>Boreholes</Keyword>
   <Keyword>Permafrost Properties</Keyword>
   <Keyword>Permafrost Temperature</Keyword>
   <Keyword>Soil Temperature</Keyword>
   <Keyword>Thermal Properties</Keyword>
   <Temporal_Coverage>
      <Start_Date>1962-08-31</Start_Date>
      <Stop_Date>1995-06-15</Stop_Date>
   </Temporal_Coverage>
   <Location>
      <Location_Category>Continent</Location_Category>
      <Location_Type>Asia</Location_Type>
      <Location_Subregion1>Eastern Asia</Location_Subregion1>
      <Location_Subregion2>China</Location_Subregion2>
      <Location_Subregion3/>
      <Detailed_Location>Tibetan Plateau and Northeast China</Detailed_Location>
   </Location>
   <Data_Set_Language>English</Data_Set_Language>
   <Data_Center>
      <Data_Center_Name>
         <Short_Name>FGDC</Short_Name>
         <Long_Name>Frozen Ground Data Center</Long_Name>
      </Data_Center_Name>
      <Data_Center_URL>http://nsidc.org/fgdc/</Data_Center_URL>
      <Personnel>
         <Role>Data Center Contact</Role>
         <First_Name>FGDC</First_Name>
         <Last_Name>User Services</Last_Name>
         <Email>nsidc@nsidc.org</Email>
         <Phone>1-303-492-6199</Phone>
         <Fax>1-303-492-2468</Fax>
         <Contact_Address>
            <Address>National Snow and Ice Data Center</Address>
            <Address>CIRES, 449 UCB</Address>
            <Address>University of Colorado</Address>
            <City>Boulder</City>
            <Province_or_State>CO</Province_or_State>
            <Postal_Code>80309-0449</Postal_Code>
            <Country>USA</Country>
         </Contact_Address>
      </Personnel>
   </Data_Center>
   <Distribution>
      <Distribution_Media>FTP</Distribution_Media>
      <Distribution_Format>ASCII Text (.txt)</Distribution_Format>
   </Distribution>
   <Summary>
      <Abstract>Four groups of borehole data from the Qinghai-Xizang (Tibet) Plateau are presented. 
1) Boreholes at three sites, with sand surface, natural surface, and near a sand dune, at 66 Road Station - 1994 and 1995 measurements to about 17 meters. 
2) Borehole temperatures at Borehole CK123 - 1979, 1984, 1994 measurements to 60 meters.
3) Borehole temperatures at five sites in Fenghuoshan Station area - 1962, 1967, 1980, 1984, 1989, 1994, 1995 measurements to 35 meters. 
4) Boreholes at Xidatan-Kunlun Pass area - 1994 and 1995 measurements to 17.5 meters; 1994 and 1995 measurements to 25 meters; and 1975, 1976, 1979, 1985, 1989, 1994 and 1995 to 30 meters. Data provided by Wang Shaoling and Cheng Guodong, Lanzhou Institute of Glaciology and Geocryology. Some of these data are presented on the CAPS Version 1.0 CD-ROM, June 1998.</Abstract>
   </Summary>
   <Related_URL>
      <URL_Content_Type>
         <Type>VIEW RELATED INFORMATION</Type>
      </URL_Content_Type>
      <URL>http://nsidc.org/data/docs/fgdc/ggd700_boreholes_china_tibet/index.html</URL>
      <Description>Documentation</Description>
   </Related_URL>
   <Related_URL>
      <URL_Content_Type>
         <Type>GET DATA</Type>
      </URL_Content_Type>
      <URL>ftp://sidads.colorado.edu/pub/DATASETS/fgdc/ggd700_boreholes_china_tibet/</URL>
      <Description>FTP</Description>
   </Related_URL>
   <Metadata_Name>CEOS IDN DIF</Metadata_Name>
   <Metadata_Version>VERSION 9.9</Metadata_Version>
   <DIF_Creation_Date>2002-01-01</DIF_Creation_Date>
   <Last_DIF_Revision_Date>2012-08-30</Last_DIF_Revision_Date>
   <DIF_Revision_History> 2002-01-01, Transferred from mddb dataset_citation.release_date
 2003-06-17, yohe,  
 2012-02-13, Deann Miller, Fixed temporal coverage for EDB.
 2012-08-23, Deann Miller, added dist. media &amp; format based on data
 2012-08-30, Deann Miller, added creator / pub info
</DIF_Revision_History>
   <Extended_Metadata>
      <Metadata>
         <Group>NSIDC</Group>
         <Name>Version Summary</Name>
         <Value/>
      </Metadata>
      <Metadata>
         <Group>NSIDC</Group>
         <Name>Current Version</Name>
         <Value>1</Value>
      </Metadata>
   </Extended_Metadata>
</DIF>
