<?xml version="1.0" encoding="UTF-8"?>
<DIF xmlns:dif="http://gcmd.gsfc.nasa.gov/Aboutus/xml/dif/"
     xmlns:xsi="http://www.w3.org/2001/XMLSchema-instance"
     xsi:schemaLocation="http://gcmd.gsfc.nasa.gov/Aboutus/xml/dif/ http://gcmd.gsfc.nasa.gov/Aboutus/xml/dif/dif_v9.7.1.xsd">
   <Entry_ID>GGD908</Entry_ID>
   <Entry_Title>Climate Data from Barrow and Atqasuk, Alaska, 1995-2001</Entry_Title>
   <Data_Set_Citation>
      <Dataset_Creator>Patrick J. Webber, Robert D. Hollister</Dataset_Creator>
      <Dataset_Title>Climate Data from Barrow and Atqasuk, Alaska, 1995-2001</Dataset_Title>
      <Dataset_Release_Date>2003-05-01</Dataset_Release_Date>
      <Dataset_Release_Place>Boulder, Colorado USA</Dataset_Release_Place>
      <Dataset_Publisher>NSIDC: National Snow and Ice Data Center</Dataset_Publisher>
      <Version>1</Version>
      <Online_Resource>http://nsidc.org/data/GGD908</Online_Resource>
      <Dataset_Series_Name>GGD908</Dataset_Series_Name>
   </Data_Set_Citation>
   <Personnel>
      <Role>Investigator</Role>
      <First_Name>Robert</First_Name>
      <Middle_Name>D.</Middle_Name>
      <Last_Name>Hollister</Last_Name>
      <Email>holliste@msu.edu</Email>
      <Contact_Address>
         <City>East Lansing</City>
         <Province_or_State>MI</Province_or_State>
         <Postal_Code>48824-1031</Postal_Code>
         <Country>USA</Country>
      </Contact_Address>
   </Personnel>
   <Personnel>
      <Role>Investigator</Role>
      <First_Name>Patrick</First_Name>
      <Middle_Name>J.</Middle_Name>
      <Last_Name>Webber</Last_Name>
      <Email>webber@msu.edu</Email>
      <Phone>1-517-355-1284</Phone>
      <Fax>1-517-432-2150</Fax>
      <Contact_Address>
         <Address>Department of Botany and Plant Pathology
</Address>
         <Address>Michigan State University
</Address>
         <Address>100 North Kedzie Hall</Address>
         <City>East Lansing</City>
         <Province_or_State>MI</Province_or_State>
         <Postal_Code>48824</Postal_Code>
         <Country/>
      </Contact_Address>
   </Personnel>
   <Personnel>
      <Role>Technical Contact</Role>
      <First_Name>NSIDC</First_Name>
      <Last_Name>User Services</Last_Name>
      <Email>nsidc@nsidc.org</Email>
      <Phone>1-303-492-6199</Phone>
      <Fax>1-303-492-2468</Fax>
      <Contact_Address>
         <Address>CIRES, 449 UCB</Address>
         <Address>University of Colorado</Address>
         <City>Boulder</City>
         <Province_or_State>CO</Province_or_State>
         <Postal_Code>80309-0449</Postal_Code>
         <Country>USA</Country>
      </Contact_Address>
   </Personnel>
   <Parameters>
      <Category>EARTH SCIENCE</Category>
      <Topic>Atmosphere</Topic>
      <Term>Atmospheric Temperature</Term>
      <Variable_Level_1>Air Temperature</Variable_Level_1>
   </Parameters>
   <Parameters>
      <Category>EARTH SCIENCE</Category>
      <Topic>Agriculture</Topic>
      <Term>Soils</Term>
      <Variable_Level_1>Permafrost</Variable_Level_1>
   </Parameters>
   <Parameters>
      <Category>EARTH SCIENCE</Category>
      <Topic>Land Surface</Topic>
      <Term>Soils</Term>
      <Variable_Level_1>Permafrost</Variable_Level_1>
   </Parameters>
   <Parameters>
      <Category>EARTH SCIENCE</Category>
      <Topic>Atmosphere</Topic>
      <Term>Precipitation</Term>
      <Variable_Level_1>Precipitation Amount</Variable_Level_1>
   </Parameters>
   <Parameters>
      <Category>EARTH SCIENCE</Category>
      <Topic>Atmosphere</Topic>
      <Term>Precipitation</Term>
      <Variable_Level_1>Precipitation Rate</Variable_Level_1>
   </Parameters>
   <Parameters>
      <Category>EARTH SCIENCE</Category>
      <Topic>Land Surface</Topic>
      <Term>Soils</Term>
      <Variable_Level_1>Soil Depth</Variable_Level_1>
   </Parameters>
   <Parameters>
      <Category>EARTH SCIENCE</Category>
      <Topic>Agriculture</Topic>
      <Term>Soils</Term>
      <Variable_Level_1>Soil Moisture/Water Content</Variable_Level_1>
   </Parameters>
   <Parameters>
      <Category>EARTH SCIENCE</Category>
      <Topic>Land Surface</Topic>
      <Term>Soils</Term>
      <Variable_Level_1>Soil Moisture/Water Content</Variable_Level_1>
   </Parameters>
   <Parameters>
      <Category>EARTH SCIENCE</Category>
      <Topic>Agriculture</Topic>
      <Term>Soils</Term>
   </Parameters>
   <Parameters>
      <Category>EARTH SCIENCE</Category>
      <Topic>Land Surface</Topic>
      <Term>Soils</Term>
   </Parameters>
   <Parameters>
      <Category>EARTH SCIENCE</Category>
      <Topic>Agriculture</Topic>
      <Term>Soils</Term>
      <Variable_Level_1>Soil Salinity/Soil Sodicity</Variable_Level_1>
   </Parameters>
   <Parameters>
      <Category>EARTH SCIENCE</Category>
      <Topic>Land Surface</Topic>
      <Term>Soils</Term>
      <Variable_Level_1>Soil Salinity/Soil Sodicity</Variable_Level_1>
   </Parameters>
   <Parameters>
      <Category>EARTH SCIENCE</Category>
      <Topic>Agriculture</Topic>
      <Term>Soils</Term>
      <Variable_Level_1>Soil Temperature</Variable_Level_1>
   </Parameters>
   <Parameters>
      <Category>EARTH SCIENCE</Category>
      <Topic>Land Surface</Topic>
      <Term>Soils</Term>
      <Variable_Level_1>Soil Temperature</Variable_Level_1>
   </Parameters>
   <Parameters>
      <Category>EARTH SCIENCE</Category>
      <Topic>Atmosphere</Topic>
      <Term>Atmospheric Temperature</Term>
      <Variable_Level_1>Surface Air Temperature</Variable_Level_1>
   </Parameters>
   <Keyword>ARCSS</Keyword>
   <Keyword>arcss908</Keyword>
   <Keyword>ARCSS Data Coordination Center</Keyword>
   <Keyword>Arctic Soils</Keyword>
   <Keyword>Frozen Ground</Keyword>
   <Keyword>Frozen Soil</Keyword>
   <Keyword>Mean Monthly Precipitation</Keyword>
   <Keyword>Near-surface Wind Speeds</Keyword>
   <Keyword>NSF</Keyword>
   <Keyword>NSIDC</Keyword>
   <Keyword>NSIDC &gt; National Snow and Ice Data Center</Keyword>
   <Keyword>Permafrost</Keyword>
   <Keyword>Permafrost Extent</Keyword>
   <Keyword>Precipitation</Keyword>
   <Keyword>Precipitation Accumulation</Keyword>
   <Keyword>Precipitation Amount</Keyword>
   <Keyword>Precipitation Total</Keyword>
   <Keyword>Salinity</Keyword>
   <Keyword>Soil Moisture</Keyword>
   <Keyword>Soil Temperature</Keyword>
   <Keyword>Tundra Soils</Keyword>
   <Keyword>Wind Speed</Keyword>
   <Keyword>Wind Velocity</Keyword>
   <Sensor_Name>
      <Short_Name>PROBES</Short_Name>
   </Sensor_Name>
   <Sensor_Name>
      <Short_Name>PYRANOMETERS</Short_Name>
   </Sensor_Name>
   <Sensor_Name>
      <Short_Name>SOIL DEPTH PROBE</Short_Name>
   </Sensor_Name>
   <Sensor_Name>
      <Short_Name>SOIL MOISTURE PROBE</Short_Name>
   </Sensor_Name>
   <Sensor_Name>
      <Short_Name>SOIL TEMPERATURE PROBE</Short_Name>
   </Sensor_Name>
   <Sensor_Name>
      <Short_Name>STD</Short_Name>
      <Long_Name>Salinity, Temperature, Depth</Long_Name>
   </Sensor_Name>
   <Sensor_Name>
      <Short_Name>THERMOMETERS</Short_Name>
   </Sensor_Name>
   <Source_Name>
      <Short_Name>GROUND STATIONS</Short_Name>
   </Source_Name>
   <Source_Name>
      <Short_Name>GROUND-BASED OBSERVATIONS</Short_Name>
   </Source_Name>
   <Temporal_Coverage>
      <Start_Date>1995-06-20</Start_Date>
      <Stop_Date>2001-08-25</Stop_Date>
   </Temporal_Coverage>
   <Data_Set_Progress>complete</Data_Set_Progress>
   <Spatial_Coverage>
      <Southernmost_Latitude>70.6</Southernmost_Latitude>
      <Northernmost_Latitude>71.6</Northernmost_Latitude>
      <Westernmost_Longitude>-157.45</Westernmost_Longitude>
      <Easternmost_Longitude>-156.65</Easternmost_Longitude>
   </Spatial_Coverage>
   <Location>
      <Location_Category>Continent</Location_Category>
      <Location_Type>North America</Location_Type>
      <Location_Subregion1>United States Of America</Location_Subregion1>
      <Location_Subregion2>Alaska</Location_Subregion2>
      <Location_Subregion3/>
      <Detailed_Location/>
   </Location>
   <Project>
      <Short_Name>ITEX</Short_Name>
      <Long_Name>International Tundra Experiment</Long_Name>
   </Project>
   <Project>
      <Short_Name>ARCSS/LAII/ITEX</Short_Name>
      <Long_Name>Arctic System Science/LAII/International Tundra Experiment</Long_Name>
   </Project>
   <Data_Set_Language>English</Data_Set_Language>
   <Data_Center>
      <Data_Center_Name>
         <Short_Name>FGDC</Short_Name>
         <Long_Name>Frozen Ground Data Center</Long_Name>
      </Data_Center_Name>
      <Data_Center_URL>http://nsidc.org/fgdc/</Data_Center_URL>
      <Personnel>
         <Role>Data Center Contact</Role>
         <First_Name>FGDC</First_Name>
         <Last_Name>User Services</Last_Name>
         <Email>nsidc@nsidc.org</Email>
         <Phone>1-303-492-6199</Phone>
         <Fax>1-303-492-2468</Fax>
         <Contact_Address>
            <Address>National Snow and Ice Data Center</Address>
            <Address>CIRES, 449 UCB</Address>
            <Address>University of Colorado</Address>
            <City>Boulder</City>
            <Province_or_State>CO</Province_or_State>
            <Postal_Code>80309-0449</Postal_Code>
            <Country>USA</Country>
         </Contact_Address>
      </Personnel>
   </Data_Center>
   <Distribution>
      <Distribution_Media>FTP</Distribution_Media>
      <Distribution_Size>88 - 42.6 MB</Distribution_Size>
      <Distribution_Format>ASCII Text (.txt)</Distribution_Format>
   </Distribution>
   <Summary>
      <Abstract>This data set presents various climate data from sites in Barrow and Atquasuk, on the Northern Slope of Alaska. Parameters include thaw depth, air temperature, precipitation, wind speed, light intensity, plant canopy temperature, soil temperature, soil moisture, soil salinity, and relative humidity. Data were collected between June 1995 and August 2001 by various sensors connected to data loggers. Air and soil temperatures are given in degrees Celsius and wind speed is measured in meters per second. All other paramater measurements are detailed in the documentation. The research project was funded by the Arctic System Sciences (ARCSS) Program, grant number OPP 9714103. Data are available via FTP.</Abstract>
   </Summary>
   <Related_URL>
      <URL_Content_Type>
         <Type>GET DATA</Type>
      </URL_Content_Type>
      <URL>http://data.eol.ucar.edu/codiac/dss/id=106.arcss908/</URL>
      <Description>Get External Data</Description>
   </Related_URL>
   <Metadata_Name>CEOS IDN DIF</Metadata_Name>
   <Metadata_Version>VERSION 9.9</Metadata_Version>
   <DIF_Creation_Date>2003-05-01</DIF_Creation_Date>
   <Last_DIF_Revision_Date>2014-03-04</Last_DIF_Revision_Date>
   <DIF_Revision_History> 2014-03-04, Deann Miller, Removed the ARCSS logo from cat page. This is for Search cleanup for the sponsored program short names. 
 2003-05-01, Transferred from mddb dataset_citation.release_date
 2003-05-27, acasey,  
 2003-05-27, yohe,  
 2003-06-05, yohe,  
 2003-06-19, kwebster,  
 2003-07-28, yohe,  
 2011-01-07, Deann Miller, Deleted a broken link in the Reference section since data set is brokered and there is no support to track down the correct URL.
 2011-09-02, Deann Miller, Fixed the data citation.
 2012-07-09, Deann Miller, corrected dist. medis, format &amp; size
 2012-07-18, Deann Miller, changed preso format to match data format
</DIF_Revision_History>
   <Extended_Metadata>
      <Metadata>
         <Group>NSIDC</Group>
         <Name>Version Summary</Name>
         <Value/>
      </Metadata>
      <Metadata>
         <Group>NSIDC</Group>
         <Name>Current Version</Name>
         <Value>1</Value>
      </Metadata>
   </Extended_Metadata>
</DIF>
