<?xml version="1.0" encoding="UTF-8"?>
<DIF xmlns:dif="http://gcmd.gsfc.nasa.gov/Aboutus/xml/dif/"
     xmlns:xsi="http://www.w3.org/2001/XMLSchema-instance"
     xsi:schemaLocation="http://gcmd.gsfc.nasa.gov/Aboutus/xml/dif/ http://gcmd.gsfc.nasa.gov/Aboutus/xml/dif/dif_v9.7.1.xsd">
   <Entry_ID>GGD906</Entry_ID>
   <Entry_Title>Daily Soil Temperature and Meteorological Data for Sites at Toolik Lake Alaska</Entry_Title>
   <Data_Set_Citation>
      <Dataset_Creator>Gus Shaver,   Jim Laundre</Dataset_Creator>
      <Dataset_Title>Daily Soil Temperature and Meteorological Data for Sites at Toolik Lake Alaska</Dataset_Title>
      <Dataset_Release_Date>2003-05-23</Dataset_Release_Date>
      <Dataset_Release_Place>Boulder, Colorado USA</Dataset_Release_Place>
      <Dataset_Publisher>NSIDC: National Snow and Ice Data Center</Dataset_Publisher>
      <Version>1</Version>
      <Online_Resource>http://nsidc.org/data/GGD906</Online_Resource>
      <Dataset_Series_Name>GGD906</Dataset_Series_Name>
   </Data_Set_Citation>
   <Personnel>
      <Role>Technical Contact</Role>
      <First_Name>NSIDC</First_Name>
      <Last_Name>User Services</Last_Name>
      <Email>nsidc@nsidc.org</Email>
      <Phone>1-303-492-6199</Phone>
      <Fax>1-303-492-2468</Fax>
      <Contact_Address>
         <Address>CIRES, 449 UCB</Address>
         <Address>University of Colorado</Address>
         <City>Boulder</City>
         <Province_or_State>CO</Province_or_State>
         <Postal_Code>80309-0449</Postal_Code>
         <Country>USA</Country>
      </Contact_Address>
   </Personnel>
   <Personnel>
      <Role>Investigator</Role>
      <First_Name>James</First_Name>
      <Last_Name>Laundre</Last_Name>
      <Email>jiml@lupine.mbl.edu</Email>
      <Phone>1-508-289-7476</Phone>
      <Fax>1-508-457-1548</Fax>
      <Contact_Address>
         <Address>7 MBL Street</Address>
         <City>Woods Hole</City>
         <Province_or_State>MA</Province_or_State>
         <Postal_Code>2543</Postal_Code>
         <Country>USA</Country>
      </Contact_Address>
   </Personnel>
   <Personnel>
      <Role>Investigator</Role>
      <First_Name>Gaius (Gus)</First_Name>
      <Middle_Name>R.</Middle_Name>
      <Last_Name>Shaver</Last_Name>
      <Email>gshaver@lternet.edu</Email>
      <Email>gshaver@lupine.mbl.edu</Email>
      <Phone>1-508-548-3705</Phone>
      <Fax>1-508-457-1548</Fax>
      <Contact_Address>
         <Address>Marine Biological Laboratory</Address>
         <Address>Ecosystems Center</Address>
         <City>Woods Hole</City>
         <Province_or_State>MA</Province_or_State>
         <Postal_Code>02543</Postal_Code>
         <Country/>
      </Contact_Address>
   </Personnel>
   <Parameters>
      <Category>EARTH SCIENCE</Category>
      <Topic>Atmosphere</Topic>
      <Term>Atmospheric Temperature</Term>
      <Variable_Level_1>Air Temperature</Variable_Level_1>
   </Parameters>
   <Parameters>
      <Category>EARTH SCIENCE</Category>
      <Topic>Cryosphere</Topic>
      <Term>Frozen Ground</Term>
      <Variable_Level_1>Permafrost</Variable_Level_1>
   </Parameters>
   <Parameters>
      <Category>EARTH SCIENCE</Category>
      <Topic>Land Surface</Topic>
      <Term>Frozen Ground</Term>
      <Variable_Level_1>Permafrost</Variable_Level_1>
   </Parameters>
   <Parameters>
      <Category>EARTH SCIENCE</Category>
      <Topic>Land Surface</Topic>
      <Term>Soils</Term>
      <Variable_Level_1>Permafrost</Variable_Level_1>
   </Parameters>
   <Parameters>
      <Category>EARTH SCIENCE</Category>
      <Topic>Agriculture</Topic>
      <Term>Soils</Term>
      <Variable_Level_1>Soil Temperature</Variable_Level_1>
   </Parameters>
   <Parameters>
      <Category>EARTH SCIENCE</Category>
      <Topic>Cryosphere</Topic>
      <Term>Frozen Ground</Term>
      <Variable_Level_1>Soil Temperature</Variable_Level_1>
   </Parameters>
   <Parameters>
      <Category>EARTH SCIENCE</Category>
      <Topic>Land Surface</Topic>
      <Term>Frozen Ground</Term>
      <Variable_Level_1>Soil Temperature</Variable_Level_1>
   </Parameters>
   <Parameters>
      <Category>EARTH SCIENCE</Category>
      <Topic>Land Surface</Topic>
      <Term>Soils</Term>
      <Variable_Level_1>Soil Temperature</Variable_Level_1>
   </Parameters>
   <Parameters>
      <Category>EARTH SCIENCE</Category>
      <Topic>Atmosphere</Topic>
      <Term>Atmospheric Temperature</Term>
      <Variable_Level_1>Surface Air Temperature</Variable_Level_1>
   </Parameters>
   <Parameters>
      <Category>EARTH SCIENCE</Category>
      <Topic>Atmosphere</Topic>
      <Term>Atmospheric Winds</Term>
      <Variable_Level_1>Surface Winds</Variable_Level_1>
   </Parameters>
   <Parameters>
      <Category>EARTH SCIENCE</Category>
      <Topic>Atmosphere</Topic>
      <Term>Atmospheric Water Vapor</Term>
      <Variable_Level_1>Water Vapor Profiles</Variable_Level_1>
   </Parameters>
   <Keyword>ADCC</Keyword>
   <Keyword>Alaska</Keyword>
   <Keyword>Alaskan North Slope</Keyword>
   <Keyword>ARCSS</Keyword>
   <Keyword>ARCSS906</Keyword>
   <Keyword>ARCSS Data Coordination Center</Keyword>
   <Keyword>Arctic LTER</Keyword>
   <Keyword>Frozen Ground</Keyword>
   <Keyword>GGD906</Keyword>
   <Keyword>Global  Radiation</Keyword>
   <Keyword>Near-surface Wind Speeds</Keyword>
   <Keyword>NSF</Keyword>
   <Keyword>Rainfall Amount</Keyword>
   <Keyword>Rainfall Total</Keyword>
   <Keyword>Solar Radiation</Keyword>
   <Keyword>Surface Rainfall</Keyword>
   <Keyword>Surface Winds</Keyword>
   <Keyword>Toolik Lake</Keyword>
   <Keyword>Toolik LTER</Keyword>
   <Keyword>Wind Direction</Keyword>
   <Keyword>Wind-induced Undercatch</Keyword>
   <Keyword>Wind Speed</Keyword>
   <Keyword>Wind Velocity</Keyword>
   <Sensor_Name>
      <Short_Name>ANEMOMETERS</Short_Name>
   </Sensor_Name>
   <Sensor_Name>
      <Short_Name>SOIL TEMPERATURE PROBE</Short_Name>
   </Sensor_Name>
   <Sensor_Name>
      <Short_Name>TEMPERATURE LOGGERS</Short_Name>
   </Sensor_Name>
   <Sensor_Name>
      <Short_Name>TEMPERATURE PROBES</Short_Name>
   </Sensor_Name>
   <Sensor_Name>
      <Short_Name>TEMPERATURE SENSORS</Short_Name>
   </Sensor_Name>
   <Source_Name>
      <Short_Name>ARWS</Short_Name>
      <Long_Name>Automatic Remote Weather Station</Long_Name>
   </Source_Name>
   <Temporal_Coverage>
      <Start_Date>1988-06-01</Start_Date>
      <Stop_Date>2002-08-30</Stop_Date>
   </Temporal_Coverage>
   <Spatial_Coverage>
      <Southernmost_Latitude>68.63</Southernmost_Latitude>
      <Northernmost_Latitude>68.63</Northernmost_Latitude>
      <Westernmost_Longitude>-149.6</Westernmost_Longitude>
      <Easternmost_Longitude>-149.6</Easternmost_Longitude>
   </Spatial_Coverage>
   <Location>
      <Location_Category>Continent</Location_Category>
      <Location_Type>North America</Location_Type>
      <Location_Subregion1>United States Of America</Location_Subregion1>
      <Location_Subregion2>Alaska</Location_Subregion2>
      <Location_Subregion3/>
      <Detailed_Location/>
   </Location>
   <Project>
      <Short_Name>ARCSS/LAII/ATLAS</Short_Name>
      <Long_Name>Arctic System Science/LAII/Arctic Transitions in the Land-Atmosphere System</Long_Name>
   </Project>
   <Data_Set_Language>English</Data_Set_Language>
   <Data_Center>
      <Data_Center_Name>
         <Short_Name>FGDC</Short_Name>
         <Long_Name>Frozen Ground Data Center</Long_Name>
      </Data_Center_Name>
      <Data_Center_URL>http://nsidc.org/fgdc/</Data_Center_URL>
      <Personnel>
         <Role>Data Center Contact</Role>
         <First_Name>FGDC</First_Name>
         <Last_Name>User Services</Last_Name>
         <Email>nsidc@nsidc.org</Email>
         <Phone>1-303-492-6199</Phone>
         <Fax>1-303-492-2468</Fax>
         <Contact_Address>
            <Address>National Snow and Ice Data Center</Address>
            <Address>CIRES, 449 UCB</Address>
            <Address>University of Colorado</Address>
            <City>Boulder</City>
            <Province_or_State>CO</Province_or_State>
            <Postal_Code>80309-0449</Postal_Code>
            <Country>USA</Country>
         </Contact_Address>
      </Personnel>
   </Data_Center>
   <Distribution>
      <Distribution_Media>FTP</Distribution_Media>
      <Distribution_Size>43 - 95 KB</Distribution_Size>
      <Distribution_Format>ASCII Text (.txt)</Distribution_Format>
   </Distribution>
   <Reference>See the Arctic LTER site for the hourly data and other weather data (http://ecosystems.mbl.edu/ARC/).</Reference>
   <Summary>
      <Abstract>This data set consists of daily air, water, and soil temperature, wind speed, vapor pressure, and the sum of global radiation and unfrozen precipitation data from the Toolik Lake area of Alaska between 1998 and 2002. The data includes readings from two sites: the Toolik Arctic Long Term Ecological Research (LTER) Tundra site and the nearby Toolik Tussock Experimental plots site that includes soil measurements from fertilized and unfertilized greenhouse and 'shadehouse' areas.

Data loggers recorded soil temperatures at various intervals down to 150 cm. Air temperatures were recorded between 1 and 5 meters. The data consist of 28 comma-delimited ASCII text files, and are available via ftp. Data files for each site contain slightly different meteorological parameters. This data set is a subset of the more comprehensive data set, Monitoring and Manipulation of Tundra Response to Climate Change, Arctic LTER, Toolik Lake, Alaska. 

The research project was funded by the Arctic System Sciences (ARCSS) Program, grant number OPP-9810222.</Abstract>
   </Summary>
   <Related_URL>
      <URL_Content_Type>
         <Type>VIEW RELATED INFORMATION</Type>
      </URL_Content_Type>
      <URL>http://nsidc.org/data/docs/fgdc/ggd906_soil_weather_alaska/</URL>
      <Description>Documentation</Description>
   </Related_URL>
   <Related_URL>
      <URL_Content_Type>
         <Type>GET DATA</Type>
      </URL_Content_Type>
      <URL>ftp://sidads.colorado.edu/DATASETS/fgdc/ggd906_soil_weather_alaska/</URL>
      <Description>FTP</Description>
   </Related_URL>
   <Related_URL>
      <URL_Content_Type>
         <Type>VIEW RELATED INFORMATION</Type>
      </URL_Content_Type>
      <URL>http://nsidc.org/data/arcss091.html</URL>
      <Description>Monitoring and Manipulation of Tundra Response to Climate Change, Arctic LTER, Toolik Lake, Alaska</Description>
   </Related_URL>
   <Related_URL>
      <URL_Content_Type>
         <Type>VIEW PROJECT HOME PAGE</Type>
      </URL_Content_Type>
      <URL>http://ecosystems.mbl.edu/arc/default.htm</URL>
      <Description>Arctic Long Term Ecological Research Site</Description>
   </Related_URL>
   <Metadata_Name>CEOS IDN DIF</Metadata_Name>
   <Metadata_Version>VERSION 9.9</Metadata_Version>
   <DIF_Creation_Date>2003-05-23</DIF_Creation_Date>
   <Last_DIF_Revision_Date>2012-07-17</Last_DIF_Revision_Date>
   <DIF_Revision_History> 2003-05-23, Transferred from mddb dataset_citation.release_date
 2003-05-23, yohe,  
 2003-05-27, acasey,  
 2003-06-04, acasey,  
 2003-06-05, yohe,  
 2005-08-26, Mark Parsons,  
 2010-03-05, Deann Miller, Replacing broken URLs
 2012-07-17, Deann Miller, corrected dist. format and size; changed preso format to match dist. format
</DIF_Revision_History>
   <Extended_Metadata>
      <Metadata>
         <Group>NSIDC</Group>
         <Name>Version Summary</Name>
         <Value/>
      </Metadata>
      <Metadata>
         <Group>NSIDC</Group>
         <Name>Current Version</Name>
         <Value>1</Value>
      </Metadata>
   </Extended_Metadata>
</DIF>
