<?xml version="1.0" encoding="UTF-8"?>
<DIF xmlns:dif="http://gcmd.gsfc.nasa.gov/Aboutus/xml/dif/"
     xmlns:xsi="http://www.w3.org/2001/XMLSchema-instance"
     xsi:schemaLocation="http://gcmd.gsfc.nasa.gov/Aboutus/xml/dif/ http://gcmd.gsfc.nasa.gov/Aboutus/xml/dif/dif_v9.7.1.xsd">
   <Entry_ID>GGD905</Entry_ID>
   <Entry_Title>Elevated Soil Temperature and Water Table Manipulation Data from Barrow, Alaska, 1999-2001</Entry_Title>
   <Data_Set_Citation>
      <Dataset_Creator>Walter C. Oechel</Dataset_Creator>
      <Dataset_Title>Elevated Soil Temperature and Water Table Manipulation Data from Barrow, Alaska, 1999-2001</Dataset_Title>
      <Dataset_Release_Date>2003-05-30</Dataset_Release_Date>
      <Dataset_Release_Place>Boulder, Colorado USA</Dataset_Release_Place>
      <Dataset_Publisher>NSIDC: National Snow and Ice Data Center</Dataset_Publisher>
      <Version>1</Version>
      <Online_Resource>http://nsidc.org/data/GGD905</Online_Resource>
      <Dataset_Series_Name>GGD905</Dataset_Series_Name>
   </Data_Set_Citation>
   <Personnel>
      <Role>Investigator</Role>
      <First_Name>Walter</First_Name>
      <Middle_Name>C.</Middle_Name>
      <Last_Name>Oechel</Last_Name>
      <Email>oechel@sunstroke.sdsu.edu</Email>
      <Phone>1-619-594-4818</Phone>
      <Contact_Address>
         <Address>San Diego State University</Address>
         <Address>5500 Campanile Drive</Address>
         <City>San Diego</City>
         <Province_or_State>CA</Province_or_State>
         <Postal_Code>92182-0001</Postal_Code>
         <Country>USA</Country>
      </Contact_Address>
   </Personnel>
   <Parameters>
      <Category>EARTH SCIENCE</Category>
      <Topic>Cryosphere</Topic>
      <Term>Frozen Ground</Term>
      <Variable_Level_1>Soil Temperature</Variable_Level_1>
   </Parameters>
   <Parameters>
      <Category>EARTH SCIENCE</Category>
      <Topic>Land Surface</Topic>
      <Term>Frozen Ground</Term>
      <Variable_Level_1>Soil Temperature</Variable_Level_1>
   </Parameters>
   <Parameters>
      <Category>EARTH SCIENCE</Category>
      <Topic>Land Surface</Topic>
      <Term>Soils</Term>
      <Variable_Level_1>Soil Temperature</Variable_Level_1>
   </Parameters>
   <Parameters>
      <Category>EARTH SCIENCE</Category>
      <Topic>Terrestrial Hydrosphere</Topic>
      <Term>Surface Water</Term>
      <Variable_Level_1>Water Depth</Variable_Level_1>
      <Detailed_Variable>Water Table Depth</Detailed_Variable>
   </Parameters>
   <Keyword>ARCSS</Keyword>
   <Keyword>ARCSS Data Coordination Center</Keyword>
   <Keyword>ATLAS</Keyword>
   <Keyword>Barrow</Keyword>
   <Keyword>Frozen Ground</Keyword>
   <Keyword>GGD905</Keyword>
   <Keyword>National Science Foundation</Keyword>
   <Keyword>NSF</Keyword>
   <Keyword>NSIDC</Keyword>
   <Keyword>NSIDC &gt; National Snow and Ice Data Center</Keyword>
   <Keyword>OPP</Keyword>
   <Keyword>OPP-9732105</Keyword>
   <Keyword>Thaw Depth</Keyword>
   <Keyword>Tundra</Keyword>
   <Keyword>Water Table</Keyword>
   <Sensor_Name>
      <Short_Name>PROBES</Short_Name>
   </Sensor_Name>
   <Sensor_Name>
      <Short_Name>TEMPERATURE LOGGERS</Short_Name>
   </Sensor_Name>
   <Sensor_Name>
      <Short_Name>TEMPERATURE PROBES</Short_Name>
   </Sensor_Name>
   <Sensor_Name>
      <Short_Name>THERMOCOUPLES</Short_Name>
   </Sensor_Name>
   <Source_Name>
      <Short_Name>GROUND-BASED OBSERVATIONS</Short_Name>
   </Source_Name>
   <Temporal_Coverage>
      <Start_Date>1999-06-01</Start_Date>
      <Stop_Date>2001-09-30</Stop_Date>
   </Temporal_Coverage>
   <Spatial_Coverage>
      <Southernmost_Latitude>71.32</Southernmost_Latitude>
      <Northernmost_Latitude>71.32</Northernmost_Latitude>
      <Westernmost_Longitude>156.62</Westernmost_Longitude>
      <Easternmost_Longitude>156.62</Easternmost_Longitude>
   </Spatial_Coverage>
   <Location>
      <Location_Category>Continent</Location_Category>
      <Location_Type>North America</Location_Type>
      <Location_Subregion1>United States Of America</Location_Subregion1>
      <Location_Subregion2/>
      <Location_Subregion3/>
      <Detailed_Location>Alaska</Detailed_Location>
   </Location>
   <Location>
      <Location_Category>Continent</Location_Category>
      <Location_Type>North America</Location_Type>
      <Location_Subregion1>United States Of America</Location_Subregion1>
      <Location_Subregion2>Alaska</Location_Subregion2>
      <Location_Subregion3/>
      <Detailed_Location/>
   </Location>
   <Project>
      <Short_Name>ARCSS/LAII</Short_Name>
      <Long_Name>Arctic System Science/Land-Atmosphere-Ice Interaction</Long_Name>
   </Project>
   <Project>
      <Short_Name>ARCSS/LAII/ATLAS</Short_Name>
      <Long_Name>Arctic System Science/LAII/Arctic Transitions in the Land-Atmosphere System</Long_Name>
   </Project>
   <Data_Set_Language>English</Data_Set_Language>
   <Data_Center>
      <Data_Center_Name>
         <Short_Name>FGDC</Short_Name>
         <Long_Name>Frozen Ground Data Center</Long_Name>
      </Data_Center_Name>
      <Data_Center_URL>http://nsidc.org/fgdc/</Data_Center_URL>
      <Personnel>
         <Role>Data Center Contact</Role>
         <First_Name>FGDC</First_Name>
         <Last_Name>User Services</Last_Name>
         <Email>nsidc@nsidc.org</Email>
         <Phone>1-303-492-6199</Phone>
         <Fax>1-303-492-2468</Fax>
         <Contact_Address>
            <Address>National Snow and Ice Data Center</Address>
            <Address>CIRES, 449 UCB</Address>
            <Address>University of Colorado</Address>
            <City>Boulder</City>
            <Province_or_State>CO</Province_or_State>
            <Postal_Code>80309-0449</Postal_Code>
            <Country>USA</Country>
         </Contact_Address>
      </Personnel>
   </Data_Center>
   <Distribution>
      <Distribution_Media>FTP</Distribution_Media>
      <Distribution_Size>8 - 20 KB</Distribution_Size>
      <Distribution_Format>ASCII Text (.txt)</Distribution_Format>
   </Distribution>
   <Summary>
      <Abstract>This data set contains elevated soil temperature and water table manipulation measurements taken at a tundra site near Barrow, Alaska, USA. Eighteen 60-cm diameter polycarbonate cylinders were installed into the ground at the end of the 1998 growing season when thaw depth was at its seasonal maximum to isolate plots of tundra. The cylinders were organized into three blocks of six for three replicates of the six treatments to be tested. The six factors tested include: control, elevated water table, lowered water table, elevated soil temperature, elevated soil temperature and elevated water table, and elevated soil temperature and lowered water table.  Temperature data were collected from June 1999, until September 2001.

Measurements were taken as part of the Land-Atmosphere-Ice Interactions Arctic Transitions in the Land-Atmosphere System (LAII-ATLAS) program. The research project was funded by the Arctic System Sciences (ARCSS) Program, grant number OPP-9732105.

Data are available by FTP.</Abstract>
   </Summary>
   <Related_URL>
      <URL_Content_Type>
         <Type>GET DATA</Type>
      </URL_Content_Type>
      <URL>http://data.eol.ucar.edu/codiac/dss/id=106.arcss905/</URL>
      <Description>Get External Data</Description>
   </Related_URL>
   <Metadata_Name>CEOS IDN DIF</Metadata_Name>
   <Metadata_Version>VERSION 9.9</Metadata_Version>
   <DIF_Creation_Date>2003-05-30</DIF_Creation_Date>
   <Last_DIF_Revision_Date>2014-03-04</Last_DIF_Revision_Date>
   <DIF_Revision_History> 2003-05-30, Transferred from mddb dataset_citation.release_date
 2003-06-05, yohe,  
 2003-06-09, yohe,  
 2003-06-17, yohe,  
 2006-03-09, lfrench, Lindsay updated project field to remove ARCSS. Send to GCMD.
 2011-09-02, Deann Miller, Fixed the data citation.
 2012-07-17, Deann Miller, corrected dist. format and size
 2014-03-04, Deann Miller, Removed the ARCSS logo from cat page. This is for Search cleanup for the sponsored program short names.
</DIF_Revision_History>
   <Extended_Metadata>
      <Metadata>
         <Group>NSIDC</Group>
         <Name>Version Summary</Name>
         <Value/>
      </Metadata>
      <Metadata>
         <Group>NSIDC</Group>
         <Name>Current Version</Name>
         <Value>1</Value>
      </Metadata>
   </Extended_Metadata>
</DIF>
