<?xml version="1.0" encoding="UTF-8"?>
<DIF xmlns:dif="http://gcmd.gsfc.nasa.gov/Aboutus/xml/dif/"
     xmlns:xsi="http://www.w3.org/2001/XMLSchema-instance"
     xsi:schemaLocation="http://gcmd.gsfc.nasa.gov/Aboutus/xml/dif/ http://gcmd.gsfc.nasa.gov/Aboutus/xml/dif/dif_v9.7.1.xsd">
   <Entry_ID>GGD901</Entry_ID>
   <Entry_Title>Meteorological, Radiation, Soil, and Snow Data from Alaska Sites, 1998-2002</Entry_Title>
   <Data_Set_Citation>
      <Dataset_Creator>Larry D. Hinzman, Douglas L. Kane, Douglas Goering</Dataset_Creator>
      <Dataset_Title>Meteorological, Radiation, Soil, and Snow Data from Alaska Sites, 1998-2002</Dataset_Title>
      <Dataset_Release_Date>2003-05-27</Dataset_Release_Date>
      <Dataset_Release_Place>Boulder, Colorado USA</Dataset_Release_Place>
      <Dataset_Publisher>NSIDC: National Snow and Ice Data Center</Dataset_Publisher>
      <Version>1</Version>
      <Online_Resource>http://nsidc.org/data/GGD901</Online_Resource>
      <Dataset_Series_Name>GGD901</Dataset_Series_Name>
   </Data_Set_Citation>
   <Personnel>
      <Role>Investigator</Role>
      <First_Name>Douglas</First_Name>
      <Last_Name>Goering</Last_Name>
      <Email>ffdjg@uaf.edu</Email>
      <Phone>1-907-474-5059</Phone>
      <Fax>1-907-474-7979</Fax>
      <Contact_Address>
         <City>Fairbanks</City>
         <Province_or_State>AK</Province_or_State>
         <Postal_Code>99775</Postal_Code>
         <Country/>
      </Contact_Address>
   </Personnel>
   <Personnel>
      <Role>Investigator</Role>
      <First_Name>Doug</First_Name>
      <Middle_Name>L.</Middle_Name>
      <Last_Name>Kane</Last_Name>
      <Email>dlkane@alaska.edu</Email>
      <Email>ffdlk@aurora.alaska.edu</Email>
      <Phone>1-907-474-7808</Phone>
      <Fax>1-907-474-6087</Fax>
      <Contact_Address>
         <Address>PO Box 755860</Address>
         <City>Fairbanks</City>
         <Province_or_State>AK</Province_or_State>
         <Postal_Code>99775</Postal_Code>
         <Country>USA</Country>
      </Contact_Address>
   </Personnel>
   <Personnel>
      <Role>Investigator</Role>
      <First_Name>Larry</First_Name>
      <Middle_Name>D.</Middle_Name>
      <Last_Name>Hinzman</Last_Name>
      <Email>ffldh@aurora.alaska.edu</Email>
      <Phone>1-907-474-7331</Phone>
      <Fax>1-907-474-6087</Fax>
      <Contact_Address>
         <Address>PO Box 755860</Address>
         <City>Fairbanks</City>
         <Province_or_State>AK</Province_or_State>
         <Postal_Code>99775</Postal_Code>
         <Country>USA</Country>
      </Contact_Address>
   </Personnel>
   <Parameters>
      <Category>EARTH SCIENCE</Category>
      <Topic>Atmosphere</Topic>
      <Term>Atmospheric Temperature</Term>
      <Variable_Level_1>Air Temperature</Variable_Level_1>
   </Parameters>
   <Parameters>
      <Category>EARTH SCIENCE</Category>
      <Topic>Atmosphere</Topic>
      <Term>Atmospheric Water Vapor</Term>
      <Variable_Level_1>Humidity</Variable_Level_1>
   </Parameters>
   <Parameters>
      <Category>EARTH SCIENCE</Category>
      <Topic>Atmosphere</Topic>
      <Term>Atmospheric Radiation</Term>
      <Variable_Level_1>Incoming Solar Radiation</Variable_Level_1>
   </Parameters>
   <Parameters>
      <Category>EARTH SCIENCE</Category>
      <Topic>Atmosphere</Topic>
      <Term>Atmospheric Radiation</Term>
      <Variable_Level_1>Longwave Radiation</Variable_Level_1>
   </Parameters>
   <Parameters>
      <Category>EARTH SCIENCE</Category>
      <Topic>Atmosphere</Topic>
      <Term>Atmospheric Radiation</Term>
      <Variable_Level_1>Net Radiation</Variable_Level_1>
   </Parameters>
   <Parameters>
      <Category>EARTH SCIENCE</Category>
      <Topic>Atmosphere</Topic>
      <Term>Atmospheric Radiation</Term>
      <Variable_Level_1>Outgoing Longwave Radiation</Variable_Level_1>
   </Parameters>
   <Parameters>
      <Category>EARTH SCIENCE</Category>
      <Topic>Atmosphere</Topic>
      <Term>Precipitation</Term>
      <Variable_Level_1>Rain</Variable_Level_1>
   </Parameters>
   <Parameters>
      <Category>EARTH SCIENCE</Category>
      <Topic>Atmosphere</Topic>
      <Term>Atmospheric Radiation</Term>
      <Variable_Level_1>Shortwave Radiation</Variable_Level_1>
   </Parameters>
   <Parameters>
      <Category>EARTH SCIENCE</Category>
      <Topic>Cryosphere</Topic>
      <Term>Snow/Ice</Term>
      <Variable_Level_1>Snow Depth</Variable_Level_1>
   </Parameters>
   <Parameters>
      <Category>EARTH SCIENCE</Category>
      <Topic>Terrestrial Hydrosphere</Topic>
      <Term>Snow/Ice</Term>
      <Variable_Level_1>Snow Depth</Variable_Level_1>
   </Parameters>
   <Parameters>
      <Category>EARTH SCIENCE</Category>
      <Topic>Land Surface</Topic>
      <Term>Soils</Term>
      <Variable_Level_1>Soil Moisture/Water Content</Variable_Level_1>
   </Parameters>
   <Parameters>
      <Category>EARTH SCIENCE</Category>
      <Topic>Cryosphere</Topic>
      <Term>Frozen Ground</Term>
      <Variable_Level_1>Soil Temperature</Variable_Level_1>
   </Parameters>
   <Parameters>
      <Category>EARTH SCIENCE</Category>
      <Topic>Land Surface</Topic>
      <Term>Frozen Ground</Term>
      <Variable_Level_1>Soil Temperature</Variable_Level_1>
   </Parameters>
   <Parameters>
      <Category>EARTH SCIENCE</Category>
      <Topic>Land Surface</Topic>
      <Term>Soils</Term>
      <Variable_Level_1>Soil Temperature</Variable_Level_1>
   </Parameters>
   <Parameters>
      <Category>EARTH SCIENCE</Category>
      <Topic>Atmosphere</Topic>
      <Term>Atmospheric Winds</Term>
      <Variable_Level_1>Surface Winds</Variable_Level_1>
      <Detailed_Variable>Wind Direction</Detailed_Variable>
   </Parameters>
   <Parameters>
      <Category>EARTH SCIENCE</Category>
      <Topic>Atmosphere</Topic>
      <Term>Atmospheric Winds</Term>
      <Variable_Level_1>Surface Winds</Variable_Level_1>
      <Detailed_Variable>Wind Speed</Detailed_Variable>
   </Parameters>
   <Keyword>ADCC</Keyword>
   <Keyword>ARCSS</Keyword>
   <Keyword>ARCSS901</Keyword>
   <Keyword>ARCSS Data Coordination Center</Keyword>
   <Keyword>Arctic System Science Data Coordination Center</Keyword>
   <Keyword>council</Keyword>
   <Keyword>Frozen Ground</Keyword>
   <Keyword>GGD901</Keyword>
   <Keyword>Ivotuk</Keyword>
   <Keyword>kougarok</Keyword>
   <Keyword>NSF</Keyword>
   <Keyword>NSIDC</Keyword>
   <Keyword>NSIDC &gt; National Snow and Ice Data Center</Keyword>
   <Keyword>OPP9818066</Keyword>
   <Keyword>surface energy balance</Keyword>
   <Keyword>thermal dynamics</Keyword>
   <Keyword>vegetation distribution</Keyword>
   <Sensor_Name>
      <Short_Name>NET RADIOMETERS</Short_Name>
   </Sensor_Name>
   <Sensor_Name>
      <Short_Name>PROBES</Short_Name>
   </Sensor_Name>
   <Sensor_Name>
      <Short_Name>TEMPERATURE LOGGERS</Short_Name>
   </Sensor_Name>
   <Sensor_Name>
      <Short_Name>THERMISTORS</Short_Name>
   </Sensor_Name>
   <Source_Name>
      <Short_Name>GROUND-BASED OBSERVATIONS</Short_Name>
   </Source_Name>
   <Temporal_Coverage>
      <Start_Date>1998-07-13</Start_Date>
      <Stop_Date>2002-12-31</Stop_Date>
   </Temporal_Coverage>
   <Spatial_Coverage>
      <Southernmost_Latitude>65.0611</Southernmost_Latitude>
      <Northernmost_Latitude>68.6444</Northernmost_Latitude>
      <Westernmost_Longitude>-163.1611</Westernmost_Longitude>
      <Easternmost_Longitude>-153.9944</Easternmost_Longitude>
   </Spatial_Coverage>
   <Location>
      <Location_Category>Continent</Location_Category>
      <Location_Type>North America</Location_Type>
      <Location_Subregion1>United States Of America</Location_Subregion1>
      <Location_Subregion2/>
      <Location_Subregion3/>
      <Detailed_Location/>
   </Location>
   <Location>
      <Location_Category>Continent</Location_Category>
      <Location_Type>North America</Location_Type>
      <Location_Subregion1>United States Of America</Location_Subregion1>
      <Location_Subregion2>Alaska</Location_Subregion2>
      <Location_Subregion3/>
      <Detailed_Location/>
   </Location>
   <Project>
      <Short_Name>ARCSS/LAII/ATLAS</Short_Name>
      <Long_Name>Arctic System Science/LAII/Arctic Transitions in the Land-Atmosphere System</Long_Name>
   </Project>
   <Data_Set_Language>English</Data_Set_Language>
   <Data_Center>
      <Data_Center_Name>
         <Short_Name>FGDC</Short_Name>
         <Long_Name>Frozen Ground Data Center</Long_Name>
      </Data_Center_Name>
      <Data_Center_URL>http://nsidc.org/fgdc/</Data_Center_URL>
      <Personnel>
         <Role>Data Center Contact</Role>
         <First_Name>FGDC</First_Name>
         <Last_Name>User Services</Last_Name>
         <Email>nsidc@nsidc.org</Email>
         <Phone>1-303-492-6199</Phone>
         <Fax>1-303-492-2468</Fax>
         <Contact_Address>
            <Address>National Snow and Ice Data Center</Address>
            <Address>CIRES, 449 UCB</Address>
            <Address>University of Colorado</Address>
            <City>Boulder</City>
            <Province_or_State>CO</Province_or_State>
            <Postal_Code>80309-0449</Postal_Code>
            <Country>USA</Country>
         </Contact_Address>
      </Personnel>
   </Data_Center>
   <Distribution>
      <Distribution_Media>FTP</Distribution_Media>
      <Distribution_Size>182 KB</Distribution_Size>
      <Distribution_Format>ASCII Text (.txt)</Distribution_Format>
   </Distribution>
   <Distribution>
      <Distribution_Media>FTP</Distribution_Media>
      <Distribution_Size>42 KB</Distribution_Size>
      <Distribution_Format>ASCII Text (.txt)</Distribution_Format>
   </Distribution>
   <Summary>
      <Abstract>This data set contains meteorological, radiation, soil, and snow data from several sites in three regions in Alaska: Ivotuk, Kougarok and Council.

The goal of the project is to improve the understanding of the role that soil moisture and surface temperature play in affecting the surface energy balance, sub-surface thermal dynamics, and vegetation distribution.

Measurements were taken as part of the Land-Atmosphere-Ice Interactions Arctic Transitions in the Land-Atmosphere System (LAII-ATLAS) program. The research project was funded by the Arctic System Sciences (ARCSS) Program, grant number OPP-9818066.

Please refer to the ATLAS Ivotuk, Kougarok, and Council web site (http://www.uaf.edu/water/projects/atlas/ivotuk/ivotuk.html) for a complete description of this project and the resulting data.

Data are available by FTP.</Abstract>
   </Summary>
   <Related_URL>
      <URL_Content_Type>
         <Type>GET DATA</Type>
      </URL_Content_Type>
      <URL>http://data.eol.ucar.edu/codiac/dss/id=106.arcss901/</URL>
      <Description>Get External Data</Description>
   </Related_URL>
   <Related_URL>
      <URL_Content_Type>
         <Type>VIEW PROJECT HOME PAGE</Type>
      </URL_Content_Type>
      <URL>http://www.uaf.edu/water/projects/atlas/ivotuk/ivotuk.html</URL>
      <Description>Project web site</Description>
   </Related_URL>
   <Related_URL>
      <URL_Content_Type>
         <Type>VIEW PROJECT HOME PAGE</Type>
      </URL_Content_Type>
      <URL>http://www.uaf.edu/water/projects/atlas/ivotuk/ivotuk.html</URL>
      <Description>ATLAS Ivotuk, Kougarok and Council Web site</Description>
   </Related_URL>
   <Metadata_Name>CEOS IDN DIF</Metadata_Name>
   <Metadata_Version>VERSION 9.9</Metadata_Version>
   <DIF_Creation_Date>2003-05-27</DIF_Creation_Date>
   <Last_DIF_Revision_Date>2014-03-04</Last_DIF_Revision_Date>
   <DIF_Revision_History> 2003-05-30, Transferred from mddb dataset_citation.release_date
 2003-05-27, kwebster,  
 2003-05-27, yohe,  
 2003-06-05, yohe,  
 2003-06-09, yohe,  
 2003-06-17, yohe,  
 2003-10-02, yohe,  
 2007-08-20, John Maurer, Corrected spatial coverage: east and west longitudes were swapped. Send to GCMD. -maurerj
 2011-09-02, Deann Miller, Fixed the data citation.
 2012-07-09, Deann Miller, corrected dist. format and sizes
 2012-07-17, Deann Miller, changed presentation format to match data file format: ascii text
 2014-03-04, Deann Miller, Removed the ARCSS logo from cat page. This is for Search cleanup for the sponsored program short names.
</DIF_Revision_History>
   <Extended_Metadata>
      <Metadata>
         <Group>NSIDC</Group>
         <Name>Version Summary</Name>
         <Value/>
      </Metadata>
      <Metadata>
         <Group>NSIDC</Group>
         <Name>Current Version</Name>
         <Value>1</Value>
      </Metadata>
   </Extended_Metadata>
</DIF>
