<?xml version="1.0" encoding="UTF-8"?>
<DIF xmlns:dif="http://gcmd.gsfc.nasa.gov/Aboutus/xml/dif/"
     xmlns:xsi="http://www.w3.org/2001/XMLSchema-instance"
     xsi:schemaLocation="http://gcmd.gsfc.nasa.gov/Aboutus/xml/dif/ http://gcmd.gsfc.nasa.gov/Aboutus/xml/dif/dif_v9.7.1.xsd">
   <Entry_ID>NSIDC-0522</Entry_ID>
   <Entry_Title>Coastal and Terminus History of the Eastern Amundsen Sea Embayment, West Antarctica, 1972 - 2011</Entry_Title>
   <Data_Set_Citation>
      <Dataset_Creator>MacGregor, J. A., G. Catania, M. Markowski, and A. G. Andrews.</Dataset_Creator>
      <Dataset_Title>Coastal and Terminus History of the Eastern Amundsen Sea Embayment, West Antarctica, 1972 - 2011</Dataset_Title>
      <Dataset_Release_Date>2012-05-30</Dataset_Release_Date>
      <Dataset_Release_Place>Boulder, Colorado USA</Dataset_Release_Place>
      <Dataset_Publisher>NSIDC: National Snow and Ice Data Center</Dataset_Publisher>
      <Version>1</Version>
      <Dataset_DOI>doi:10.7265/N5CC0XNK</Dataset_DOI>
      <Online_Resource>http://nsidc.org/data/NSIDC-0522</Online_Resource>
      <Dataset_Series_Name>NSIDC-0522</Dataset_Series_Name>
   </Data_Set_Citation>
   <Personnel>
      <Role>Investigator</Role>
      <First_Name>Joseph</First_Name>
      <Middle_Name>A.</Middle_Name>
      <Last_Name>MacGregor</Last_Name>
      <Contact_Address>
         <Address>10100 Burnet Rod., Bldg. 196</Address>
         <City>Austin</City>
         <Province_or_State>TX</Province_or_State>
         <Postal_Code>78758</Postal_Code>
         <Country/>
      </Contact_Address>
   </Personnel>
   <Personnel>
      <Role>Investigator</Role>
      <First_Name>Ginny</First_Name>
      <Last_Name>Catania</Last_Name>
      <Contact_Address>
         <Address>J.J. Pickle Research Campus, Bldg. 196</Address>
         <Address>10100 Burnet Road (R2200)</Address>
         <City>Austin</City>
         <Province_or_State>TX</Province_or_State>
         <Postal_Code>78758</Postal_Code>
         <Country>USA</Country>
      </Contact_Address>
   </Personnel>
   <Personnel>
      <Role>Investigator</Role>
      <First_Name>Michael</First_Name>
      <Last_Name>Markowski</Last_Name>
      <Contact_Address>
         <Address>J.J. Pickle Research Campus, Bldg. 196
</Address>
         <Address>10100 Burnet Rd. (R2200)
</Address>
         <City>Austin</City>
         <Province_or_State>TX</Province_or_State>
         <Postal_Code>78758-4445</Postal_Code>
         <Country>USA</Country>
      </Contact_Address>
   </Personnel>
   <Personnel>
      <Role>Investigator</Role>
      <First_Name>Alan</First_Name>
      <Middle_Name>G.</Middle_Name>
      <Last_Name>Andrews</Last_Name>
      <Contact_Address>
         <Address>J.J. Pickle Research Campus, Bldg. 196
</Address>
         <Address>10100 Burnet Rd. (R2200)
</Address>
         <City>Austin</City>
         <Province_or_State>TX</Province_or_State>
         <Postal_Code>78758-4445</Postal_Code>
         <Country>USA</Country>
      </Contact_Address>
   </Personnel>
   <Personnel>
      <Role>Technical Contact</Role>
      <First_Name>NSIDC</First_Name>
      <Last_Name>User Services</Last_Name>
      <Email>nsidc@nsidc.org</Email>
      <Phone>1-303-492-6199</Phone>
      <Fax>1-303-492-2468</Fax>
      <Contact_Address>
         <Address>CIRES, 449 UCB</Address>
         <Address>University of Colorado</Address>
         <City>Boulder</City>
         <Province_or_State>CO</Province_or_State>
         <Postal_Code>80309-0449</Postal_Code>
         <Country>USA</Country>
      </Contact_Address>
   </Personnel>
   <Parameters>
      <Category>EARTH SCIENCE</Category>
      <Topic>Solid Earth</Topic>
      <Term>Geomorphology</Term>
      <Variable_Level_1>Coastal Landforms/Processes</Variable_Level_1>
   </Parameters>
   <Parameters>
      <Category>EARTH SCIENCE</Category>
      <Topic>Land Surface</Topic>
      <Term>Geomorphology</Term>
      <Variable_Level_1>Coastal Landforms/Processes</Variable_Level_1>
   </Parameters>
   <Parameters>
      <Category>EARTH SCIENCE</Category>
      <Topic>Terrestrial Hydrosphere</Topic>
      <Term>Glaciers/Ice Sheets</Term>
      <Variable_Level_1>Glaciers</Variable_Level_1>
   </Parameters>
   <Parameters>
      <Category>EARTH SCIENCE</Category>
      <Topic>Cryosphere</Topic>
      <Term>Glaciers/Ice Sheets</Term>
      <Variable_Level_1>Glaciers</Variable_Level_1>
   </Parameters>
   <Parameters>
      <Category>EARTH SCIENCE</Category>
      <Topic>Cryosphere</Topic>
      <Term>Glaciers/Ice Sheets</Term>
      <Variable_Level_1>Glacier Topography/Ice Sheet Topography</Variable_Level_1>
   </Parameters>
   <ISO_Topic_Category>Climatology/Meteorology/Atmosphere</ISO_Topic_Category>
   <Keyword>Coastal</Keyword>
   <Keyword>LANDSAT</Keyword>
   <Keyword>Terminus</Keyword>
   <Sensor_Name>
      <Short_Name>CAMERAS</Short_Name>
   </Sensor_Name>
   <Sensor_Name>
      <Short_Name>SAR</Short_Name>
      <Long_Name>Synthetic Aperture Radar</Long_Name>
   </Sensor_Name>
   <Sensor_Name>
      <Short_Name>TM</Short_Name>
      <Long_Name>Thematic Mapper</Long_Name>
   </Sensor_Name>
   <Source_Name>
      <Short_Name>ERS-1</Short_Name>
      <Long_Name>European Remote Sensing Satellite-1</Long_Name>
   </Source_Name>
   <Source_Name>
      <Short_Name>LANDSAT</Short_Name>
   </Source_Name>
   <Source_Name>
      <Short_Name>LANDSAT-5</Short_Name>
   </Source_Name>
   <Temporal_Coverage>
      <Start_Date>1947-01-01</Start_Date>
      <Stop_Date>1966-12-31</Stop_Date>
   </Temporal_Coverage>
   <Temporal_Coverage>
      <Start_Date>1972-12-01</Start_Date>
      <Stop_Date>2011-11-30</Stop_Date>
   </Temporal_Coverage>
   <Temporal_Coverage>
      <Start_Date>1992-01-01</Start_Date>
      <Stop_Date>1998-12-31</Stop_Date>
   </Temporal_Coverage>
   <Data_Set_Progress>complete</Data_Set_Progress>
   <Spatial_Coverage>
      <Southernmost_Latitude>-76</Southernmost_Latitude>
      <Northernmost_Latitude>-74</Northernmost_Latitude>
      <Westernmost_Longitude>-110</Westernmost_Longitude>
      <Easternmost_Longitude>-100</Easternmost_Longitude>
   </Spatial_Coverage>
   <Location>
      <Location_Category>Continent</Location_Category>
      <Location_Type>Antarctica</Location_Type>
      <Location_Subregion1/>
      <Location_Subregion2/>
      <Location_Subregion3/>
      <Detailed_Location/>
   </Location>
   <Location>
      <Location_Category>Geographic Region</Location_Category>
      <Location_Type>Polar</Location_Type>
      <Location_Subregion1/>
      <Location_Subregion2/>
      <Location_Subregion3/>
      <Detailed_Location/>
   </Location>
   <Data_Set_Language>English</Data_Set_Language>
   <Originating_Center>UTX-AUSTIN/IG</Originating_Center>
   <Data_Center>
      <Data_Center_Name>
         <Short_Name>AGDC</Short_Name>
         <Long_Name>Antarctic Glaciological Data Center</Long_Name>
      </Data_Center_Name>
      <Data_Center_URL>http://nsidc.org/agdc/</Data_Center_URL>
      <Personnel>
         <Role>Data Center Contact</Role>
         <First_Name>AGDC</First_Name>
         <Last_Name>User Services</Last_Name>
         <Email>nsidc@nsidc.org</Email>
         <Phone>1-303-492-6199</Phone>
         <Fax>1-303-492-2468</Fax>
         <Contact_Address>
            <Address>National Snow and Ice Data Center</Address>
            <Address>CIRES, 449 UCB</Address>
            <Address>University of Colorado</Address>
            <City>Boulder</City>
            <Province_or_State>CO</Province_or_State>
            <Postal_Code>80309-0449</Postal_Code>
            <Country>USA</Country>
         </Contact_Address>
      </Personnel>
   </Data_Center>
   <Distribution>
      <Distribution_Media>FTP</Distribution_Media>
      <Distribution_Size>9 KB</Distribution_Size>
      <Distribution_Format>MATLAB</Distribution_Format>
   </Distribution>
   <Distribution>
      <Distribution_Media>FTP</Distribution_Media>
      <Distribution_Size>16 KB</Distribution_Size>
      <Distribution_Format>ASCII Text (.txt)</Distribution_Format>
   </Distribution>
   <Distribution>
      <Distribution_Media>FTP</Distribution_Media>
      <Distribution_Size>23 MB</Distribution_Size>
      <Distribution_Format>ESRI Shapefile</Distribution_Format>
   </Distribution>
   <Multimedia_Sample>
      <File>http://nsidc.org/data/docs/agdc/nsidc0522-macgregor/coastal_data_smaller.png</File>
      <URL/>
      <Caption>Data Image</Caption>
   </Multimedia_Sample>
   <Reference>MacGregor, J.A., G.A. Catania, M.S. Markowski and A.G. Andrews. 2012. Widespread Rifting and Retreat of Ice Shelf Margins in the Eastern Amundsen Sea Embayment Between 1972 and 2011, Journal of Glaciology, 58(209), 458-466, doi:10.3189/2012JoG11J262.</Reference>
   <Summary>
      <Abstract>This data set provides a coastline history of the eastern Amundsen Sea Embayment and terminus histories of its outlet glaciers derived from those coastlines. These outlet glaciers include Smith, Haynes, Thwaites, and Pine Island Glaciers. The coastlines were derived from detailed tracing  of Landsat imagery between late 1972 and late 2011 (at a scale of 1:50,000). The data set also uses some additional data from other sources. The terminus histories are calculated as the intersections between these coastlines and 1996 flowlines.

Data are available via FTP in ESRI shapefile and comma separated value (.csv) formats.</Abstract>
   </Summary>
   <Related_URL>
      <URL_Content_Type>
         <Type>VIEW RELATED INFORMATION</Type>
      </URL_Content_Type>
      <URL>http://nsidc.org/data/docs/agdc/nsidc0522-macgregor/index.html</URL>
      <Description>Documentation</Description>
   </Related_URL>
   <Related_URL>
      <URL_Content_Type>
         <Type>GET DATA</Type>
      </URL_Content_Type>
      <URL>ftp://sidads.colorado.edu/pub/DATASETS/AGDC/nsidc0522_macgregor_V01/</URL>
      <Description>FTP</Description>
   </Related_URL>
   <Metadata_Name>CEOS IDN DIF</Metadata_Name>
   <Metadata_Version>VERSION 9.9</Metadata_Version>
   <DIF_Creation_Date>2012-05-30</DIF_Creation_Date>
   <Last_DIF_Revision_Date>2013-07-01</Last_DIF_Revision_Date>
   <DIF_Revision_History> 2013-03-20, Brandon Pearce,  Added DOI
 2013-07-01, Deann Miller, Fixed weird character in summary and citation. 
 2012-05-31, Transferred from mddb dataset_citation.release_date
 2012-05-30, Deann Miller, New data set.
</DIF_Revision_History>
   <Extended_Metadata>
      <Metadata>
         <Group>NSIDC</Group>
         <Name>Version Summary</Name>
         <Value/>
      </Metadata>
      <Metadata>
         <Group>NSIDC</Group>
         <Name>Current Version</Name>
         <Value>1</Value>
      </Metadata>
   </Extended_Metadata>
</DIF>
