<?xml version="1.0" encoding="UTF-8"?>
<DIF xmlns:dif="http://gcmd.gsfc.nasa.gov/Aboutus/xml/dif/"
     xmlns:xsi="http://www.w3.org/2001/XMLSchema-instance"
     xsi:schemaLocation="http://gcmd.gsfc.nasa.gov/Aboutus/xml/dif/ http://gcmd.gsfc.nasa.gov/Aboutus/xml/dif/dif_v9.7.1.xsd">
   <Entry_ID>NSIDC-0252</Entry_ID>
   <Entry_Title>Talos Dome Ice Core Deuterium Isotope Data</Entry_Title>
   <Data_Set_Citation>
      <Dataset_Title>Talos Dome Ice Core Deuterium Isotope Data</Dataset_Title>
      <Dataset_Release_Date>2004-08-27</Dataset_Release_Date>
      <Version>1</Version>
      <Online_Resource>http://nsidc.org/data/NSIDC-0252</Online_Resource>
      <Dataset_Series_Name>NSIDC-0252</Dataset_Series_Name>
   </Data_Set_Citation>
   <Personnel>
      <Role>Investigator</Role>
      <First_Name>B</First_Name>
      <Last_Name>Stenni</Last_Name>
      <Contact_Address>
         <Country>Italy</Country>
      </Contact_Address>
   </Personnel>
   <Personnel>
      <Role>Investigator</Role>
      <First_Name>Jean</First_Name>
      <Last_Name>Jouzel</Last_Name>
      <Contact_Address>
         <Country>France</Country>
      </Contact_Address>
   </Personnel>
   <Parameters>
      <Category>EARTH SCIENCE</Category>
      <Topic>Paleoclimate</Topic>
      <Term>Ice Core Records</Term>
   </Parameters>
   <Parameters>
      <Category>EARTH SCIENCE</Category>
      <Topic>Paleoclimate</Topic>
      <Term>Ice Core Records</Term>
      <Variable_Level_1>Isotopes</Variable_Level_1>
   </Parameters>
   <Parameters>
      <Category>EARTH SCIENCE</Category>
      <Topic>Cryosphere</Topic>
      <Term>Snow/Ice</Term>
      <Variable_Level_1>Snow/Ice Chemistry</Variable_Level_1>
   </Parameters>
   <Parameters>
      <Category>EARTH SCIENCE</Category>
      <Topic>Terrestrial Hydrosphere</Topic>
      <Term>Snow/Ice</Term>
      <Variable_Level_1>Snow/Ice Chemistry</Variable_Level_1>
   </Parameters>
   <Parameters>
      <Category>EARTH SCIENCE</Category>
      <Topic>Paleoclimate</Topic>
      <Term>Ice Core Records</Term>
      <Variable_Level_1>Volcanic Deposits</Variable_Level_1>
   </Parameters>
   <Sensor_Name>
      <Short_Name>CORING DEVICES</Short_Name>
   </Sensor_Name>
   <Source_Name>
      <Short_Name>GROUND STATIONS</Short_Name>
   </Source_Name>
   <Location>
      <Location_Category>Continent</Location_Category>
      <Location_Type>Antarctica</Location_Type>
      <Location_Subregion1/>
      <Location_Subregion2/>
      <Location_Subregion3/>
      <Detailed_Location/>
   </Location>
   <Location>
      <Location_Category>Geographic Region</Location_Category>
      <Location_Type>Polar</Location_Type>
      <Location_Subregion1/>
      <Location_Subregion2/>
      <Location_Subregion3/>
      <Detailed_Location/>
   </Location>
   <Data_Set_Language>English</Data_Set_Language>
   <Data_Center>
      <Data_Center_Name>
         <Short_Name>AGDC</Short_Name>
         <Long_Name>Antarctic Glaciological Data Center</Long_Name>
      </Data_Center_Name>
      <Data_Center_URL>http://nsidc.org/agdc/</Data_Center_URL>
      <Personnel>
         <Role>Data Center Contact</Role>
         <First_Name>AGDC</First_Name>
         <Last_Name>User Services</Last_Name>
         <Email>nsidc@nsidc.org</Email>
         <Phone>1-303-492-6199</Phone>
         <Fax>1-303-492-2468</Fax>
         <Contact_Address>
            <Address>National Snow and Ice Data Center</Address>
            <Address>CIRES, 449 UCB</Address>
            <Address>University of Colorado</Address>
            <City>Boulder</City>
            <Province_or_State>CO</Province_or_State>
            <Postal_Code>80309-0449</Postal_Code>
            <Country>USA</Country>
         </Contact_Address>
      </Personnel>
   </Data_Center>
   <Summary>
      <Abstract>This data set consists of deuterioum isotope data obtained from Talos Dome ice core. Talos Dome is located on the edge of the East Antarctic plateau 
adjacent to the Victoria Land mountain. The Talos Dome (TD) firn core is 89 m and was drilled during a traverse by an Italian team in 1996.</Abstract>
   </Summary>
   <Related_URL>
      <URL_Content_Type>
         <Type>GET DATA</Type>
      </URL_Content_Type>
      <URL>http://www.ngdc.noaa.gov/paleo/icecore/antarctica/talos/</URL>
      <Description>Get External Data</Description>
   </Related_URL>
   <Metadata_Name>CEOS IDN DIF</Metadata_Name>
   <Metadata_Version>VERSION 9.9</Metadata_Version>
   <DIF_Creation_Date>2004-08-27</DIF_Creation_Date>
   <Last_DIF_Revision_Date>2013-10-10</Last_DIF_Revision_Date>
   <DIF_Revision_History> 2004-08-27, acasey,  
 2004-08-27, acasey,  
 2004-09-16, acasey,  
 2005-01-24, yohe,  
 2013-10-10, Deann Miller, Removed Get External Data and Documentation link and replaced it with Get External Data, cleanup for Search. 
</DIF_Revision_History>
   <Extended_Metadata>
      <Metadata>
         <Group>NSIDC</Group>
         <Name>Version Summary</Name>
         <Value/>
      </Metadata>
      <Metadata>
         <Group>NSIDC</Group>
         <Name>Current Version</Name>
         <Value>1</Value>
      </Metadata>
   </Extended_Metadata>
</DIF>
