<?xml version="1.0" encoding="UTF-8"?>
<DIF xmlns:dif="http://gcmd.gsfc.nasa.gov/Aboutus/xml/dif/"
     xmlns:xsi="http://www.w3.org/2001/XMLSchema-instance"
     xsi:schemaLocation="http://gcmd.gsfc.nasa.gov/Aboutus/xml/dif/ http://gcmd.gsfc.nasa.gov/Aboutus/xml/dif/dif_v9.7.1.xsd">
   <Entry_ID>NSIDC-0538</Entry_ID>
   <Entry_Title>Bubble Number-density Data and Modeled Paleoclimates</Entry_Title>
   <Data_Set_Citation>
      <Dataset_Creator>Alley, R. and J. Fegyveresi.</Dataset_Creator>
      <Dataset_Title>Bubble Number-density Data and Modeled Paleoclimates</Dataset_Title>
      <Dataset_Release_Date>2014-08-14</Dataset_Release_Date>
      <Dataset_Release_Place>Boulder, Colorado USA</Dataset_Release_Place>
      <Dataset_Publisher>NSIDC: National Snow and Ice Data Center</Dataset_Publisher>
      <Version>1</Version>
      <Dataset_DOI>doi:10.7265/N5JW8BTJ</Dataset_DOI>
      <Online_Resource>http://nsidc.org/data/NSIDC-0538</Online_Resource>
      <Dataset_Series_Name>NSIDC-0538</Dataset_Series_Name>
   </Data_Set_Citation>
   <Personnel>
      <Role>Technical Contact</Role>
      <First_Name>NSIDC</First_Name>
      <Last_Name>User Services</Last_Name>
      <Email>nsidc@nsidc.org</Email>
      <Phone>1-303-492-6199</Phone>
      <Fax>1-303-492-2468</Fax>
      <Contact_Address>
         <Address>CIRES, 449 UCB</Address>
         <Address>University of Colorado</Address>
         <City>Boulder</City>
         <Province_or_State>CO</Province_or_State>
         <Postal_Code>80309-0449</Postal_Code>
         <Country>USA</Country>
      </Contact_Address>
   </Personnel>
   <Personnel>
      <Role>Investigator</Role>
      <First_Name>Richard</First_Name>
      <Last_Name>Alley</Last_Name>
      <Email>rba6@psu.edu</Email>
      <Phone>1-814-863-1700</Phone>
      <Contact_Address>
         <Address>306 Deike Building</Address>
         <City>University Park</City>
         <Province_or_State>PA</Province_or_State>
         <Postal_Code>16802</Postal_Code>
         <Country/>
      </Contact_Address>
   </Personnel>
   <Personnel>
      <Role>Investigator</Role>
      <First_Name>John</First_Name>
      <Last_Name>Fegyveresi</Last_Name>
      <Email>jmf439@psu.edu</Email>
      <Phone>216-496-2270</Phone>
      <Contact_Address>
         <Address>Pennsylvania State University</Address>
         <Address>Department of Geosciences</Address>
         <Address>426 Deike Building</Address>
         <City>University Park</City>
         <Province_or_State>PA</Province_or_State>
         <Postal_Code>16802</Postal_Code>
         <Country>USA</Country>
      </Contact_Address>
   </Personnel>
   <Parameters>
      <Category>EARTH SCIENCE</Category>
      <Topic>Paleoclimate</Topic>
      <Term>Ice Core Records</Term>
      <Variable_Level_1>Ice Core Air Bubbles</Variable_Level_1>
   </Parameters>
   <Parameters>
      <Category>EARTH SCIENCE</Category>
      <Topic>Cryosphere</Topic>
      <Term>Snow/Ice</Term>
      <Variable_Level_1>Snow/Ice Temperature</Variable_Level_1>
      <Detailed_Variable>Ice Temperature</Detailed_Variable>
   </Parameters>
   <ISO_Topic_Category>Climatology/Meteorology/Atmosphere</ISO_Topic_Category>
   <Keyword>Bubble Number-Density</Keyword>
   <Sensor_Name>
      <Short_Name>DSLR</Short_Name>
      <Long_Name>Digital Single Lens Reflex Camera </Long_Name>
   </Sensor_Name>
   <Source_Name>
      <Short_Name>Laboratory</Short_Name>
      <Long_Name>Laboratory</Long_Name>
   </Source_Name>
   <Temporal_Coverage>
      <Start_Date>2008-01-10</Start_Date>
      <Stop_Date>2008-06-18</Stop_Date>
   </Temporal_Coverage>
   <Paleo_Temporal_Coverage>
      <Paleo_Start_Date>300 BCE</Paleo_Start_Date>
      <Paleo_Stop_Date>1700 CE</Paleo_Stop_Date>
   </Paleo_Temporal_Coverage>
   <Data_Set_Progress>complete</Data_Set_Progress>
   <Spatial_Coverage>
      <Southernmost_Latitude>-79.433333</Southernmost_Latitude>
      <Northernmost_Latitude>-79.433333</Northernmost_Latitude>
      <Westernmost_Longitude>-112.3</Westernmost_Longitude>
      <Easternmost_Longitude>-112.3</Easternmost_Longitude>
      <Minimum_Depth>120 meters</Minimum_Depth>
      <Maximum_Depth>560 meters</Maximum_Depth>
   </Spatial_Coverage>
   <Location>
      <Location_Category>Continent</Location_Category>
      <Location_Type>Antarctica</Location_Type>
      <Location_Subregion1/>
      <Location_Subregion2/>
      <Location_Subregion3/>
   </Location>
   <Project>
      <Short_Name>NSF/OPP</Short_Name>
      <Long_Name>Division of Polar Programs, Antarctic Research, Glaciology</Long_Name>
   </Project>
   <Data_Set_Language>English</Data_Set_Language>
   <Data_Center>
      <Data_Center_Name>
         <Short_Name>AGDC</Short_Name>
         <Long_Name>Antarctic Glaciological Data Center</Long_Name>
      </Data_Center_Name>
      <Data_Center_URL>http://nsidc.org/agdc/</Data_Center_URL>
      <Personnel>
         <Role>Data Center Contact</Role>
         <First_Name>AGDC</First_Name>
         <Last_Name>User Services</Last_Name>
         <Email>nsidc@nsidc.org</Email>
         <Phone>1-303-492-6199</Phone>
         <Fax>1-303-492-2468</Fax>
         <Contact_Address>
            <Address>National Snow and Ice Data Center</Address>
            <Address>CIRES, 449 UCB</Address>
            <Address>University of Colorado</Address>
            <City>Boulder</City>
            <Province_or_State>CO</Province_or_State>
            <Postal_Code>80309-0449</Postal_Code>
            <Country>USA</Country>
         </Contact_Address>
      </Personnel>
   </Data_Center>
   <Distribution>
      <Distribution_Media>FTP</Distribution_Media>
      <Distribution_Size>30 KB</Distribution_Size>
      <Distribution_Format>Microsoft Excel</Distribution_Format>
   </Distribution>
   <Reference/>
   <Summary>
      <Abstract>This data set includes bubble number-density measured at depths from 120 meters to 560 meters at 20-meter intervals in both horizontal and vertical samples. The data set also includes modeled temperature reconstructions based on the model developed by Spencer and others (2006).</Abstract>
   </Summary>
   <Related_URL>
      <URL_Content_Type>
         <Type>VIEW RELATED INFORMATION</Type>
      </URL_Content_Type>
      <URL>http://nsidc.org/data/docs/agdc/nsidc0538/index.html</URL>
      <Description>Documentation</Description>
   </Related_URL>
   <Related_URL>
      <URL_Content_Type>
         <Type>GET DATA</Type>
      </URL_Content_Type>
      <URL>ftp://sidads.colorado.edu/pub/DATASETS/AGDC/nsidc0538_alley/</URL>
      <Description>FTP</Description>
   </Related_URL>
   <Metadata_Name>CEOS IDN DIF</Metadata_Name>
   <Metadata_Version>VERSION 9.9</Metadata_Version>
   <DIF_Creation_Date>2014-08-14</DIF_Creation_Date>
   <Last_DIF_Revision_Date>2014-08-19</Last_DIF_Revision_Date>
   <DIF_Revision_History> 2014-08-14, Deann Miller, New data set.
 2014-08-14, Deann Miller, New data set.
 2014-08-19, Deann Miller, Added platform/sensor pair.
</DIF_Revision_History>
   <Extended_Metadata>
      <Metadata>
         <Group>NSIDC</Group>
         <Name>Version Summary</Name>
         <Value/>
      </Metadata>
      <Metadata>
         <Group>NSIDC</Group>
         <Name>Current Version</Name>
         <Value>1</Value>
      </Metadata>
   </Extended_Metadata>
</DIF>
