<?xml version="1.0" encoding="UTF-8"?>
<DIF xmlns:dif="http://gcmd.gsfc.nasa.gov/Aboutus/xml/dif/"
     xmlns:xsi="http://www.w3.org/2001/XMLSchema-instance"
     xsi:schemaLocation="http://gcmd.gsfc.nasa.gov/Aboutus/xml/dif/ http://gcmd.gsfc.nasa.gov/Aboutus/xml/dif/dif_v9.7.1.xsd">
   <Entry_ID>NSIDC-0089</Entry_ID>
   <Entry_Title>Dronning Maud Land, Antarctica, Ice Core, 1991 and 1992</Entry_Title>
   <Data_Set_Citation>
      <Dataset_Creator>Sallie Whitlow and Paul Mayewski</Dataset_Creator>
      <Dataset_Title>Dronning Maud Land, Antarctica, Ice Core, 1991 and 1992</Dataset_Title>
      <Dataset_Release_Date>1999-01-01</Dataset_Release_Date>
      <Dataset_Release_Place>Boulder, Colorado USA</Dataset_Release_Place>
      <Dataset_Publisher>NSIDC: National Snow and Ice Data Center</Dataset_Publisher>
      <Version>1</Version>
      <Dataset_DOI>doi:10.7265/N5DZ067P</Dataset_DOI>
      <Online_Resource>http://nsidc.org/data/NSIDC-0089</Online_Resource>
      <Dataset_Series_Name>NSIDC-0089</Dataset_Series_Name>
   </Data_Set_Citation>
   <Personnel>
      <Role>Investigator</Role>
      <First_Name>Sallie</First_Name>
      <Last_Name>Whitlow</Last_Name>
      <Email>siw@unh.edu</Email>
      <Phone>1-603-862-4129</Phone>
      <Contact_Address>
         <Address>Morse Hall, Room 356</Address>
         <Address>EOS - UNH</Address>
         <Address>39 College Road</Address>
         <City>Durham</City>
         <Province_or_State>NH</Province_or_State>
         <Postal_Code>03824</Postal_Code>
         <Country>USA</Country>
      </Contact_Address>
   </Personnel>
   <Personnel>
      <Role>Investigator</Role>
      <First_Name>Paul</First_Name>
      <Middle_Name>A.</Middle_Name>
      <Last_Name>Mayewski</Last_Name>
      <Email>paul.mayewski@maine.edu</Email>
      <Email>climatechange@maine.edu</Email>
      <Phone>1-207-581-3019</Phone>
      <Contact_Address>
         <Address>University of Maine</Address>
         <City>Orono</City>
         <Province_or_State>ME</Province_or_State>
         <Postal_Code>04469</Postal_Code>
         <Country>USA</Country>
      </Contact_Address>
   </Personnel>
   <Personnel>
      <Role>Technical Contact</Role>
      <First_Name>NSIDC</First_Name>
      <Last_Name>User Services</Last_Name>
      <Email>nsidc@nsidc.org</Email>
      <Phone>1-303-492-6199</Phone>
      <Fax>1-303-492-2468</Fax>
      <Contact_Address>
         <Address>CIRES, 449 UCB</Address>
         <Address>University of Colorado</Address>
         <City>Boulder</City>
         <Province_or_State>CO</Province_or_State>
         <Postal_Code>80309-0449</Postal_Code>
         <Country>USA</Country>
      </Contact_Address>
   </Personnel>
   <Parameters>
      <Category>EARTH SCIENCE</Category>
      <Topic>Paleoclimate</Topic>
      <Term>Ice Core Records</Term>
      <Variable_Level_1>Ions</Variable_Level_1>
      <Detailed_Variable>Major Ion Chemistry</Detailed_Variable>
   </Parameters>
   <ISO_Topic_Category>Climatology/Meteorology/Atmosphere</ISO_Topic_Category>
   <ISO_Topic_Category>Geoscientific Information</ISO_Topic_Category>
   <Keyword>AGDC</Keyword>
   <Keyword>Antarctic</Keyword>
   <Keyword>Glaciology</Keyword>
   <Keyword>Ice Core</Keyword>
   <Keyword>NSIDC</Keyword>
   <Keyword>Paleoclimate</Keyword>
   <Sensor_Name>
      <Short_Name>CORING DEVICES</Short_Name>
   </Sensor_Name>
   <Source_Name>
      <Short_Name>GROUND-BASED OBSERVATIONS</Short_Name>
   </Source_Name>
   <Temporal_Coverage>
      <Start_Date>1991-11-01</Start_Date>
      <Stop_Date>1992-01-31</Stop_Date>
   </Temporal_Coverage>
   <Data_Set_Progress>complete</Data_Set_Progress>
   <Spatial_Coverage>
      <Southernmost_Latitude>-75</Southernmost_Latitude>
      <Northernmost_Latitude>-75</Northernmost_Latitude>
      <Westernmost_Longitude>65</Westernmost_Longitude>
      <Easternmost_Longitude>65</Easternmost_Longitude>
   </Spatial_Coverage>
   <Location>
      <Location_Category>Continent</Location_Category>
      <Location_Type>Antarctica</Location_Type>
      <Location_Subregion1/>
      <Location_Subregion2/>
      <Location_Subregion3/>
      <Detailed_Location/>
   </Location>
   <Location>
      <Location_Category>Geographic Region</Location_Category>
      <Location_Type>Polar</Location_Type>
      <Location_Subregion1/>
      <Location_Subregion2/>
      <Location_Subregion3/>
      <Detailed_Location/>
   </Location>
   <Data_Set_Language>English</Data_Set_Language>
   <Data_Center>
      <Data_Center_Name>
         <Short_Name>AGDC</Short_Name>
         <Long_Name>Antarctic Glaciological Data Center</Long_Name>
      </Data_Center_Name>
      <Data_Center_URL>http://nsidc.org/agdc/</Data_Center_URL>
      <Personnel>
         <Role>Data Center Contact</Role>
         <First_Name>AGDC</First_Name>
         <Last_Name>User Services</Last_Name>
         <Email>nsidc@nsidc.org</Email>
         <Phone>1-303-492-6199</Phone>
         <Fax>1-303-492-2468</Fax>
         <Contact_Address>
            <Address>National Snow and Ice Data Center</Address>
            <Address>CIRES, 449 UCB</Address>
            <Address>University of Colorado</Address>
            <City>Boulder</City>
            <Province_or_State>CO</Province_or_State>
            <Postal_Code>80309-0449</Postal_Code>
            <Country>USA</Country>
         </Contact_Address>
      </Personnel>
   </Data_Center>
   <Data_Center>
      <Data_Center_Name>
         <Short_Name>NOAA</Short_Name>
         <Long_Name>National Oceanic and Atmospheric Administration</Long_Name>
      </Data_Center_Name>
      <Data_Center_URL>http://nsidc.org/noaa/</Data_Center_URL>
      <Personnel>
         <Role>Data Center Contact</Role>
         <First_Name>NOAA</First_Name>
         <Last_Name>User Services</Last_Name>
         <Email>nsidc@nsidc.org</Email>
         <Phone>1-303-492-6199</Phone>
         <Fax>1-303-492-2468</Fax>
         <Contact_Address>
            <Address>National Snow and Ice Data Center</Address>
            <Address>CIRES, 449 UCB</Address>
            <Address>University of Colorado</Address>
            <City>Boulder</City>
            <Province_or_State>CO</Province_or_State>
            <Postal_Code>80309-0449</Postal_Code>
            <Country>USA</Country>
         </Contact_Address>
      </Personnel>
   </Data_Center>
   <Distribution>
      <Distribution_Media>FTP</Distribution_Media>
      <Distribution_Size>31 KB</Distribution_Size>
      <Distribution_Format>ASCII Text (.txt)</Distribution_Format>
   </Distribution>
   <Reference>
Isaksson, E. 1994. Climate records from shallow firn cores, Dronning
Maud Land, Antarctica. Department of Physical Geography, Doctoral
Dissertation, Stockholm University.

Isaksson, E., W. Karlen, N. Gundestrup, P. Mayewski, S.  Whitlow and
M. Twickler. 1996. A century of accumulation and temperature changes
in Dronning Maud Land, Antarctica. J.  Geophys. Res. 101:7,085-7,094.
</Reference>
   <Summary>
      <Abstract>Major ion concentration values (Na, Mg, Ca, Cl, NO3, SO4, MSA) were
analyzed from a 20-meter ice core drilled in Dronning Maud Land,
Antarctica (location - 65 01' East, 75 00' South, elevation - 2,900 m
a.s.l.). The core was drilled during the austral summer
1991-1992. Major ion analysis was by ion chromatography. The anions
were analyzed on a Dionex AS4A column; the cations on a Dionex CS12
column and MSA on a Dionex AS4 column. All used suppressed chromatography. Using established protocols to prevent contamination,
the core was processed into 3-centimeter pieces by the Glacier
Research Group at the University of New Hampshire's Climate Change
Research Center. The 3-cm pieces were kept frozen until major ion
analysis.</Abstract>
   </Summary>
   <Related_URL>
      <URL_Content_Type>
         <Type>VIEW RELATED INFORMATION</Type>
      </URL_Content_Type>
      <URL>ftp://sidads.colorado.edu/pub/DATASETS/AGDC/ICECORES/DRONNING_MAUD_LAND/00README</URL>
      <Description>Documentation</Description>
   </Related_URL>
   <Related_URL>
      <URL_Content_Type>
         <Type>GET DATA</Type>
      </URL_Content_Type>
      <URL>ftp://sidads.colorado.edu/pub/DATASETS/AGDC/ICECORES/DRONNING_MAUD_LAND/</URL>
      <Description>FTP</Description>
   </Related_URL>
   <IDN_Node>
      <Short_Name>USA/NOAA</Short_Name>
   </IDN_Node>
   <Metadata_Name>CEOS IDN DIF</Metadata_Name>
   <Metadata_Version>VERSION 9.9</Metadata_Version>
   <DIF_Creation_Date>1999-01-01</DIF_Creation_Date>
   <Last_DIF_Revision_Date>2014-03-14</Last_DIF_Revision_Date>
   <DIF_Revision_History> 2014-03-14, Katherine Weeman, Removed USADCC logo for Search cleanup.  
 2013-03-13, Brandon Pearce, Added DOI
 1999-01-01, Transferred from mddb dataset_citation.release_date
 2004-06-24, yohe,  
 2005-07-01, wolfe, updated citation for correct style
 2006-01-20, lfrench, John made minor corrections. Send to GCMD.
 2006-03-14, lfrench, John added missing ISO topic to 57 NOAA data set records. Send to GCMD.
 2006-11-28, lfrench, These were updated by Ken to use the new dynamically generated forms. Betsy and Lindsay verified the work and that the metadata should now be published. 

Do NOT Send these to GCMD--DIFS Plus update o
</DIF_Revision_History>
   <Extended_Metadata>
      <Metadata>
         <Group>NSIDC</Group>
         <Name>Version Summary</Name>
         <Value/>
      </Metadata>
      <Metadata>
         <Group>NSIDC</Group>
         <Name>Current Version</Name>
         <Value>1</Value>
      </Metadata>
   </Extended_Metadata>
</DIF>
