<?xml version="1.0" encoding="UTF-8"?>
<DIF xmlns:dif="http://gcmd.gsfc.nasa.gov/Aboutus/xml/dif/"
     xmlns:xsi="http://www.w3.org/2001/XMLSchema-instance"
     xsi:schemaLocation="http://gcmd.gsfc.nasa.gov/Aboutus/xml/dif/ http://gcmd.gsfc.nasa.gov/Aboutus/xml/dif/dif_v9.7.1.xsd">
   <Entry_ID>NSIDC-0242</Entry_ID>
   <Entry_Title>Vostok Ice Core Chemistry, Timescale, Isotope, and Temperature Data</Entry_Title>
   <Data_Set_Citation>
      <Dataset_Title>Vostok Ice Core Chemistry, Timescale, Isotope, and Temperature Data</Dataset_Title>
      <Dataset_Release_Date>2004-08-26</Dataset_Release_Date>
      <Version>1</Version>
      <Online_Resource>http://nsidc.org/data/NSIDC-0242</Online_Resource>
      <Dataset_Series_Name>NSIDC-0242</Dataset_Series_Name>
   </Data_Set_Citation>
   <Personnel>
      <Role>Investigator</Role>
      <First_Name>Jean</First_Name>
      <Middle_Name>Robert</Middle_Name>
      <Last_Name>Petit</Last_Name>
   </Personnel>
   <Personnel>
      <Role>Investigator</Role>
      <First_Name>Jean</First_Name>
      <Last_Name>Jouzel</Last_Name>
      <Contact_Address>
         <Country>France</Country>
      </Contact_Address>
   </Personnel>
   <Personnel>
      <Role>Investigator</Role>
      <First_Name>Todd</First_Name>
      <Middle_Name>A.</Middle_Name>
      <Last_Name>Sowers</Last_Name>
      <Email>tas11@psu.edu</Email>
      <Phone>1-814-865-1921</Phone>
      <Contact_Address>
         <Address>317b Earth and Engineering Science Building</Address>
         <City>University Park</City>
         <Province_or_State>PA</Province_or_State>
         <Postal_Code>16802</Postal_Code>
         <Country>USA</Country>
      </Contact_Address>
   </Personnel>
   <Personnel>
      <Role>Investigator</Role>
      <First_Name>Michael</First_Name>
      <Last_Name>Bender</Last_Name>
      <Email>bender@princeton.edu</Email>
      <Phone>1-609-258-2936</Phone>
      <Contact_Address>
         <Address>M48 Guyot Hall</Address>
         <City>Princeton</City>
         <Province_or_State>NJ</Province_or_State>
         <Postal_Code>08544</Postal_Code>
         <Country>USA</Country>
      </Contact_Address>
   </Personnel>
   <Personnel>
      <Role>Investigator</Role>
      <First_Name>J</First_Name>
      <Middle_Name>M</Middle_Name>
      <Last_Name>Barnola</Last_Name>
      <Contact_Address>
         <City>Grenoble</City>
         <Country>France</Country>
      </Contact_Address>
   </Personnel>
   <Personnel>
      <Role>Investigator</Role>
      <First_Name>Hubertus</First_Name>
      <Last_Name>Fishcer</Last_Name>
      <Contact_Address>
         <City>Bremerhaven</City>
         <Country>Germany</Country>
      </Contact_Address>
   </Personnel>
   <Personnel>
      <Role>Investigator</Role>
      <First_Name>Jerome</First_Name>
      <Last_Name>Chappellaz</Last_Name>
      <Contact_Address>
         <City>Grenoble</City>
         <Country>France</Country>
      </Contact_Address>
   </Personnel>
   <Personnel>
      <Role>Investigator</Role>
      <First_Name>Thomas</First_Name>
      <Last_Name>Blunier</Last_Name>
   </Personnel>
   <Personnel>
      <Role>Investigator</Role>
      <First_Name>William</First_Name>
      <Last_Name>Ruddiman</Last_Name>
      <Contact_Address>
         <Country>USA</Country>
      </Contact_Address>
   </Personnel>
   <Personnel>
      <Role>Investigator</Role>
      <First_Name>Maureen</First_Name>
      <Last_Name>Raymo</Last_Name>
      <Contact_Address>
         <Country>USA</Country>
      </Contact_Address>
   </Personnel>
   <Personnel>
      <Role>Investigator</Role>
      <First_Name>Claude</First_Name>
      <Last_Name>Lorius</Last_Name>
      <Contact_Address>
         <Country>France</Country>
      </Contact_Address>
   </Personnel>
   <Personnel>
      <Role>Investigator</Role>
      <First_Name>Ed</First_Name>
      <Last_Name>Brook</Last_Name>
   </Personnel>
   <Personnel>
      <Role>Investigator</Role>
      <First_Name>D</First_Name>
      <Last_Name>Lal</Last_Name>
      <Contact_Address>
         <Country>USA</Country>
      </Contact_Address>
   </Personnel>
   <Parameters>
      <Category>EARTH SCIENCE</Category>
      <Topic>Paleoclimate</Topic>
      <Term>Ice Core Records</Term>
      <Variable_Level_1>Carbon Dioxide</Variable_Level_1>
   </Parameters>
   <Parameters>
      <Category>EARTH SCIENCE</Category>
      <Topic>Paleoclimate</Topic>
      <Term>Ice Core Records</Term>
      <Variable_Level_1>Isotopes</Variable_Level_1>
   </Parameters>
   <Parameters>
      <Category>EARTH SCIENCE</Category>
      <Topic>Paleoclimate</Topic>
      <Term>Ice Core Records</Term>
      <Variable_Level_1>Methane</Variable_Level_1>
   </Parameters>
   <Parameters>
      <Category>EARTH SCIENCE</Category>
      <Topic>Cryosphere</Topic>
      <Term>Snow/Ice</Term>
      <Variable_Level_1>Snow/Ice Chemistry</Variable_Level_1>
   </Parameters>
   <Parameters>
      <Category>EARTH SCIENCE</Category>
      <Topic>Terrestrial Hydrosphere</Topic>
      <Term>Snow/Ice</Term>
      <Variable_Level_1>Snow/Ice Chemistry</Variable_Level_1>
   </Parameters>
   <Parameters>
      <Category>EARTH SCIENCE</Category>
      <Topic>Cryosphere</Topic>
      <Term>Snow/Ice</Term>
      <Variable_Level_1>Snow/Ice Temperature</Variable_Level_1>
   </Parameters>
   <Parameters>
      <Category>EARTH SCIENCE</Category>
      <Topic>Terrestrial Hydrosphere</Topic>
      <Term>Snow/Ice</Term>
      <Variable_Level_1>Snow/Ice Temperature</Variable_Level_1>
   </Parameters>
   <ISO_Topic_Category>Climatology/Meteorology/Atmosphere</ISO_Topic_Category>
   <Sensor_Name>
      <Short_Name>CORING DEVICES</Short_Name>
   </Sensor_Name>
   <Source_Name>
      <Short_Name>GROUND STATIONS</Short_Name>
   </Source_Name>
   <Location>
      <Location_Category>Continent</Location_Category>
      <Location_Type>Antarctica</Location_Type>
      <Location_Subregion1/>
      <Location_Subregion2/>
      <Location_Subregion3/>
      <Detailed_Location/>
   </Location>
   <Location>
      <Location_Category>Geographic Region</Location_Category>
      <Location_Type>Polar</Location_Type>
      <Location_Subregion1/>
      <Location_Subregion2/>
      <Location_Subregion3/>
      <Detailed_Location/>
   </Location>
   <Data_Set_Language>English</Data_Set_Language>
   <Originating_Center>AGDC</Originating_Center>
   <Data_Center>
      <Data_Center_Name>
         <Short_Name>AGDC</Short_Name>
         <Long_Name>Antarctic Glaciological Data Center</Long_Name>
      </Data_Center_Name>
      <Data_Center_URL>http://nsidc.org/agdc/</Data_Center_URL>
      <Personnel>
         <Role>Data Center Contact</Role>
         <First_Name>AGDC</First_Name>
         <Last_Name>User Services</Last_Name>
         <Email>nsidc@nsidc.org</Email>
         <Phone>1-303-492-6199</Phone>
         <Fax>1-303-492-2468</Fax>
         <Contact_Address>
            <Address>National Snow and Ice Data Center</Address>
            <Address>CIRES, 449 UCB</Address>
            <Address>University of Colorado</Address>
            <City>Boulder</City>
            <Province_or_State>CO</Province_or_State>
            <Postal_Code>80309-0449</Postal_Code>
            <Country>USA</Country>
         </Contact_Address>
      </Personnel>
   </Data_Center>
   <Summary>
      <Abstract>This data set contains ice core chemistry, timescale, isotope, and temperature data analyzed by several investigators. In January 1998, the collaborative ice-drilling project between Russia, 
the United States, and France at the Russian Vostok station in East Antarctica 
yielded the deepest ice core ever recovered, reaching a depth of 3,623 m. Preliminary data indicate the Vostok ice-core record 
extends through four climate cycles, with ice slightly older than 400 kyr.</Abstract>
   </Summary>
   <Related_URL>
      <URL_Content_Type>
         <Type>GET DATA</Type>
      </URL_Content_Type>
      <URL>http://www.ngdc.noaa.gov/paleo/icecore/antarctica/vostok/vostok_data.html</URL>
      <Description>Get External Data</Description>
   </Related_URL>
   <Metadata_Name>CEOS IDN DIF</Metadata_Name>
   <Metadata_Version>VERSION 9.9</Metadata_Version>
   <DIF_Creation_Date>2004-08-26</DIF_Creation_Date>
   <Last_DIF_Revision_Date>2013-10-10</Last_DIF_Revision_Date>
   <DIF_Revision_History> 2004-08-26, acasey,  
 2004-08-26, acasey,  
 2004-08-26, acasey,  
 2004-09-16, acasey,  
 2005-01-24, yohe,  
 2013-10-10, Deann Miller, Removed Get External Data and Documentation link and replaced it with Get External Data, cleanup for Search. 
</DIF_Revision_History>
   <Extended_Metadata>
      <Metadata>
         <Group>NSIDC</Group>
         <Name>Version Summary</Name>
         <Value/>
      </Metadata>
      <Metadata>
         <Group>NSIDC</Group>
         <Name>Current Version</Name>
         <Value>1</Value>
      </Metadata>
   </Extended_Metadata>
</DIF>
