<?xml version="1.0" encoding="UTF-8"?>
<DIF xmlns:dif="http://gcmd.gsfc.nasa.gov/Aboutus/xml/dif/"
     xmlns:xsi="http://www.w3.org/2001/XMLSchema-instance"
     xsi:schemaLocation="http://gcmd.gsfc.nasa.gov/Aboutus/xml/dif/ http://gcmd.gsfc.nasa.gov/Aboutus/xml/dif/dif_v9.7.1.xsd">
   <Entry_ID>NSIDC-0250</Entry_ID>
   <Entry_Title>Dronning Maud Land Ice Core Chemistry Data</Entry_Title>
   <Data_Set_Citation>
      <Dataset_Title>Dronning Maud Land Ice Core Chemistry Data</Dataset_Title>
      <Dataset_Release_Date>2004-08-26</Dataset_Release_Date>
      <Version>1</Version>
      <Online_Resource>http://nsidc.org/data/NSIDC-0250</Online_Resource>
      <Dataset_Series_Name>NSIDC-0250</Dataset_Series_Name>
   </Data_Set_Citation>
   <Personnel>
      <Role>Investigator</Role>
      <First_Name>Paul</First_Name>
      <Middle_Name>A.</Middle_Name>
      <Last_Name>Mayewski</Last_Name>
      <Email>paul.mayewski@maine.edu</Email>
      <Email>climatechange@maine.edu</Email>
      <Phone>1-207-581-3019</Phone>
      <Contact_Address>
         <Address>University of Maine</Address>
         <City>Orono</City>
         <Province_or_State>ME</Province_or_State>
         <Postal_Code>04469</Postal_Code>
         <Country>USA</Country>
      </Contact_Address>
   </Personnel>
   <Personnel>
      <Role>Investigator</Role>
      <First_Name>Sallie</First_Name>
      <Last_Name>Whitlow</Last_Name>
      <Email>siw@unh.edu</Email>
      <Phone>1-603-862-4129</Phone>
      <Contact_Address>
         <Address>Morse Hall, Room 356</Address>
         <Address>EOS - UNH</Address>
         <Address>39 College Road</Address>
         <City>Durham</City>
         <Province_or_State>NH</Province_or_State>
         <Postal_Code>03824</Postal_Code>
         <Country>USA</Country>
      </Contact_Address>
   </Personnel>
   <Personnel>
      <Role>Investigator</Role>
      <First_Name>Elisabeth</First_Name>
      <Last_Name>Isaksson</Last_Name>
      <Contact_Address>
         <Country>Norway</Country>
      </Contact_Address>
   </Personnel>
   <Parameters>
      <Category>EARTH SCIENCE</Category>
      <Topic>Paleoclimate</Topic>
      <Term>Ice Core Records</Term>
      <Variable_Level_1>Carbon Dioxide</Variable_Level_1>
   </Parameters>
   <Parameters>
      <Category>EARTH SCIENCE</Category>
      <Topic>Paleoclimate</Topic>
      <Term>Ice Core Records</Term>
   </Parameters>
   <Parameters>
      <Category>EARTH SCIENCE</Category>
      <Topic>Paleoclimate</Topic>
      <Term>Ice Core Records</Term>
      <Variable_Level_1>Ions</Variable_Level_1>
   </Parameters>
   <Parameters>
      <Category>EARTH SCIENCE</Category>
      <Topic>Paleoclimate</Topic>
      <Term>Ice Core Records</Term>
      <Variable_Level_1>Methane</Variable_Level_1>
   </Parameters>
   <Parameters>
      <Category>EARTH SCIENCE</Category>
      <Topic>Paleoclimate</Topic>
      <Term>Ice Core Records</Term>
      <Variable_Level_1>Nitrous Oxide</Variable_Level_1>
   </Parameters>
   <Parameters>
      <Category>EARTH SCIENCE</Category>
      <Topic>Cryosphere</Topic>
      <Term>Snow/Ice</Term>
      <Variable_Level_1>Snow/Ice Chemistry</Variable_Level_1>
   </Parameters>
   <Parameters>
      <Category>EARTH SCIENCE</Category>
      <Topic>Terrestrial Hydrosphere</Topic>
      <Term>Snow/Ice</Term>
      <Variable_Level_1>Snow/Ice Chemistry</Variable_Level_1>
   </Parameters>
   <Sensor_Name>
      <Short_Name>CORING DEVICES</Short_Name>
   </Sensor_Name>
   <Source_Name>
      <Short_Name>GROUND STATIONS</Short_Name>
   </Source_Name>
   <Location>
      <Location_Category>Continent</Location_Category>
      <Location_Type>Antarctica</Location_Type>
      <Location_Subregion1/>
      <Location_Subregion2/>
      <Location_Subregion3/>
      <Detailed_Location/>
   </Location>
   <Location>
      <Location_Category>Geographic Region</Location_Category>
      <Location_Type>Polar</Location_Type>
      <Location_Subregion1/>
      <Location_Subregion2/>
      <Location_Subregion3/>
      <Detailed_Location/>
   </Location>
   <Data_Set_Language>English</Data_Set_Language>
   <Data_Center>
      <Data_Center_Name>
         <Short_Name>AGDC</Short_Name>
         <Long_Name>Antarctic Glaciological Data Center</Long_Name>
      </Data_Center_Name>
      <Data_Center_URL>http://nsidc.org/agdc/</Data_Center_URL>
      <Personnel>
         <Role>Data Center Contact</Role>
         <First_Name>AGDC</First_Name>
         <Last_Name>User Services</Last_Name>
         <Email>nsidc@nsidc.org</Email>
         <Phone>1-303-492-6199</Phone>
         <Fax>1-303-492-2468</Fax>
         <Contact_Address>
            <Address>National Snow and Ice Data Center</Address>
            <Address>CIRES, 449 UCB</Address>
            <Address>University of Colorado</Address>
            <City>Boulder</City>
            <Province_or_State>CO</Province_or_State>
            <Postal_Code>80309-0449</Postal_Code>
            <Country>USA</Country>
         </Contact_Address>
      </Personnel>
   </Data_Center>
   <Summary>
      <Abstract>This data set consists of chemistry data obtained from a shallow core in Dronning Maud Land, Antarctica. Major ion concentration values (Na, Mg, Ca, Cl, NO3, SO4, MSA) were analyzed from the 20 meter ice core, which was drilled during the austral summer 1991-1992.</Abstract>
   </Summary>
   <Related_URL>
      <URL_Content_Type>
         <Type>GET DATA</Type>
      </URL_Content_Type>
      <URL>http://www.ngdc.noaa.gov/paleo/icecore/antarctica/maud/dronning.html</URL>
      <Description>Get External Data</Description>
   </Related_URL>
   <Metadata_Name>CEOS IDN DIF</Metadata_Name>
   <Metadata_Version>VERSION 9.9</Metadata_Version>
   <DIF_Creation_Date>2004-08-26</DIF_Creation_Date>
   <Last_DIF_Revision_Date>2013-10-10</Last_DIF_Revision_Date>
   <DIF_Revision_History> 2004-08-26, acasey,  
 2004-08-27, acasey,  
 2004-08-27, acasey,  
 2004-09-16, acasey,  
 2005-01-24, yohe,  
 2013-10-10, Deann Miller, Removed Get External Data and Documentation link and replaced it with Get External Data, cleanup for Search. 
</DIF_Revision_History>
   <Extended_Metadata>
      <Metadata>
         <Group>NSIDC</Group>
         <Name>Version Summary</Name>
         <Value/>
      </Metadata>
      <Metadata>
         <Group>NSIDC</Group>
         <Name>Current Version</Name>
         <Value>1</Value>
      </Metadata>
   </Extended_Metadata>
</DIF>
