<?xml version="1.0" encoding="UTF-8"?>
<DIF xmlns:dif="http://gcmd.gsfc.nasa.gov/Aboutus/xml/dif/"
     xmlns:xsi="http://www.w3.org/2001/XMLSchema-instance"
     xsi:schemaLocation="http://gcmd.gsfc.nasa.gov/Aboutus/xml/dif/ http://gcmd.gsfc.nasa.gov/Aboutus/xml/dif/dif_v9.7.1.xsd">
   <Entry_ID>NSIDC-0600</Entry_ID>
   <Entry_Title>Methyl Chloride Measurements in the Taylor Dome M3C1 Ice Core</Entry_Title>
   <Data_Set_Citation>
      <Dataset_Creator>Saltzman, E. and M. Aydin.</Dataset_Creator>
      <Dataset_Title>Methyl Chloride Measurements in the Taylor Dome M3C1 Ice Core</Dataset_Title>
      <Dataset_Release_Date>2014-09-10</Dataset_Release_Date>
      <Dataset_Release_Place>Boulder, Colorado USA</Dataset_Release_Place>
      <Dataset_Publisher>NSIDC: National Snow and Ice Data Center</Dataset_Publisher>
      <Version>1</Version>
      <Dataset_DOI>doi:10.7265/N5PG1PPB</Dataset_DOI>
      <Online_Resource>http://nsidc.org/data/NSIDC-0600</Online_Resource>
      <Dataset_Series_Name>NSIDC-0600</Dataset_Series_Name>
   </Data_Set_Citation>
   <Reference>
      <Author>Verhulst, K. R., M. Aydin, and E. Saltzman</Author>
      <Publication_Date>2013</Publication_Date>
      <Title>Methyl chloride variability in the Taylor Dome ice core during the Holocene</Title>
      <Series>J. Geophys. Res. Atmos</Series>
      <Volume>118</Volume>
      <Pages>12,218-12,228</Pages>
      <DOI>&lt;a href="http://dx.doi.org/10.1002/2013JD020197"&gt;http://dx.doi.org/10.1002/2013JD020197&lt;/a&gt;</DOI>
      <Other_Reference_Details>
         <Type>Literature Citation</Type>
      </Other_Reference_Details>
   </Reference>
   <Personnel>
      <Role>Technical Contact</Role>
      <First_Name>NSIDC</First_Name>
      <Last_Name>User Services</Last_Name>
      <Email>nsidc@nsidc.org</Email>
      <Phone>1-303-492-6199</Phone>
      <Fax>1-303-492-2468</Fax>
      <Contact_Address>
         <Address>CIRES, 449 UCB</Address>
         <Address>University of Colorado</Address>
         <City>Boulder</City>
         <Province_or_State>CO</Province_or_State>
         <Postal_Code>80309-0449</Postal_Code>
         <Country>USA</Country>
      </Contact_Address>
   </Personnel>
   <Personnel>
      <Role>Investigator</Role>
      <First_Name>Eric</First_Name>
      <Last_Name>Saltzman</Last_Name>
      <Email>esaltzma@uci.edu</Email>
      <Phone>1-949-824-3936</Phone>
      <Fax>1-949-824-3874</Fax>
      <Contact_Address>
         <Address>Department of Earth System Science</Address>
         <Address>University of California, Irvine</Address>
         <City>Irvine</City>
         <Province_or_State>CA</Province_or_State>
         <Postal_Code>92697-3100</Postal_Code>
         <Country>USA</Country>
      </Contact_Address>
   </Personnel>
   <Personnel>
      <Role>Investigator</Role>
      <First_Name>Murat</First_Name>
      <Last_Name>Aydin</Last_Name>
      <Email>maydin@uci.edu</Email>
      <Phone>1-949-824-6174</Phone>
      <Contact_Address>
         <Address>University of California, Irvine</Address>
         <Address>Earth System Science</Address>
         <City>Irvine</City>
         <Province_or_State>C</Province_or_State>
         <Postal_Code>92697-3100</Postal_Code>
         <Country>USA</Country>
      </Contact_Address>
   </Personnel>
   <Parameters>
      <Category>EARTH SCIENCE</Category>
      <Topic>Atmosphere</Topic>
      <Term>Aerosols</Term>
      <Variable_Level_1>Aerosol Optical Depth/Thickness</Variable_Level_1>
      <Detailed_Variable>Depth</Detailed_Variable>
   </Parameters>
   <Parameters>
      <Category>EARTH SCIENCE</Category>
      <Topic>Atmosphere</Topic>
      <Term>Atmospheric Chemistry</Term>
      <Variable_Level_1>Halocarbons and Halogens</Variable_Level_1>
      <Variable_Level_2>Methyl Chloride</Variable_Level_2>
   </Parameters>
   <ISO_Topic_Category>Climatology/Meteorology/Atmosphere</ISO_Topic_Category>
   <Sensor_Name>
      <Short_Name>GAS CHROMATOGRAPHS</Short_Name>
   </Sensor_Name>
   <Sensor_Name>
      <Short_Name>MASS SPECTROMETERS</Short_Name>
   </Sensor_Name>
   <Source_Name>
      <Short_Name>LABORATORY</Short_Name>
   </Source_Name>
   <Temporal_Coverage>
      <Start_Date>2008-01-01</Start_Date>
      <Stop_Date>2012-12-31</Stop_Date>
   </Temporal_Coverage>
   <Paleo_Temporal_Coverage>
      <Paleo_Start_Date>11-0 kyr B.P.</Paleo_Start_Date>
      <Paleo_Stop_Date>50-30 kyr B.P</Paleo_Stop_Date>
      <Chronostratigraphic_Unit>
         <Eon>Phanerozoic</Eon>
         <Era>Cenozoic</Era>
         <Period>Quaternary</Period>
         <Epoch>Holocene</Epoch>
         <Stage>Holocene</Stage>
      </Chronostratigraphic_Unit>
   </Paleo_Temporal_Coverage>
   <Data_Set_Progress>complete</Data_Set_Progress>
   <Spatial_Coverage>
      <Southernmost_Latitude>-77.48</Southernmost_Latitude>
      <Northernmost_Latitude>-77.48</Northernmost_Latitude>
      <Westernmost_Longitude>158.43</Westernmost_Longitude>
      <Easternmost_Longitude>158.43</Easternmost_Longitude>
      <Minimum_Depth>113.1 meters</Minimum_Depth>
      <Maximum_Depth>446.2 meters</Maximum_Depth>
   </Spatial_Coverage>
   <Location>
      <Location_Category>Continent</Location_Category>
      <Location_Type>Antarctica</Location_Type>
      <Location_Subregion1/>
      <Location_Subregion2/>
      <Location_Subregion3/>
   </Location>
   <Project>
      <Short_Name>NSF/OPP</Short_Name>
      <Long_Name>Division of Polar Programs, Antarctic Research, Glaciology</Long_Name>
   </Project>
   <Data_Set_Language>English</Data_Set_Language>
   <Data_Center>
      <Data_Center_Name>
         <Short_Name>AGDC</Short_Name>
         <Long_Name>Antarctic Glaciological Data Center</Long_Name>
      </Data_Center_Name>
      <Data_Center_URL>http://nsidc.org/agdc/</Data_Center_URL>
      <Personnel>
         <Role>Data Center Contact</Role>
         <First_Name>AGDC</First_Name>
         <Last_Name>User Services</Last_Name>
         <Email>nsidc@nsidc.org</Email>
         <Phone>1-303-492-6199</Phone>
         <Fax>1-303-492-2468</Fax>
         <Contact_Address>
            <Address>National Snow and Ice Data Center</Address>
            <Address>CIRES, 449 UCB</Address>
            <Address>University of Colorado</Address>
            <City>Boulder</City>
            <Province_or_State>CO</Province_or_State>
            <Postal_Code>80309-0449</Postal_Code>
            <Country>USA</Country>
         </Contact_Address>
      </Personnel>
   </Data_Center>
   <Distribution>
      <Distribution_Media>FTP</Distribution_Media>
      <Distribution_Size>20 KB</Distribution_Size>
      <Distribution_Format>Microsoft Excel</Distribution_Format>
   </Distribution>
   <Reference>Ahn, J. and Brook, E. J. 2008. Atmospheric CO2 and climate on millennial time scales during the last glacial period. Science. doi: 10.1126/science.1160832.

Aydin, M., M. B. Williams, and E. S. Saltzman. 2007. Feasibility of reconstructing paleoatmospheric records of selected alkanes, methyl halides, and sulfur gases from Greenland ice cores, J. Geophys. Res., 112 (D7), 1-9. doi: 10.1029/2006JD008027.

Aydin, M., et al. 2010. Post-coring entrapment of modern air in some shallow ice cores collected near the firn-ice transition: Evidence from CFC-12 measurements in Antarctic firn air and ice cores, Atmos. Chem. Phys., 10(11), 5135-5144. doi: 10.5194/acp-10-5135-2010.

Brook, Edward J., Susan Harder, Jeff Severinghaus, Eric J. Steig, and Cara M. Sucher. 2000. On the origin and timing of rapid changes in atmospheric methane during the Last Glacial Period. Global Biogeochemical Cycles, 559-572. doi: 10.1029/1999GB001182.

Craig, H., Y . Horibe, and T. Sowers (1988), Gravitational separation of gases and isotopes in polar ice caps, Science, 242(4886), 1675-1678. doi: 10.1126/science.242.4886.1675.

Monnin, E., et al. (2004), Evidence for substantial accumulation rate variability in Antarctica during the Holocene, through synchronization of CO2 in the Taylor Dome, Dome C and DML ice cores, Earth and Plan. Sci. Lett., 224(1-2), 45-54. doi: 10.1016/j.epsl.2004.05.007.

Saltzman, E. S., M. Aydin, W. J. De Bruyn, D. B. King, and S. A. Yvon-Lewis. 2004. Methyl bromide in preindustrial air: Measurements from an Antarctic ice core, J. Geophys. Res.,109(D5), D05301. doi: 10.1029/2003JD004157.

Saltzman, E. S., M. Aydin, M. B. Williams, K. R. Verhulst, and B. Gun. 2009. Methyl chloride in a deep ice core from Siple Dome, Antarctica, Geophys. Res. Lett., 36(3), L03822. doi: 10.1029/2008GL036266.

Verhulst, K. R., M. Aydin, and E. S. Saltzman. 2013. Methyl chloride variability in the Taylor Dome ice core during the Holocene, J. Geophys. Res. Atmos., 118, 12,218-12,228. doi: 10.1002/2013JD020197.</Reference>
   <Summary>
      <Abstract>This data set includes methyl chloride (CH&lt;sub&gt;3&lt;/sub&gt;CI) measurements made on air extracted from 62 samples from the Taylor Dome M3C1 ice core in East Antarctica. CH&lt;sub&gt;3&lt;/sub&gt;CI was measured in air from the Taylor Dome ice core to reconstruct an atmospheric record for the Holocene (11-0 kyr B.P.) and part of the last glacial period (50-30 kyr B.P.).</Abstract>
   </Summary>
   <Related_URL>
      <URL_Content_Type>
         <Type>VIEW RELATED INFORMATION</Type>
      </URL_Content_Type>
      <URL>http://nsidc.org/data/docs/agdc/nsidc0600/index.html</URL>
      <Description>Documentation</Description>
   </Related_URL>
   <Related_URL>
      <URL_Content_Type>
         <Type>GET DATA</Type>
      </URL_Content_Type>
      <URL>ftp://sidads.colorado.edu/pub/DATASETS/AGDC/nsidc0600_saltzman/</URL>
      <Description>FTP</Description>
   </Related_URL>
   <Metadata_Name>CEOS IDN DIF</Metadata_Name>
   <Metadata_Version>VERSION 9.9</Metadata_Version>
   <DIF_Creation_Date>2014-09-10</DIF_Creation_Date>
   <Last_DIF_Revision_Date>2014-09-11</Last_DIF_Revision_Date>
   <DIF_Revision_History> 2014-09-10, Deann Miller, New data set. 
 2014-09-10, Deann Miller, New data set. 
 2014-09-10, Deann Miller, Fixed parameter. 
 2014-09-10, Deann Miller, Fixed authors for literature citation. 
 2014-09-11, Deann Miller, Added max and min depth.
</DIF_Revision_History>
   <Extended_Metadata>
      <Metadata>
         <Group>NSIDC</Group>
         <Name>Version Summary</Name>
         <Value/>
      </Metadata>
      <Metadata>
         <Group>NSIDC</Group>
         <Name>Current Version</Name>
         <Value>1</Value>
      </Metadata>
   </Extended_Metadata>
</DIF>
