<?xml version="1.0" encoding="UTF-8"?>
<DIF xmlns:dif="http://gcmd.gsfc.nasa.gov/Aboutus/xml/dif/"
     xmlns:xsi="http://www.w3.org/2001/XMLSchema-instance"
     xsi:schemaLocation="http://gcmd.gsfc.nasa.gov/Aboutus/xml/dif/ http://gcmd.gsfc.nasa.gov/Aboutus/xml/dif/dif_v9.7.1.xsd">
   <Entry_ID>NSIDC-0529</Entry_ID>
   <Entry_Title>Depths to Ice-cemented Soils in High-elevation Quartermain Mountains, Dry Valleys, Antarctica</Entry_Title>
   <Data_Set_Citation>
      <Dataset_Creator>McKay, C. P. and M. M. Marinova.</Dataset_Creator>
      <Dataset_Title>Depths to Ice-cemented Soils in High-elevation Quartermain Mountains, Dry Valleys, Antarctica</Dataset_Title>
      <Dataset_Release_Date>2013-03-18</Dataset_Release_Date>
      <Dataset_Release_Place>Boulder, Colorado USA</Dataset_Release_Place>
      <Dataset_Publisher>NSIDC: National Snow and Ice Data Center</Dataset_Publisher>
      <Version>1</Version>
      <Dataset_DOI>doi:10.7265/N5VX0DFJ</Dataset_DOI>
      <Online_Resource>http://nsidc.org/data/NSIDC-0529</Online_Resource>
      <Dataset_Series_Name>NSIDC-0529</Dataset_Series_Name>
   </Data_Set_Citation>
   <Personnel>
      <Role>Technical Contact</Role>
      <First_Name>NSIDC</First_Name>
      <Last_Name>User Services</Last_Name>
      <Email>nsidc@nsidc.org</Email>
      <Phone>1-303-492-6199</Phone>
      <Fax>1-303-492-2468</Fax>
      <Contact_Address>
         <Address>CIRES, 449 UCB</Address>
         <Address>University of Colorado</Address>
         <City>Boulder</City>
         <Province_or_State>CO</Province_or_State>
         <Postal_Code>80309-0449</Postal_Code>
         <Country>USA</Country>
      </Contact_Address>
   </Personnel>
   <Personnel>
      <Role>Investigator</Role>
      <First_Name>Margarita</First_Name>
      <Middle_Name>M.</Middle_Name>
      <Last_Name>Marinova</Last_Name>
      <Email>margarita.m.marinova@gmail.com</Email>
      <Phone>-650-861-2150</Phone>
      <Contact_Address>
         <Address>Mail Stop 245-3</Address>
         <City>Moffett Field</City>
         <Province_or_State>CA</Province_or_State>
         <Postal_Code>94035-1000</Postal_Code>
         <Country>USA</Country>
      </Contact_Address>
   </Personnel>
   <Personnel>
      <Role>Investigator</Role>
      <First_Name>Christopher </First_Name>
      <Middle_Name>P.</Middle_Name>
      <Last_Name>McKay</Last_Name>
      <Email>chris.mckay@nasa.gov</Email>
      <Phone>1-650-604-6864</Phone>
      <Fax>1-650-604-6779</Fax>
      <Contact_Address>
         <Address>Mail Stop 245-3</Address>
         <City>Moffett Field</City>
         <Province_or_State>CA</Province_or_State>
         <Postal_Code>94035</Postal_Code>
         <Country>USA</Country>
      </Contact_Address>
   </Personnel>
   <Parameters>
      <Category>EARTH SCIENCE</Category>
      <Topic>Cryosphere</Topic>
      <Term>Frozen Ground</Term>
      <Variable_Level_1>Active Layer</Variable_Level_1>
   </Parameters>
   <Parameters>
      <Category>EARTH SCIENCE</Category>
      <Topic>Land Surface</Topic>
      <Term>Frozen Ground</Term>
      <Variable_Level_1>Active Layer</Variable_Level_1>
   </Parameters>
   <ISO_Topic_Category>Climatology/Meteorology/Atmosphere</ISO_Topic_Category>
   <Keyword>active layer observations</Keyword>
   <Keyword>Active Layer Thickness</Keyword>
   <Keyword>depth to ice-cemented ground</Keyword>
   <Keyword>Dry Permafrost</Keyword>
   <Sensor_Name>
      <Short_Name>CORING DEVICES</Short_Name>
   </Sensor_Name>
   <Source_Name>
      <Short_Name>GROUND-BASED OBSERVATIONS</Short_Name>
   </Source_Name>
   <Temporal_Coverage>
      <Start_Date>2009-09-30</Start_Date>
      <Stop_Date>2010-12-15</Stop_Date>
   </Temporal_Coverage>
   <Data_Set_Progress>complete</Data_Set_Progress>
   <Spatial_Coverage>
      <Southernmost_Latitude>-77.9</Southernmost_Latitude>
      <Northernmost_Latitude>-77.833333</Northernmost_Latitude>
      <Westernmost_Longitude>160.666667</Westernmost_Longitude>
      <Easternmost_Longitude>160.816667</Easternmost_Longitude>
   </Spatial_Coverage>
   <Location>
      <Location_Category>Continent</Location_Category>
      <Location_Type>Antarctica</Location_Type>
      <Location_Subregion1/>
      <Location_Subregion2/>
      <Location_Subregion3/>
   </Location>
   <Project>
      <Short_Name>NSF/OPP</Short_Name>
      <Long_Name>Division of Polar Programs, Antarctic Research, Glaciology</Long_Name>
   </Project>
   <Quality>The precision of measurement for all methods is a couple of centimeters due to the need to drill into the ice and the difficulty of defining the reference surface plane in environments with significant surface roughness. The measured depth to ice-cemented ground is generally insensitive to the time of year during which the measurement is taken since modeled ice evaporation rates, for example seasonal depth of ice-cemented ground fluctuations, are 0.2 - 0.5 mm per year (McKay et al. 1998); (Liu et al. 2011), and these changes are significantly smaller than our measurement error. In measuring the depth to ice-cemented ground, annual and seasonal temperature variations are important only when the soil is water saturated to the surface. When a dry permafrost layer is present, seasonal and yearly variations in temperature will only affect the depth to the top of the dry permafrost layer but not the depth of the ice-cemented layer.</Quality>
   <Data_Set_Language>English</Data_Set_Language>
   <Originating_Center>NASA/ARC/AE</Originating_Center>
   <Data_Center>
      <Data_Center_Name>
         <Short_Name>AGDC</Short_Name>
         <Long_Name>Antarctic Glaciological Data Center</Long_Name>
      </Data_Center_Name>
      <Data_Center_URL>http://nsidc.org/agdc/</Data_Center_URL>
      <Personnel>
         <Role>Data Center Contact</Role>
         <First_Name>AGDC</First_Name>
         <Last_Name>User Services</Last_Name>
         <Email>nsidc@nsidc.org</Email>
         <Phone>1-303-492-6199</Phone>
         <Fax>1-303-492-2468</Fax>
         <Contact_Address>
            <Address>National Snow and Ice Data Center</Address>
            <Address>CIRES, 449 UCB</Address>
            <Address>University of Colorado</Address>
            <City>Boulder</City>
            <Province_or_State>CO</Province_or_State>
            <Postal_Code>80309-0449</Postal_Code>
            <Country>USA</Country>
         </Contact_Address>
      </Personnel>
   </Data_Center>
   <Distribution>
      <Distribution_Media>FTP</Distribution_Media>
      <Distribution_Size>19 KB</Distribution_Size>
      <Distribution_Format>Comma-Separated Values (.csv)</Distribution_Format>
   </Distribution>
   <Reference>Bockheim J. G. 2007. Soil Processes and Development Rates in the Quartermain Mountains, Upper Taylor Glacier Region. Antarctica. Geografiska Annaler, 89A, 153-165.

Dickinson W. W. and K. Hopkins. 2005. Preliminary Report on Soil and Permafrost Sampling: Beacon, Arena, and Pearse Valleys, Dry Valleys, Antarctica, Nov.-Dec. 2001. Victoria University of Wellington, Antarctic Data Series, No. 30, 41 pp.

Marinova M. M., C. P. McKay, W. H. Pollard, J. L. Heldmann, A. F. Davila, D. T. Andersen, W. A. Jackson, D. Lacelle, G. Paulson, K. Zacny, 2012. Distribution of Depth to Ice-cemented Soils in the High-elevation Quartermain Mountains, Dry Valleys of Antarctica. Antarctic Science.

McKay C. P., M. T. Mellon and E. I. Friedmann. 1998. Soil Temperature and Stability of Ice-cemented Ground in McMurdo Dry Valleys, Antarctica. Antarctic Science, 10, 31-38.

McKay C. P. 2009. Snow Recurrence Sets the Depth of Dry Permafrost at High Elevations in the McMurdo Dry Valleys of Antarctica. Antarctic Science, 21, 89-94, doi:10.1017/S0954102008001508</Reference>
   <Summary>
      <Abstract>This data set is comprised of four surveyed valleys focusing on the depth to ground ice in the high-elevation Quartermain Mountains in the Beacon Valley area: University Valley, Farnell Valley, and two unnamed valleys north of University Valley, which we will call Valley North and Valley 2 North. To date it is only in the high-elevation Dry Valleys that the climatic conditions are dry and cold enough that cryotic (always below 0&amp;deg;C) yet dry soil is found over ice-cemented ground (McKay et al. 1998); (Bockheim 2007). The data provide a qualitative and quantitative contribution towards understanding the type and distribution of ground ice in the Quartermain Mountains at a high spatial resolution. The measurements can be used to improve and validate models of ice stability and distribution. This data set contains observations of depth to ice-cemented ground, based on 475 measurements at 147 sites. Note that the measurements represent the thickness of the active layer plus any dry permafrost layer, which is ubiquitous in this region, and not just the thickness of the active layer.</Abstract>
   </Summary>
   <Related_URL>
      <URL_Content_Type>
         <Type>VIEW RELATED INFORMATION</Type>
      </URL_Content_Type>
      <URL>https://nsidc.org/data/docs/agdc/nsidc0529-mckay/index.html</URL>
      <Description>Documentation</Description>
   </Related_URL>
   <Related_URL>
      <URL_Content_Type>
         <Type>GET DATA</Type>
      </URL_Content_Type>
      <URL>ftp://sidads.colorado.edu/pub/DATASETS/AGDC/nsidc0529_mckay_V01</URL>
      <Description>FTP</Description>
   </Related_URL>
   <Metadata_Name>CEOS IDN DIF</Metadata_Name>
   <Metadata_Version>VERSION 9.9</Metadata_Version>
   <DIF_Creation_Date>2013-03-18</DIF_Creation_Date>
   <Last_DIF_Revision_Date>2013-03-21</Last_DIF_Revision_Date>
   <DIF_Revision_History> 2013-03-18, Deann Miller,  New data set.
 2013-03-18, Deann Miller,  New data set.
 2013-03-18, Deann Miller, Added HTML coding to summary. Degree symbol not displaying properly.
 2013-03-20, Deann Miller, Updated the spatial coverage section. Forgot to add this info before publishing.
 2013-03-21, Deann Miller, Updated parameters.
</DIF_Revision_History>
   <Extended_Metadata>
      <Metadata>
         <Group>NSIDC</Group>
         <Name>Version Summary</Name>
         <Value/>
      </Metadata>
      <Metadata>
         <Group>NSIDC</Group>
         <Name>Current Version</Name>
         <Value>1</Value>
      </Metadata>
   </Extended_Metadata>
</DIF>
