<?xml version="1.0" encoding="UTF-8"?>
<DIF xmlns:dif="http://gcmd.gsfc.nasa.gov/Aboutus/xml/dif/"
     xmlns:xsi="http://www.w3.org/2001/XMLSchema-instance"
     xsi:schemaLocation="http://gcmd.gsfc.nasa.gov/Aboutus/xml/dif/ http://gcmd.gsfc.nasa.gov/Aboutus/xml/dif/dif_v9.7.1.xsd">
   <Entry_ID>NSIDC-0128</Entry_ID>
   <Entry_Title>Physical and Structural Properties of the Siple Dome Ice Cores</Entry_Title>
   <Data_Set_Citation>
      <Dataset_Creator>Tony Gow, Deb Meese</Dataset_Creator>
      <Dataset_Title>Physical and Structural Properties of the Siple Dome Ice Cores</Dataset_Title>
      <Dataset_Release_Date>2003-05-14</Dataset_Release_Date>
      <Dataset_Release_Place>Boulder, Colorado USA</Dataset_Release_Place>
      <Dataset_Publisher>NSIDC: National Snow and Ice Data Center</Dataset_Publisher>
      <Version>1</Version>
      <Dataset_DOI>doi:10.7265/N5668B34</Dataset_DOI>
      <Online_Resource>http://nsidc.org/data/NSIDC-0128</Online_Resource>
      <Dataset_Series_Name>NSIDC-0128</Dataset_Series_Name>
   </Data_Set_Citation>
   <Personnel>
      <Role>Investigator</Role>
      <First_Name>Tony</First_Name>
      <Last_Name>Gow</Last_Name>
      <Contact_Address>
         <Address>Cold Regions Research and Engineering Laboratory</Address>
         <Address>72 Lyme Road</Address>
         <City>Hanover</City>
         <Province_or_State>NH</Province_or_State>
         <Postal_Code>03755</Postal_Code>
         <Country/>
      </Contact_Address>
   </Personnel>
   <Personnel>
      <Role>Investigator</Role>
      <First_Name>Deb</First_Name>
      <Last_Name>Meese</Last_Name>
      <Email>dmeese@hanover-crrel.army.mil</Email>
      <Phone>1-603-646-4594</Phone>
      <Contact_Address>
         <Address>Cold Regions Research and Engineering Laboratory</Address>
         <Address>72 Lyme Road</Address>
         <City>Hanover</City>
         <Province_or_State>NH</Province_or_State>
         <Postal_Code>03755</Postal_Code>
         <Country/>
      </Contact_Address>
   </Personnel>
   <Personnel>
      <Role>Technical Contact</Role>
      <First_Name>NSIDC</First_Name>
      <Last_Name>User Services</Last_Name>
      <Email>nsidc@nsidc.org</Email>
      <Phone>1-303-492-6199</Phone>
      <Fax>1-303-492-2468</Fax>
      <Contact_Address>
         <Address>CIRES, 449 UCB</Address>
         <Address>University of Colorado</Address>
         <City>Boulder</City>
         <Province_or_State>CO</Province_or_State>
         <Postal_Code>80309-0449</Postal_Code>
         <Country>USA</Country>
      </Contact_Address>
   </Personnel>
   <Parameters>
      <Category>EARTH SCIENCE</Category>
      <Topic>Terrestrial Hydrosphere</Topic>
      <Term>Glaciers/Ice Sheets</Term>
      <Variable_Level_1>Glacier Thickness/Ice Sheet Thickness</Variable_Level_1>
   </Parameters>
   <Parameters>
      <Category>EARTH SCIENCE</Category>
      <Topic>Cryosphere</Topic>
      <Term>Glaciers/Ice Sheets</Term>
      <Variable_Level_1>Glacier Thickness/Ice Sheet Thickness</Variable_Level_1>
   </Parameters>
   <Parameters>
      <Category>EARTH SCIENCE</Category>
      <Topic>Paleoclimate</Topic>
      <Term>Ice Core Records</Term>
      <Variable_Level_1>Ice Core Air Bubbles</Variable_Level_1>
   </Parameters>
   <Parameters>
      <Category>EARTH SCIENCE</Category>
      <Topic>Paleoclimate</Topic>
      <Term>Ice Core Records</Term>
   </Parameters>
   <Parameters>
      <Category>EARTH SCIENCE</Category>
      <Topic>Terrestrial Hydrosphere</Topic>
      <Term>Snow/Ice</Term>
      <Variable_Level_1>Ice Depth/Thickness</Variable_Level_1>
   </Parameters>
   <Parameters>
      <Category>EARTH SCIENCE</Category>
      <Topic>Cryosphere</Topic>
      <Term>Snow/Ice</Term>
      <Variable_Level_1>Ice Depth/Thickness</Variable_Level_1>
   </Parameters>
   <Parameters>
      <Category>EARTH SCIENCE</Category>
      <Topic>Terrestrial Hydrosphere</Topic>
      <Term>Snow/Ice</Term>
      <Variable_Level_1>Ice Growth/Melt</Variable_Level_1>
   </Parameters>
   <Parameters>
      <Category>EARTH SCIENCE</Category>
      <Topic>Cryosphere</Topic>
      <Term>Snow/Ice</Term>
      <Variable_Level_1>Ice Growth/Melt</Variable_Level_1>
   </Parameters>
   <Parameters>
      <Category>EARTH SCIENCE</Category>
      <Topic>Terrestrial Hydrosphere</Topic>
      <Term>Glaciers/Ice Sheets</Term>
      <Variable_Level_1>Ice Sheets</Variable_Level_1>
   </Parameters>
   <Parameters>
      <Category>EARTH SCIENCE</Category>
      <Topic>Cryosphere</Topic>
      <Term>Glaciers/Ice Sheets</Term>
      <Variable_Level_1>Ice Sheets</Variable_Level_1>
   </Parameters>
   <Parameters>
      <Category>EARTH SCIENCE</Category>
      <Topic>Terrestrial Hydrosphere</Topic>
      <Term>Snow/Ice</Term>
      <Variable_Level_1>Snow Depth</Variable_Level_1>
   </Parameters>
   <Parameters>
      <Category>EARTH SCIENCE</Category>
      <Topic>Cryosphere</Topic>
      <Term>Snow/Ice</Term>
      <Variable_Level_1>Snow Depth</Variable_Level_1>
   </Parameters>
   <Parameters>
      <Category>EARTH SCIENCE</Category>
      <Topic>Terrestrial Hydrosphere</Topic>
      <Term>Snow/Ice</Term>
      <Variable_Level_1>Snow/Ice Chemistry</Variable_Level_1>
   </Parameters>
   <Parameters>
      <Category>EARTH SCIENCE</Category>
      <Topic>Cryosphere</Topic>
      <Term>Snow/Ice</Term>
      <Variable_Level_1>Snow/Ice Chemistry</Variable_Level_1>
   </Parameters>
   <Parameters>
      <Category>EARTH SCIENCE</Category>
      <Topic>Terrestrial Hydrosphere</Topic>
      <Term>Snow/Ice</Term>
      <Variable_Level_1>Snow Stratigraphy</Variable_Level_1>
   </Parameters>
   <Parameters>
      <Category>EARTH SCIENCE</Category>
      <Topic>Cryosphere</Topic>
      <Term>Snow/Ice</Term>
      <Variable_Level_1>Snow Stratigraphy</Variable_Level_1>
   </Parameters>
   <Parameters>
      <Category>EARTH SCIENCE</Category>
      <Topic>Paleoclimate</Topic>
      <Term>Ice Core Records</Term>
      <Variable_Level_1>Volcanic Deposits</Variable_Level_1>
   </Parameters>
   <Keyword>AGDC</Keyword>
   <Keyword>Antarctica</Keyword>
   <Keyword>chemical composition</Keyword>
   <Keyword>Density</Keyword>
   <Keyword>fabric</Keyword>
   <Keyword>Glaciology</Keyword>
   <Keyword>Ice Core</Keyword>
   <Keyword>Ice Sheet</Keyword>
   <Keyword>NSIDC</Keyword>
   <Keyword>PICO</Keyword>
   <Keyword>Siple</Keyword>
   <Keyword>Siple Coast</Keyword>
   <Keyword>Siple Dome</Keyword>
   <Keyword>Snow</Keyword>
   <Keyword>stratigraphy</Keyword>
   <Keyword>Tephra</Keyword>
   <Keyword>volcanic deposits</Keyword>
   <Keyword>WAIS</Keyword>
   <Keyword>WAISCORES</Keyword>
   <Sensor_Name>
      <Short_Name>CORING DEVICES</Short_Name>
   </Sensor_Name>
   <Source_Name>
      <Short_Name>GROUND STATIONS</Short_Name>
   </Source_Name>
   <Source_Name>
      <Short_Name>GROUND-BASED OBSERVATIONS</Short_Name>
   </Source_Name>
   <Temporal_Coverage>
      <Start_Date>1996-01-01</Start_Date>
      <Stop_Date>2000-12-31</Stop_Date>
   </Temporal_Coverage>
   <Data_Set_Progress>complete</Data_Set_Progress>
   <Spatial_Coverage>
      <Southernmost_Latitude>-81</Southernmost_Latitude>
      <Northernmost_Latitude>-81</Northernmost_Latitude>
      <Westernmost_Longitude>-149</Westernmost_Longitude>
      <Easternmost_Longitude>-149</Easternmost_Longitude>
   </Spatial_Coverage>
   <Location>
      <Location_Category>Continent</Location_Category>
      <Location_Type>Antarctica</Location_Type>
      <Location_Subregion1/>
      <Location_Subregion2/>
      <Location_Subregion3/>
      <Detailed_Location/>
   </Location>
   <Project>
      <Short_Name>WAISCORES</Short_Name>
      <Long_Name>West Antarctic Ice Sheet Cores</Long_Name>
   </Project>
   <Data_Set_Language>English</Data_Set_Language>
   <Data_Center>
      <Data_Center_Name>
         <Short_Name>AGDC</Short_Name>
         <Long_Name>Antarctic Glaciological Data Center</Long_Name>
      </Data_Center_Name>
      <Data_Center_URL>http://nsidc.org/agdc/</Data_Center_URL>
      <Personnel>
         <Role>Data Center Contact</Role>
         <First_Name>AGDC</First_Name>
         <Last_Name>User Services</Last_Name>
         <Email>nsidc@nsidc.org</Email>
         <Phone>1-303-492-6199</Phone>
         <Fax>1-303-492-2468</Fax>
         <Contact_Address>
            <Address>National Snow and Ice Data Center</Address>
            <Address>CIRES, 449 UCB</Address>
            <Address>University of Colorado</Address>
            <City>Boulder</City>
            <Province_or_State>CO</Province_or_State>
            <Postal_Code>80309-0449</Postal_Code>
            <Country>USA</Country>
         </Contact_Address>
      </Personnel>
   </Data_Center>
   <Distribution>
      <Distribution_Media>FTP</Distribution_Media>
      <Distribution_Size>493 KB</Distribution_Size>
      <Distribution_Format>GIF</Distribution_Format>
   </Distribution>
   <Distribution>
      <Distribution_Media>FTP</Distribution_Media>
      <Distribution_Size>9 KB</Distribution_Size>
      <Distribution_Format>ASCII Text (.txt)</Distribution_Format>
   </Distribution>
   <Distribution>
      <Distribution_Media>FTP</Distribution_Media>
      <Distribution_Size>2.2 MB</Distribution_Size>
      <Distribution_Format>JPEG</Distribution_Format>
   </Distribution>
   <Reference/>
   <Summary>
      <Abstract>This data set is part of the WAISCORES project, an NSF-funded project to understand the influence of the West Antarctic ice sheet on climate and sea level change. WAISCORES researchers acquired and analyzed ice cores from the Siple Dome, in the Siple Coast region, West Antarctica.

This data set includes annual layer data for Siple Dome ice cores A, B, and C, based on stratigraphy; thin-section images, and fabric data. The study included the analysis of more than 2500 crystallographic c-axes conducted on 50 thin sections from the main PICO core.</Abstract>
   </Summary>
   <Related_URL>
      <URL_Content_Type>
         <Type>VIEW RELATED INFORMATION</Type>
      </URL_Content_Type>
      <URL>http://nsidc.org/data/waiscores/findings/meese_gow_findings.html</URL>
      <Description>Documentation</Description>
   </Related_URL>
   <Related_URL>
      <URL_Content_Type>
         <Type>GET DATA</Type>
      </URL_Content_Type>
      <URL>http://nsidc.org/data/waiscores/pi/crrel.html</URL>
      <Description>FTP</Description>
   </Related_URL>
   <Related_URL>
      <URL_Content_Type>
         <Type>VIEW PROJECT HOME PAGE</Type>
      </URL_Content_Type>
      <URL>http://nsidc.org/data/waiscores/</URL>
      <Description>WAISCORES Product Web Site</Description>
   </Related_URL>
   <Metadata_Name>CEOS IDN DIF</Metadata_Name>
   <Metadata_Version>VERSION 9.9</Metadata_Version>
   <DIF_Creation_Date>2003-05-14</DIF_Creation_Date>
   <Last_DIF_Revision_Date>2014-03-14</Last_DIF_Revision_Date>
   <DIF_Revision_History> 2003-05-14, kgentsch, Mass publish of changed datasets to Bipolar.
 2003-05-14, kgentsch, Mass publish of changed datasets to Bipolar.
 2003-08-18, yohe,  
 2004-03-17, yohe,  
 2004-06-24, yohe,  
 2012-07-11, Deann Miller, added project name, waiscores
 2012-07-11, Deann Miller, corrected dist. sizes and formats
 2012-07-18, Deann Miller, Changed preso format to GIF
 2014-03-14, Katherine Weeman, Removed USADCC logo for Search cleanup.  
 2013-03-15, Brandon Pearce,  Added DOI
</DIF_Revision_History>
   <Extended_Metadata>
      <Metadata>
         <Group>NSIDC</Group>
         <Name>Version Summary</Name>
         <Value/>
      </Metadata>
      <Metadata>
         <Group>NSIDC</Group>
         <Name>Current Version</Name>
         <Value>1</Value>
      </Metadata>
   </Extended_Metadata>
</DIF>
