<?xml version="1.0" encoding="UTF-8"?>
<DIF xmlns:dif="http://gcmd.gsfc.nasa.gov/Aboutus/xml/dif/"
     xmlns:xsi="http://www.w3.org/2001/XMLSchema-instance"
     xsi:schemaLocation="http://gcmd.gsfc.nasa.gov/Aboutus/xml/dif/ http://gcmd.gsfc.nasa.gov/Aboutus/xml/dif/dif_v9.7.1.xsd">
   <Entry_ID>NSIDC-0111</Entry_ID>
   <Entry_Title>Three-Hourly Antarctic Automatic Weather Station Data, 1980-2000</Entry_Title>
   <Data_Set_Citation>
      <Dataset_Creator>Matthew Lazzara and Charles Stearns</Dataset_Creator>
      <Dataset_Title>Three-Hourly Antarctic Automatic Weather Station Data, 1980-2000</Dataset_Title>
      <Dataset_Release_Date>2003-08-18</Dataset_Release_Date>
      <Dataset_Release_Place>Boulder, Colorado USA</Dataset_Release_Place>
      <Dataset_Publisher>NSIDC: National Snow and Ice Data Center</Dataset_Publisher>
      <Version>1</Version>
      <Online_Resource>http://nsidc.org/data/NSIDC-0111</Online_Resource>
      <Dataset_Series_Name>NSIDC-0111</Dataset_Series_Name>
   </Data_Set_Citation>
   <Personnel>
      <Role>Investigator</Role>
      <First_Name>Matthew</First_Name>
      <Middle_Name>A.</Middle_Name>
      <Last_Name>Lazzara</Last_Name>
      <Email>amrc@ssec.wisc.edu</Email>
      <Contact_Address>
         <Address>University of Wisconsin-Madison</Address>
         <Address>Antarctic Meteorological Research Center</Address>
         <Address>Space Science and Engineering Center</Address>
         <City>Madison</City>
         <Province_or_State>WI</Province_or_State>
         <Postal_Code>53706</Postal_Code>
         <Country>USA</Country>
      </Contact_Address>
   </Personnel>
   <Personnel>
      <Role>Investigator</Role>
      <First_Name>Charles</First_Name>
      <Middle_Name>R.</Middle_Name>
      <Last_Name>Stearns</Last_Name>
      <Contact_Address>
         <Address>Polar Meteorological Research Establishment</Address>
         <Address>University of Wisconsin Madison</Address>
         <City>Madison</City>
         <Province_or_State>WI</Province_or_State>
         <Postal_Code>53706</Postal_Code>
         <Country/>
      </Contact_Address>
   </Personnel>
   <Personnel>
      <Role>Investigator</Role>
      <First_Name>Linda</First_Name>
      <Middle_Name>M.</Middle_Name>
      <Last_Name>Keller</Last_Name>
      <Email>linda@ice.ssec.wisc.edu</Email>
      <Contact_Address>
         <Address>University of Wisconsin-Madison</Address>
         <Address>Department of Atmospheric and Oceanic Science</Address>
         <City>Madison</City>
         <Province_or_State>WI</Province_or_State>
         <Postal_Code>53706</Postal_Code>
         <Country>USA</Country>
      </Contact_Address>
   </Personnel>
   <Personnel>
      <Role>Investigator</Role>
      <First_Name>George</First_Name>
      <Middle_Name>A.</Middle_Name>
      <Last_Name>Weidner</Last_Name>
      <Email>georgew@ssec.wisc.edu</Email>
      <Contact_Address>
         <Address>University of Wisconsin-Madison</Address>
         <Address>Department of Atmospheric and Oceanic Science</Address>
         <City>Madison</City>
         <Province_or_State>WI</Province_or_State>
         <Postal_Code>53706</Postal_Code>
         <Country>USA</Country>
      </Contact_Address>
   </Personnel>
   <Personnel>
      <Role>Technical Contact</Role>
      <First_Name>NSIDC</First_Name>
      <Last_Name>User Services</Last_Name>
      <Email>nsidc@nsidc.org</Email>
      <Phone>1-303-492-6199</Phone>
      <Fax>1-303-492-2468</Fax>
      <Contact_Address>
         <Address>CIRES, 449 UCB</Address>
         <Address>University of Colorado</Address>
         <City>Boulder</City>
         <Province_or_State>CO</Province_or_State>
         <Postal_Code>80309-0449</Postal_Code>
         <Country>USA</Country>
      </Contact_Address>
   </Personnel>
   <Parameters>
      <Category>EARTH SCIENCE</Category>
      <Topic>Atmosphere</Topic>
      <Term>Atmospheric Temperature</Term>
      <Variable_Level_1>Air Temperature</Variable_Level_1>
   </Parameters>
   <Parameters>
      <Category>EARTH SCIENCE</Category>
      <Topic>Atmosphere</Topic>
      <Term>Atmospheric Pressure</Term>
      <Variable_Level_1>Atmospheric Pressure Measurements</Variable_Level_1>
   </Parameters>
   <Parameters>
      <Category>EARTH SCIENCE</Category>
      <Topic>Atmosphere</Topic>
      <Term>Atmospheric Water Vapor</Term>
      <Variable_Level_1>Humidity</Variable_Level_1>
   </Parameters>
   <Parameters>
      <Category>EARTH SCIENCE</Category>
      <Topic>Cryosphere</Topic>
      <Term>Snow/Ice</Term>
      <Variable_Level_1>Snow/Ice Temperature</Variable_Level_1>
   </Parameters>
   <Parameters>
      <Category>EARTH SCIENCE</Category>
      <Topic>Terrestrial Hydrosphere</Topic>
      <Term>Snow/Ice</Term>
      <Variable_Level_1>Snow/Ice Temperature</Variable_Level_1>
   </Parameters>
   <Parameters>
      <Category>EARTH SCIENCE</Category>
      <Topic>Atmosphere</Topic>
      <Term>Atmospheric Temperature</Term>
      <Variable_Level_1>Surface Air Temperature</Variable_Level_1>
   </Parameters>
   <Parameters>
      <Category>EARTH SCIENCE</Category>
      <Topic>Atmosphere</Topic>
      <Term>Atmospheric Winds</Term>
      <Variable_Level_1>Surface Winds</Variable_Level_1>
   </Parameters>
   <Keyword>Antarctica</Keyword>
   <Keyword>atmospheric humidity measurements</Keyword>
   <Keyword>atmospheric pressure measurements</Keyword>
   <Keyword>Automated Weather Stations</Keyword>
   <Keyword>Automatic Weather Stations</Keyword>
   <Keyword>AWS</Keyword>
   <Keyword>Near-surface Air Temperatures</Keyword>
   <Keyword>snow temperature measurements</Keyword>
   <Keyword>snow temperatures</Keyword>
   <Keyword>surface temperature measurements</Keyword>
   <Keyword>Surface Temperatures</Keyword>
   <Keyword>Surface Winds</Keyword>
   <Keyword>surface wind speed measurements</Keyword>
   <Sensor_Name>
      <Short_Name>ANEMOMETERS</Short_Name>
   </Sensor_Name>
   <Sensor_Name>
      <Short_Name>AWS</Short_Name>
      <Long_Name>Automated Weather System</Long_Name>
   </Sensor_Name>
   <Sensor_Name>
      <Short_Name>BAROMETERS</Short_Name>
   </Sensor_Name>
   <Sensor_Name>
      <Short_Name>HUMIDITY SENSORS</Short_Name>
   </Sensor_Name>
   <Sensor_Name>
      <Short_Name>TEMPERATURE SENSORS</Short_Name>
   </Sensor_Name>
   <Temporal_Coverage>
      <Start_Date>1980-01-01</Start_Date>
   </Temporal_Coverage>
   <Data_Set_Progress>in work</Data_Set_Progress>
   <Location>
      <Location_Category>Continent</Location_Category>
      <Location_Type>Antarctica</Location_Type>
      <Location_Subregion1/>
      <Location_Subregion2/>
      <Location_Subregion3/>
      <Detailed_Location/>
   </Location>
   <Location>
      <Location_Category>Geographic Region</Location_Category>
      <Location_Type>Polar</Location_Type>
      <Location_Subregion1/>
      <Location_Subregion2/>
      <Location_Subregion3/>
      <Detailed_Location/>
   </Location>
   <Use_Constraints>No constraints. Users should credit the Automatic Weather Station project,
Space Science and Engineering Center, University of Wisconsin-Madison
as the source of the data.</Use_Constraints>
   <Data_Set_Language>English</Data_Set_Language>
   <Data_Center>
      <Data_Center_Name>
         <Short_Name>AGDC</Short_Name>
         <Long_Name>Antarctic Glaciological Data Center</Long_Name>
      </Data_Center_Name>
      <Data_Center_URL>http://nsidc.org/agdc/</Data_Center_URL>
      <Personnel>
         <Role>Data Center Contact</Role>
         <First_Name>AGDC</First_Name>
         <Last_Name>User Services</Last_Name>
         <Email>nsidc@nsidc.org</Email>
         <Phone>1-303-492-6199</Phone>
         <Fax>1-303-492-2468</Fax>
         <Contact_Address>
            <Address>National Snow and Ice Data Center</Address>
            <Address>CIRES, 449 UCB</Address>
            <Address>University of Colorado</Address>
            <City>Boulder</City>
            <Province_or_State>CO</Province_or_State>
            <Postal_Code>80309-0449</Postal_Code>
            <Country>USA</Country>
         </Contact_Address>
      </Personnel>
   </Data_Center>
   <Distribution>
      <Distribution_Media>FTP</Distribution_Media>
      <Distribution_Format>ASCII Text (.txt)</Distribution_Format>
   </Distribution>
   <Reference/>
   <Summary>
      <Abstract>The Automatic Weather Station (AWS) Project, funded by the NSF Office of Polar Programs, involves collecting meteorological data from an array of automatic weather stations in Antarctica, Greenland, and Peru.  Data collection in Antarctica began in 1980.

Data are available in tabular ASCII format via the University of Wisconsin's AWS Project Web site at http://uwamrc.ssec.wisc.edu/aws/.  Both raw and 'corrected' versions of the data are available via ftp.  Information about data processing and station characteristics is also provided.</Abstract>
   </Summary>
   <Related_URL>
      <URL_Content_Type>
         <Type>GET DATA</Type>
      </URL_Content_Type>
      <URL>http://amrc.ssec.wisc.edu/aws.html</URL>
      <Description>Get External Data</Description>
   </Related_URL>
   <Related_URL>
      <URL_Content_Type>
         <Type>VIEW PROJECT HOME PAGE</Type>
      </URL_Content_Type>
      <URL>http://uwamrc.ssec.wisc.edu/aws/</URL>
      <Description>Automated Weather Station Project Web site</Description>
   </Related_URL>
   <Metadata_Name>CEOS IDN DIF</Metadata_Name>
   <Metadata_Version>VERSION 9.9</Metadata_Version>
   <DIF_Creation_Date>2003-08-18</DIF_Creation_Date>
   <Last_DIF_Revision_Date>2013-03-15</Last_DIF_Revision_Date>
   <DIF_Revision_History> 2003-08-18, yohe,  
 2004-05-13, acasey, Link to product page changed.
 2004-06-24, yohe,  
 2004-07-08, acasey, Set the flag to brokered
 2005-01-24, yohe,  
 2012-07-10, Deann Miller, corrected dist. size &amp; format
 2013-03-15, Brandon Pearce,  Removed DOI, this data does not have a DOI
 2013-03-15, Brandon Pearce,  Added DOI
</DIF_Revision_History>
   <Extended_Metadata>
      <Metadata>
         <Group>NSIDC</Group>
         <Name>Version Summary</Name>
         <Value/>
      </Metadata>
      <Metadata>
         <Group>NSIDC</Group>
         <Name>Current Version</Name>
         <Value>1</Value>
      </Metadata>
   </Extended_Metadata>
</DIF>
