<?xml version="1.0" encoding="UTF-8"?>
<DIF xmlns:dif="http://gcmd.gsfc.nasa.gov/Aboutus/xml/dif/"
     xmlns:xsi="http://www.w3.org/2001/XMLSchema-instance"
     xsi:schemaLocation="http://gcmd.gsfc.nasa.gov/Aboutus/xml/dif/ http://gcmd.gsfc.nasa.gov/Aboutus/xml/dif/dif_v9.7.1.xsd">
   <Entry_ID>NSIDC-0008</Entry_ID>
   <Entry_Title>Historical Arctic Rawinsonde Archive</Entry_Title>
   <Data_Set_Citation>
      <Dataset_Creator>Jonathan Kahl and Mark Serreze</Dataset_Creator>
      <Dataset_Title>Historical Arctic Rawinsonde Archive</Dataset_Title>
      <Dataset_Release_Date>2003-06-05</Dataset_Release_Date>
      <Dataset_Release_Place>Boulder, Colorado USA</Dataset_Release_Place>
      <Dataset_Publisher>NSIDC: National Snow and Ice Data Center</Dataset_Publisher>
      <Version>1</Version>
      <Dataset_DOI>doi:10.5067/FQZA3330CVPO</Dataset_DOI>
      <Online_Resource>http://nsidc.org/data/NSIDC-0008</Online_Resource>
      <Dataset_Series_Name>NSIDC-0008</Dataset_Series_Name>
   </Data_Set_Citation>
   <Personnel>
      <Role>Investigator</Role>
      <First_Name>Jonathan</First_Name>
      <Middle_Name>D. W.</Middle_Name>
      <Last_Name>Kahl</Last_Name>
      <Email>kahl@csd.uwm.edu</Email>
      <Phone>1-414-229-4561</Phone>
      <Contact_Address>
         <Address>Department of Geosciences</Address>
         <Address>University of Wisconsin-Milwaukee</Address>
         <Address>P.O. Box 413</Address>
         <City>Milwaukee</City>
         <Province_or_State>WI</Province_or_State>
         <Postal_Code>53201</Postal_Code>
         <Country/>
      </Contact_Address>
   </Personnel>
   <Personnel>
      <Role>Investigator</Role>
      <First_Name>Mark</First_Name>
      <Middle_Name>C.</Middle_Name>
      <Last_Name>Serreze</Last_Name>
      <Email>serreze@nsidc.org</Email>
      <Phone>1-303-492-6199</Phone>
      <Fax>1-303-492-2468</Fax>
      <Contact_Address>
         <Address>National Snow and Ice Data Center</Address>
         <Address>CIRES, 449 UCB</Address>
         <Address>University of Colorado</Address>
         <City>Boulder</City>
         <Province_or_State>CO</Province_or_State>
         <Postal_Code>80309-0449</Postal_Code>
         <Country/>
      </Contact_Address>
   </Personnel>
   <Personnel>
      <Role>Technical Contact</Role>
      <First_Name>NSIDC</First_Name>
      <Last_Name>User Services</Last_Name>
      <Email>nsidc@nsidc.org</Email>
      <Phone>1-303-492-6199</Phone>
      <Fax>1-303-492-2468</Fax>
      <Contact_Address>
         <Address>CIRES, 449 UCB</Address>
         <Address>University of Colorado</Address>
         <City>Boulder</City>
         <Province_or_State>CO</Province_or_State>
         <Postal_Code>80309-0449</Postal_Code>
         <Country>USA</Country>
      </Contact_Address>
   </Personnel>
   <Parameters>
      <Category>EARTH SCIENCE</Category>
      <Topic>Atmosphere</Topic>
      <Term>Atmospheric Temperature</Term>
      <Variable_Level_1>Air Temperature</Variable_Level_1>
   </Parameters>
   <Parameters>
      <Category>EARTH SCIENCE</Category>
      <Topic>Atmosphere</Topic>
      <Term>Atmospheric Pressure</Term>
   </Parameters>
   <Parameters>
      <Category>EARTH SCIENCE</Category>
      <Topic>Atmosphere</Topic>
      <Term>Altitude</Term>
      <Variable_Level_1>Geopotential Height</Variable_Level_1>
   </Parameters>
   <Parameters>
      <Category>EARTH SCIENCE</Category>
      <Topic>Atmosphere</Topic>
      <Term>Atmospheric Water Vapor</Term>
      <Variable_Level_1>Water Vapor</Variable_Level_1>
      <Detailed_Variable>Humidity</Detailed_Variable>
   </Parameters>
   <Parameters>
      <Category>EARTH SCIENCE</Category>
      <Topic>Atmosphere</Topic>
      <Term>Atmospheric Water Vapor</Term>
      <Variable_Level_1>Humidity</Variable_Level_1>
   </Parameters>
   <Parameters>
      <Category>EARTH SCIENCE</Category>
      <Topic>Atmosphere</Topic>
      <Term>Atmospheric Temperature</Term>
      <Variable_Level_1>Surface Air Temperature</Variable_Level_1>
   </Parameters>
   <Parameters>
      <Category>EARTH SCIENCE</Category>
      <Topic>Atmosphere</Topic>
      <Term>Atmospheric Winds</Term>
      <Variable_Level_1>Upper Level Winds</Variable_Level_1>
      <Detailed_Variable>Wind Direction</Detailed_Variable>
   </Parameters>
   <Parameters>
      <Category>EARTH SCIENCE</Category>
      <Topic>Atmosphere</Topic>
      <Term>Atmospheric Winds</Term>
      <Variable_Level_1>Surface Winds</Variable_Level_1>
      <Detailed_Variable>Wind Direction</Detailed_Variable>
   </Parameters>
   <Parameters>
      <Category>EARTH SCIENCE</Category>
      <Topic>Atmosphere</Topic>
      <Term>Atmospheric Winds</Term>
      <Variable_Level_1>Upper Level Winds</Variable_Level_1>
      <Detailed_Variable>Wind Speed</Detailed_Variable>
   </Parameters>
   <Parameters>
      <Category>EARTH SCIENCE</Category>
      <Topic>Atmosphere</Topic>
      <Term>Atmospheric Winds</Term>
      <Variable_Level_1>Surface Winds</Variable_Level_1>
      <Detailed_Variable>Wind Speed</Detailed_Variable>
   </Parameters>
   <ISO_Topic_Category>Climatology/Meteorology/Atmosphere</ISO_Topic_Category>
   <Keyword>Alaska</Keyword>
   <Keyword>Arctic</Keyword>
   <Keyword>Atmospheric Soundings</Keyword>
   <Keyword>Canada</Keyword>
   <Keyword>Dewpoint Depression</Keyword>
   <Keyword>EOSDIS</Keyword>
   <Keyword>Finland</Keyword>
   <Keyword>Greenland</Keyword>
   <Keyword>Norway</Keyword>
   <Keyword>Polar</Keyword>
   <Keyword>Radiosondes</Keyword>
   <Keyword>Rawinsondes</Keyword>
   <Keyword>Russia</Keyword>
   <Keyword>Sweden</Keyword>
   <Keyword>US</Keyword>
   <Keyword>Wind Direction</Keyword>
   <Keyword>Wind Speed</Keyword>
   <Sensor_Name>
      <Short_Name>RADIOSONDES</Short_Name>
   </Sensor_Name>
   <Sensor_Name>
      <Short_Name>RAWINSONDES</Short_Name>
   </Sensor_Name>
   <Source_Name>
      <Short_Name>BALLOONS</Short_Name>
   </Source_Name>
   <Source_Name>
      <Short_Name>GROUND STATIONS</Short_Name>
   </Source_Name>
   <Temporal_Coverage>
      <Start_Date>1947-11-10</Start_Date>
      <Stop_Date>1996-06-30</Stop_Date>
   </Temporal_Coverage>
   <Data_Set_Progress>in work</Data_Set_Progress>
   <Spatial_Coverage>
      <Southernmost_Latitude>65</Southernmost_Latitude>
      <Northernmost_Latitude>90</Northernmost_Latitude>
      <Westernmost_Longitude>-180</Westernmost_Longitude>
      <Easternmost_Longitude>180</Easternmost_Longitude>
   </Spatial_Coverage>
   <Location>
      <Location_Category>Ocean</Location_Category>
      <Location_Type>Arctic Ocean</Location_Type>
      <Location_Subregion1/>
      <Location_Subregion2/>
      <Location_Subregion3/>
      <Detailed_Location/>
   </Location>
   <Location>
      <Location_Category>Geographic Region</Location_Category>
      <Location_Type>Polar</Location_Type>
      <Location_Subregion1/>
      <Location_Subregion2/>
      <Location_Subregion3/>
      <Detailed_Location>North Polar</Detailed_Location>
   </Location>
   <Project>
      <Short_Name>EOSDIS</Short_Name>
      <Long_Name>Earth Observing System Data Information System</Long_Name>
   </Project>
   <Project>
      <Short_Name>ESIP</Short_Name>
      <Long_Name>Earth Science Information Partners Program</Long_Name>
   </Project>
   <Data_Set_Language>English</Data_Set_Language>
   <Data_Center>
      <Data_Center_Name>
         <Short_Name>NOAA</Short_Name>
         <Long_Name>National Oceanic and Atmospheric Administration</Long_Name>
      </Data_Center_Name>
      <Data_Center_URL>http://nsidc.org/noaa/</Data_Center_URL>
      <Personnel>
         <Role>Data Center Contact</Role>
         <First_Name>NOAA</First_Name>
         <Last_Name>User Services</Last_Name>
         <Email>nsidc@nsidc.org</Email>
         <Phone>1-303-492-6199</Phone>
         <Fax>1-303-492-2468</Fax>
         <Contact_Address>
            <Address>National Snow and Ice Data Center</Address>
            <Address>CIRES, 449 UCB</Address>
            <Address>University of Colorado</Address>
            <City>Boulder</City>
            <Province_or_State>CO</Province_or_State>
            <Postal_Code>80309-0449</Postal_Code>
            <Country>USA</Country>
         </Contact_Address>
      </Personnel>
   </Data_Center>
   <Data_Center>
      <Data_Center_Name>
         <Short_Name>NASA NSIDC DAAC</Short_Name>
         <Long_Name>NASA National Snow and Ice Data Center Distributed Active Archive Center</Long_Name>
      </Data_Center_Name>
      <Data_Center_URL>http://nsidc.org/daac/index.html</Data_Center_URL>
      <Personnel>
         <Role>Data Center Contact</Role>
         <First_Name>NSIDC</First_Name>
         <Last_Name>User Services</Last_Name>
         <Email>nsidc@nsidc.org</Email>
         <Phone>1-303-492-6199</Phone>
         <Fax>1-303-492-2468</Fax>
         <Contact_Address>
            <Address>National Snow and Ice Data Center</Address>
            <Address>CIRES, 449 UCB</Address>
            <Address>University of Colorado</Address>
            <City>Boulder</City>
            <Province_or_State>CO</Province_or_State>
            <Postal_Code>80309-0449</Postal_Code>
            <Country>USA</Country>
         </Contact_Address>
      </Personnel>
   </Data_Center>
   <Distribution>
      <Distribution_Media>CD-ROM</Distribution_Media>
   </Distribution>
   <Reference>Kahl, J.D., M.C. Serreze, S. Shiotani, S.M. Skony, and R.C. Schnell,
In situ meteorological sounding archives for arctic studies,
Bul. Amer. Met. Soc., 73(11), 1824-1830, 1992.

Serreze, M.C., J.D. Kahl and S. Shiotani, The Historical Arctic
Rawisonde Archive Documentation Manual, NSIDC SP-2, National Snow and
Ice Data Center, University of Colorado, 26 p., 1992.</Reference>
   <Summary>
      <Abstract>&lt;p&gt;&lt;font color="#FF0000"&gt;Note: This data set is now on FTP so references to CD-ROM are historic and no longer applicable.&lt;/font&gt;&lt;/p&gt;

The Historical Arctic Rawinsonde Archive is on FTP, and it contains millions of vertical soundings of temperature, pressure, humidity, and wind, representing all available rawinsonde ascents from Arctic land stations poleward of 65 degrees North. HARA includes soundings from the beginning of record through mid-1996. Most stations began recording soundings in the late 1950s, but a few began in 1947 or 1948. Coverage is relatively uniform, except for the interior of Greenland. Typically, 20 to 40 levels are available in each sounding. HARA documentation is provided in the FTP directory and in hard copy (NSIDC Special Report 2, 1992). The FTP directory contain software (Fortran and C) for retrieval of sounding data subsets. The original soundings were obtained from the National Center for Atmospheric Research (NCAR), Boulder, Colorado and the National Climatic Data Center (NCDC) of NOAA in Asheville, North Carolina.
</Abstract>
   </Summary>
   <Related_URL>
      <URL_Content_Type>
         <Type>VIEW RELATED INFORMATION</Type>
      </URL_Content_Type>
      <URL>http://nsidc.org/data/docs/daac/nsidc0008_hara.gd.html</URL>
      <Description>Documentation</Description>
   </Related_URL>
   <Related_URL>
      <URL_Content_Type>
         <Type>GET DATA</Type>
      </URL_Content_Type>
      <URL>ftp://sidads.colorado.edu/pub/DATASETS/nsidc0008_HARA_arctic_sounding_v01/</URL>
      <Description>FTP</Description>
   </Related_URL>
   <IDN_Node>
      <Short_Name>USA/NASA</Short_Name>
   </IDN_Node>
   <Metadata_Name>CEOS IDN DIF</Metadata_Name>
   <Metadata_Version>VERSION 9.9</Metadata_Version>
   <DIF_Creation_Date>2003-06-05</DIF_Creation_Date>
   <Last_DIF_Revision_Date>2012-07-19</Last_DIF_Revision_Date>
   <DIF_Revision_History> 2003-06-05, yohe,  
 2005-07-01, wolfe,  
 2006-03-14, lfrench, John added missing ISO topic to 57 NOAA data set records. Send to GCMD.
 2006-08-03, lfrench, Ken changed all these to use new dynamic forms (media order or optional registration).
 2011-08-23, Deann Miller, Removing the arcss logo per Chris McNeave. This is the final process of decommissioning the ARCSS program from NSIDC. This data set is still supported by NOAA, WDC, and NASA.
 2012-07-19, Deann Miller, Updated data access link. Moved data from CD-ROM to FTP.
 2012-07-19, Deann Miller, Added note to summary.
</DIF_Revision_History>
   <Extended_Metadata>
      <Metadata>
         <Group>NSIDC</Group>
         <Name>Version Summary</Name>
         <Value/>
      </Metadata>
      <Metadata>
         <Group>NSIDC</Group>
         <Name>Current Version</Name>
         <Value>1</Value>
      </Metadata>
   </Extended_Metadata>
</DIF>
