<?xml version="1.0" encoding="UTF-8"?>
<DIF xmlns:dif="http://gcmd.gsfc.nasa.gov/Aboutus/xml/dif/"
     xmlns:xsi="http://www.w3.org/2001/XMLSchema-instance"
     xsi:schemaLocation="http://gcmd.gsfc.nasa.gov/Aboutus/xml/dif/ http://gcmd.gsfc.nasa.gov/Aboutus/xml/dif/dif_v9.7.1.xsd">
   <Entry_ID>NSIDC-0246</Entry_ID>
   <Entry_Title>Taylor Dome Ice Core Chemistry, Ion, and Isotope Data</Entry_Title>
   <Data_Set_Citation>
      <Dataset_Title>Taylor Dome Ice Core Chemistry, Ion, and Isotope Data</Dataset_Title>
      <Dataset_Release_Date>2004-08-26</Dataset_Release_Date>
      <Version>1</Version>
      <Online_Resource>http://nsidc.org/data/NSIDC-0246</Online_Resource>
      <Dataset_Series_Name>NSIDC-0246</Dataset_Series_Name>
   </Data_Set_Citation>
   <Personnel>
      <Role>Investigator</Role>
      <First_Name>A</First_Name>
      <Last_Name>Indermuhle</Last_Name>
      <Contact_Address>
         <City>Bern</City>
         <Country>Switzerland</Country>
      </Contact_Address>
   </Personnel>
   <Personnel>
      <Role>Investigator</Role>
      <First_Name>Jesse</First_Name>
      <Last_Name>Smith</Last_Name>
      <Contact_Address>
         <Country>USA</Country>
      </Contact_Address>
   </Personnel>
   <Personnel>
      <Role>Investigator</Role>
      <First_Name>Ed</First_Name>
      <Last_Name>Brook</Last_Name>
   </Personnel>
   <Personnel>
      <Role>Investigator</Role>
      <First_Name>Todd</First_Name>
      <Middle_Name>A.</Middle_Name>
      <Last_Name>Sowers</Last_Name>
      <Email>tas11@psu.edu</Email>
      <Phone>1-814-865-1921</Phone>
      <Contact_Address>
         <Address>317b Earth and Engineering Science Building</Address>
         <City>University Park</City>
         <Province_or_State>PA</Province_or_State>
         <Postal_Code>16802</Postal_Code>
         <Country>USA</Country>
      </Contact_Address>
   </Personnel>
   <Personnel>
      <Role>Investigator</Role>
      <First_Name>Paul</First_Name>
      <Middle_Name>A.</Middle_Name>
      <Last_Name>Mayewski</Last_Name>
      <Email>paul.mayewski@maine.edu</Email>
      <Email>climatechange@maine.edu</Email>
      <Phone>1-207-581-3019</Phone>
      <Contact_Address>
         <Address>University of Maine</Address>
         <City>Orono</City>
         <Province_or_State>ME</Province_or_State>
         <Postal_Code>04469</Postal_Code>
         <Country>USA</Country>
      </Contact_Address>
   </Personnel>
   <Personnel>
      <Role>Investigator</Role>
      <First_Name>Eric</First_Name>
      <Middle_Name>J.</Middle_Name>
      <Last_Name>Steig</Last_Name>
      <Email>steig@uw.edu</Email>
      <Phone>1-206-685-3715</Phone>
      <Fax>206-543-0411</Fax>
      <Contact_Address>
         <Address>University of Washington</Address>
         <Address>Department of Earth and Space Sciences</Address>
         <Address>Box 35130</Address>
         <Address>70 Johnson Hall</Address>
         <City>Seattle</City>
         <Province_or_State>WA</Province_or_State>
         <Postal_Code>98195-1310</Postal_Code>
         <Country>USA</Country>
      </Contact_Address>
   </Personnel>
   <Parameters>
      <Category>EARTH SCIENCE</Category>
      <Topic>Paleoclimate</Topic>
      <Term>Ice Core Records</Term>
      <Variable_Level_1>Carbon Dioxide</Variable_Level_1>
   </Parameters>
   <Parameters>
      <Category>EARTH SCIENCE</Category>
      <Topic>Paleoclimate</Topic>
      <Term>Ice Core Records</Term>
      <Variable_Level_1>Ice Core Air Bubbles</Variable_Level_1>
   </Parameters>
   <Parameters>
      <Category>EARTH SCIENCE</Category>
      <Topic>Paleoclimate</Topic>
      <Term>Ice Core Records</Term>
   </Parameters>
   <Parameters>
      <Category>EARTH SCIENCE</Category>
      <Topic>Paleoclimate</Topic>
      <Term>Ice Core Records</Term>
      <Variable_Level_1>Ions</Variable_Level_1>
   </Parameters>
   <Parameters>
      <Category>EARTH SCIENCE</Category>
      <Topic>Paleoclimate</Topic>
      <Term>Ice Core Records</Term>
      <Variable_Level_1>Isotopes</Variable_Level_1>
   </Parameters>
   <Parameters>
      <Category>EARTH SCIENCE</Category>
      <Topic>Paleoclimate</Topic>
      <Term>Ice Core Records</Term>
      <Variable_Level_1>Methane</Variable_Level_1>
   </Parameters>
   <Parameters>
      <Category>EARTH SCIENCE</Category>
      <Topic>Paleoclimate</Topic>
      <Term>Ice Core Records</Term>
      <Variable_Level_1>Nitrous Oxide</Variable_Level_1>
   </Parameters>
   <Sensor_Name>
      <Short_Name>CORING DEVICES</Short_Name>
   </Sensor_Name>
   <Source_Name>
      <Short_Name>GROUND STATIONS</Short_Name>
   </Source_Name>
   <Location>
      <Location_Category>Continent</Location_Category>
      <Location_Type>Antarctica</Location_Type>
      <Location_Subregion1/>
      <Location_Subregion2/>
      <Location_Subregion3/>
      <Detailed_Location/>
   </Location>
   <Location>
      <Location_Category>Geographic Region</Location_Category>
      <Location_Type>Polar</Location_Type>
      <Location_Subregion1/>
      <Location_Subregion2/>
      <Location_Subregion3/>
      <Detailed_Location/>
   </Location>
   <Data_Set_Language>English</Data_Set_Language>
   <Data_Center>
      <Data_Center_Name>
         <Short_Name>AGDC</Short_Name>
         <Long_Name>Antarctic Glaciological Data Center</Long_Name>
      </Data_Center_Name>
      <Data_Center_URL>http://nsidc.org/agdc/</Data_Center_URL>
      <Personnel>
         <Role>Data Center Contact</Role>
         <First_Name>AGDC</First_Name>
         <Last_Name>User Services</Last_Name>
         <Email>nsidc@nsidc.org</Email>
         <Phone>1-303-492-6199</Phone>
         <Fax>1-303-492-2468</Fax>
         <Contact_Address>
            <Address>National Snow and Ice Data Center</Address>
            <Address>CIRES, 449 UCB</Address>
            <Address>University of Colorado</Address>
            <City>Boulder</City>
            <Province_or_State>CO</Province_or_State>
            <Postal_Code>80309-0449</Postal_Code>
            <Country>USA</Country>
         </Contact_Address>
      </Personnel>
   </Data_Center>
   <Summary>
      <Abstract>This data set includes chemistry, ion, and istotope data from Taylor Dome, part of the East Antarctic ice sheet. Deep drilling at Taylor Dome successfully reached bedrock at a depth of 554 meters during the 1993-1994 austral summer. The Taylor Dome ice core is only the second core (after Vostok) to provide a stratigraphically undisturbed record through the entire last glacial cycle (the last 130,000 years or more).</Abstract>
   </Summary>
   <Related_URL>
      <URL_Content_Type>
         <Type>GET DATA</Type>
      </URL_Content_Type>
      <URL>http://www.ngdc.noaa.gov/paleo/icecore/antarctica/taylor/taylor.html</URL>
      <Description>Get External Data</Description>
   </Related_URL>
   <Metadata_Name>CEOS IDN DIF</Metadata_Name>
   <Metadata_Version>VERSION 9.9</Metadata_Version>
   <DIF_Creation_Date>2004-08-26</DIF_Creation_Date>
   <Last_DIF_Revision_Date>2013-10-10</Last_DIF_Revision_Date>
   <DIF_Revision_History> 2013-10-10, Deann Miller, Removed Get External Data and Documentation link and replaced it with Get External Data, cleanup for Search. 
 2004-08-26, acasey,  
 2004-08-26, acasey,  
 2004-09-16, acasey,  
 2005-01-24, yohe,  
</DIF_Revision_History>
   <Extended_Metadata>
      <Metadata>
         <Group>NSIDC</Group>
         <Name>Version Summary</Name>
         <Value/>
      </Metadata>
      <Metadata>
         <Group>NSIDC</Group>
         <Name>Current Version</Name>
         <Value>1</Value>
      </Metadata>
   </Extended_Metadata>
</DIF>
