<?xml version="1.0" encoding="UTF-8"?>
<DIF xmlns:dif="http://gcmd.gsfc.nasa.gov/Aboutus/xml/dif/"
     xmlns:xsi="http://www.w3.org/2001/XMLSchema-instance"
     xsi:schemaLocation="http://gcmd.gsfc.nasa.gov/Aboutus/xml/dif/ http://gcmd.gsfc.nasa.gov/Aboutus/xml/dif/dif_v9.7.1.xsd">
   <Entry_ID>NSIDC-0546</Entry_ID>
   <Entry_Title>Major Ion Chemistry Data of WAIS Divide Ice Core Brittle Ice</Entry_Title>
   <Data_Set_Citation>
      <Dataset_Creator>Cole-Dai, J.</Dataset_Creator>
      <Dataset_Title>Major Ion Chemistry Data of WAIS Divide Ice Core Brittle Ice</Dataset_Title>
      <Dataset_Release_Date>2014-03-19</Dataset_Release_Date>
      <Dataset_Release_Place>Boulder, Colorado USA</Dataset_Release_Place>
      <Dataset_Publisher>NSIDC: National Snow and Ice Data Center</Dataset_Publisher>
      <Version>1</Version>
      <Dataset_DOI>doi:10.7265/N5RF5S0D</Dataset_DOI>
      <Online_Resource>http://nsidc.org/data/NSIDC-0546</Online_Resource>
      <Dataset_Series_Name>NSIDC-0546</Dataset_Series_Name>
   </Data_Set_Citation>
   <Personnel>
      <Role>Technical Contact</Role>
      <First_Name>NSIDC</First_Name>
      <Last_Name>User Services</Last_Name>
      <Email>nsidc@nsidc.org</Email>
      <Phone>1-303-492-6199</Phone>
      <Fax>1-303-492-2468</Fax>
      <Contact_Address>
         <Address>CIRES, 449 UCB</Address>
         <Address>University of Colorado</Address>
         <City>Boulder</City>
         <Province_or_State>CO</Province_or_State>
         <Postal_Code>80309-0449</Postal_Code>
         <Country>USA</Country>
      </Contact_Address>
   </Personnel>
   <Personnel>
      <Role>Investigator</Role>
      <First_Name>Jihong</First_Name>
      <Last_Name>Cole-Dai</Last_Name>
      <Contact_Address>
         <Address>Department of Chemistry and Biochemistry</Address>
         <Address>South Dakota State University</Address>
         <City>Brookings</City>
         <Province_or_State>SD</Province_or_State>
         <Postal_Code>57007</Postal_Code>
         <Country>USA</Country>
      </Contact_Address>
   </Personnel>
   <Parameters>
      <Category>EARTH SCIENCE</Category>
      <Topic>Paleoclimate</Topic>
      <Term>Ice Core Records</Term>
      <Variable_Level_1>Ions</Variable_Level_1>
   </Parameters>
   <ISO_Topic_Category>Climatology/Meteorology/Atmosphere</ISO_Topic_Category>
   <Keyword>Ice Core</Keyword>
   <Keyword>Ion Chromatograph</Keyword>
   <Keyword>Ions</Keyword>
   <Keyword>Paleoclimate</Keyword>
   <Keyword>WAISCORES</Keyword>
   <Sensor_Name>
      <Short_Name>ION CHROMATOGRAPHS</Short_Name>
   </Sensor_Name>
   <Source_Name>
      <Short_Name>GROUND-BASED OBSERVATIONS</Short_Name>
   </Source_Name>
   <Source_Name>
      <Short_Name>LABORATORY</Short_Name>
   </Source_Name>
   <Temporal_Coverage>
      <Start_Date>2010-01-01</Start_Date>
      <Stop_Date>2012-01-07</Stop_Date>
   </Temporal_Coverage>
   <Paleo_Temporal_Coverage>
      <Paleo_Start_Date>6000 ybp</Paleo_Start_Date>
      <Paleo_Stop_Date>2350 ybp</Paleo_Stop_Date>
      <Chronostratigraphic_Unit>
         <Eon>Phanerozoic</Eon>
         <Era>Cenozoic</Era>
         <Period>Quaternary</Period>
         <Epoch>Holocene</Epoch>
         <Stage>Holocene</Stage>
      </Chronostratigraphic_Unit>
   </Paleo_Temporal_Coverage>
   <Data_Set_Progress>complete</Data_Set_Progress>
   <Spatial_Coverage>
      <Southernmost_Latitude>-79.5</Southernmost_Latitude>
      <Northernmost_Latitude>-79.5</Northernmost_Latitude>
      <Westernmost_Longitude>-112.1</Westernmost_Longitude>
      <Easternmost_Longitude>-112.1</Easternmost_Longitude>
      <Minimum_Depth>577 meters</Minimum_Depth>
      <Maximum_Depth>1300 meters</Maximum_Depth>
   </Spatial_Coverage>
   <Location>
      <Location_Category>Continent</Location_Category>
      <Location_Type>Antarctica</Location_Type>
      <Location_Subregion1/>
      <Location_Subregion2/>
      <Location_Subregion3/>
   </Location>
   <Data_Resolution>
      <Vertical_Resolution>2.2 cm</Vertical_Resolution>
   </Data_Resolution>
   <Project>
      <Short_Name>NSF/OPP</Short_Name>
      <Long_Name>Division of Polar Programs, Antarctic Research, Glaciology</Long_Name>
   </Project>
   <Data_Set_Language>English</Data_Set_Language>
   <Originating_Center>AGDC</Originating_Center>
   <Data_Center>
      <Data_Center_Name>
         <Short_Name>AGDC</Short_Name>
         <Long_Name>Antarctic Glaciological Data Center</Long_Name>
      </Data_Center_Name>
      <Data_Center_URL>http://nsidc.org/agdc/</Data_Center_URL>
      <Personnel>
         <Role>Data Center Contact</Role>
         <First_Name>AGDC</First_Name>
         <Last_Name>User Services</Last_Name>
         <Email>nsidc@nsidc.org</Email>
         <Phone>1-303-492-6199</Phone>
         <Fax>1-303-492-2468</Fax>
         <Contact_Address>
            <Address>National Snow and Ice Data Center</Address>
            <Address>CIRES, 449 UCB</Address>
            <Address>University of Colorado</Address>
            <City>Boulder</City>
            <Province_or_State>CO</Province_or_State>
            <Postal_Code>80309-0449</Postal_Code>
            <Country>USA</Country>
         </Contact_Address>
      </Personnel>
   </Data_Center>
   <Distribution>
      <Distribution_Media>FTP</Distribution_Media>
      <Distribution_Size>3.6 MB</Distribution_Size>
      <Distribution_Format>Microsoft Excel</Distribution_Format>
   </Distribution>
   <Reference>Fudge, T. J., K. Taylor, K. McGwire, E. Brook, T. Sowers, E. Steig, J. White et al. 2012. A 62 ka Record from the WAIS Divide Ice Core with Annual Resolution to 30 ka (so far), in EGU General Assembly Conference Abstracts, 14:3633.
</Reference>
   <Summary>
      <Abstract>The brittle ice section (577-1300 m) of the main WAIS Divide ice core (WDC06A) was analyzed for major ion concentrations with ion chromatography.</Abstract>
   </Summary>
   <Related_URL>
      <URL_Content_Type>
         <Type>VIEW RELATED INFORMATION</Type>
      </URL_Content_Type>
      <URL>https://nsidc.org/data/docs/agdc/nsidc0546/index.html</URL>
      <Description>Documentation</Description>
   </Related_URL>
   <Related_URL>
      <URL_Content_Type>
         <Type>GET DATA</Type>
      </URL_Content_Type>
      <URL>ftp://sidads.colorado.edu/pub/DATASETS/AGDC/nsidc0546_coledai/</URL>
      <Description>FTP</Description>
   </Related_URL>
   <Metadata_Name>CEOS IDN DIF</Metadata_Name>
   <Metadata_Version>VERSION 9.9</Metadata_Version>
   <DIF_Creation_Date>2014-03-19</DIF_Creation_Date>
   <Last_DIF_Revision_Date>2014-03-19</Last_DIF_Revision_Date>
   <DIF_Revision_History> 2014-03-19, Deann Miller, New data set.
 2014-03-19, Deann Miller, New data set.
</DIF_Revision_History>
   <Extended_Metadata>
      <Metadata>
         <Group>NSIDC</Group>
         <Name>Version Summary</Name>
         <Value/>
      </Metadata>
      <Metadata>
         <Group>NSIDC</Group>
         <Name>Current Version</Name>
         <Value>1</Value>
      </Metadata>
   </Extended_Metadata>
</DIF>
