<?xml version="1.0" encoding="UTF-8"?>
<DIF xmlns="http://gcmd.gsfc.nasa.gov/Aboutus/xml/dif/"
    xmlns:dif="http://gcmd.gsfc.nasa.gov/Aboutus/xml/dif/"
    xmlns:xsi="http://www.w3.org/2001/XMLSchema-instance" xsi:schemaLocation="http://gcmd.gsfc.nasa.gov/Aboutus/xml/dif/ http://gcmd.gsfc.nasa.gov/Aboutus/xml/dif/dif_v10.2.xsd">
    <Entry_ID>
        <Short_Name>amprtbtc</Short_Name>
        <Version>2</Version>
    </Entry_ID>
    <Entry_Title>AMPR BRIGHTNESS TEMPERATURE (TB) TOGA COARE V2</Entry_Title>
    <Personnel>
        <Role>TECHNICAL CONTACT</Role>
        <Contact_Person>
            <Last_Name/>
            <Email>ghrc-dmg@itsc.uah.edu</Email>
        </Contact_Person>
    </Personnel>
    <Science_Keywords>
        <Category>EARTH SCIENCE</Category>
        <Topic>SPECTRAL/ENGINEERING</Topic>
        <Term>INFRARED WAVELENGTHS</Term>
        <Variable_Level_1>BRIGHTNESS TEMPERATURE</Variable_Level_1>
    </Science_Keywords>
    <Science_Keywords>
        <Category>EARTH SCIENCE</Category>
        <Topic>SPECTRAL/ENGINEERING</Topic>
        <Term>MICROWAVE</Term>
        <Variable_Level_1>BRIGHTNESS TEMPERATURE</Variable_Level_1>
    </Science_Keywords>
    <Platform>
        <Type>Not provided</Type>
        <Short_Name>NASA ER-2</Short_Name>
        <Long_Name>NASA ER-2</Long_Name>
        <Instrument>
            <Short_Name>AMPR</Short_Name>
            <Sensor>
                <Short_Name>AMPR</Short_Name>
            </Sensor>
        </Instrument>
    </Platform>
    <Temporal_Coverage>
        <Range_DateTime>
            <Beginning_Date_Time>1993-01-12T00:00:00.000Z</Beginning_Date_Time>
            <Ending_Date_Time>1993-02-25T02:30:00.000Z</Ending_Date_Time>
        </Range_DateTime>
    </Temporal_Coverage>
    <Spatial_Coverage>
        <Granule_Spatial_Representation>CARTESIAN</Granule_Spatial_Representation>
        <Geometry>
            <Coordinate_System>CARTESIAN</Coordinate_System>
            <Bounding_Rectangle>
                <Southernmost_Latitude>-21</Southernmost_Latitude>
                <Northernmost_Latitude>0</Northernmost_Latitude>
                <Westernmost_Longitude>145</Westernmost_Longitude>
                <Easternmost_Longitude>161</Easternmost_Longitude>
            </Bounding_Rectangle>
        </Geometry>
    </Spatial_Coverage>
    <Project>
        <Short_Name>TOGA COARE</Short_Name>
    </Project>
    <Quality/>
    <Use_Constraints/>
    <Organization>
        <Organization_Type>ARCHIVER</Organization_Type>
        <Organization_Name>
            <Short_Name>GHRC</Short_Name>
        </Organization_Name>
        <Personnel>
            <Role>DATA CENTER CONTACT</Role>
            <Contact_Person>
                <Last_Name>Not provided</Last_Name>
            </Contact_Person>
        </Personnel>
    </Organization>
    <Summary>
        <Abstract>The Advanced Microwave Precipitation Radiometer (AMPR) data set was part of the
atmospheric measurements collected during the intensive observation period of
the Tropical Ocean Global Atmosphere-Coupled Ocean Atmosphere Response
Experiment (TOGA-COARE). AMPR data were collected at a combination of
frequencies (10.7, 19 .35, 37.1, and 85.5 GHz) and for the period Jan.
11, 1993 - Feb. 23, 1993. The TOGA COARE geographic domain pertinent to the
AMPR data set was from the equator to 21 S latitude and 145 E - 161 E longitude.</Abstract>
        <Purpose/>
    </Summary>
    <Related_URL>
        <URL_Content_Type>
            <Type>GET DATA</Type>
        </URL_Content_Type>
        <URL>http://ghrc.nsstc.nasa.gov/hydro/details.pl?ds=amprtbtc</URL>
    </Related_URL>
    <Related_URL>
        <URL_Content_Type>
            <Type>GET RELATED VISUALIZATION</Type>
        </URL_Content_Type>
        <URL>ftp://gpm.nsstc.nasa.gov/ampr/toga_coare/browse/</URL>
    </Related_URL>
    <Related_URL>
        <URL_Content_Type>
            <Type>VIEW RELATED INFORMATION</Type>
            <Subtype>USER'S GUIDE</Subtype>
        </URL_Content_Type>
        <URL>http://ghrc.nsstc.nasa.gov/uso/ds_docs/ampr/ampr_dataset.html</URL>
    </Related_URL>
    <Related_URL>
        <URL_Content_Type>
            <Type>VIEW PROJECT HOME PAGE</Type>
        </URL_Content_Type>
        <URL>http://ampr.nsstc.nasa.gov/</URL>
    </Related_URL>
    <Related_URL>
        <URL_Content_Type>
            <Type>VIEW RELATED INFORMATION</Type>
            <Subtype>GENERAL DOCUMENTATION</Subtype>
        </URL_Content_Type>
        <URL>ftp://ghrc.nsstc.nasa.gov/pub/doc/ampr/ampr.pdf</URL>
    </Related_URL>
    <Related_URL>
        <URL_Content_Type>
            <Type>GET SERVICE</Type>
            <Subtype>GET SOFTWARE PACKAGE</Subtype>
        </URL_Content_Type>
        <URL>ftp://ghrc.nsstc.nasa.gov/pub/doc/ampr/example_ampr_read_program.f</URL>
    </Related_URL>
    <Related_URL>
        <URL_Content_Type>
            <Type>GET DATA</Type>
        </URL_Content_Type>
        <URL>http://ghrc.nsstc.nasa.gov/uso/citation.html</URL>
    </Related_URL>
    <Metadata_Name>CEOS IDN DIF</Metadata_Name>
    <Metadata_Version>VERSION 10.2</Metadata_Version>
    <Metadata_Dates>
        <Metadata_Creation>1993-01-11T00:00:00.000Z</Metadata_Creation>
        <Metadata_Last_Revision>2013-11-14T10:29:41.000Z</Metadata_Last_Revision>
        <Data_Creation>1970-01-01T00:00:00</Data_Creation>
        <Data_Last_Revision>1970-01-01T00:00:00</Data_Last_Revision>
    </Metadata_Dates>
</DIF>
