<Collection>
    <ShortName>amprtbtc</ShortName>
    <VersionId>2</VersionId>
    <InsertTime>1993-01-11T00:00:00.000Z</InsertTime>
    <LastUpdate>2013-11-14T10:29:41.000Z</LastUpdate>
    <LongName>AMPR BRIGHTNESS TEMPERATURE (TB) TOGA COARE</LongName>
    <DataSetId>AMPR BRIGHTNESS TEMPERATURE (TB) TOGA COARE V2</DataSetId>
    <Description>The Advanced Microwave Precipitation Radiometer (AMPR) data set was part of the
atmospheric measurements collected during the intensive observation period of
the Tropical Ocean Global Atmosphere-Coupled Ocean Atmosphere Response
Experiment (TOGA-COARE). AMPR data were collected at a combination of
frequencies (10.7, 19 .35, 37.1, and 85.5 GHz) and for the period Jan.
11, 1993 - Feb. 23, 1993. The TOGA COARE geographic domain pertinent to the
AMPR data set was from the equator to 21 S latitude and 145 E - 161 E longitude.</Description>
    <Orderable>false</Orderable>
    <Visible>true</Visible>
    <ProcessingLevelId>1B</ProcessingLevelId>
    <ArchiveCenter>GHRC</ArchiveCenter>
    <Price>0.0</Price>
    <SpatialKeywords>
        <Keyword>S. PACIFIC OCEAN</Keyword>
    </SpatialKeywords>
    <TemporalKeywords>
        <Keyword>1 DAY</Keyword>
    </TemporalKeywords>
    <Temporal>
        <RangeDateTime>
            <BeginningDateTime>1993-01-12T00:00:00.000Z</BeginningDateTime>
            <EndingDateTime>1993-02-25T02:30:00.000Z</EndingDateTime>
        </RangeDateTime>
    </Temporal>
    <Contacts>
        <Contact>
            <Role>GHRC USER SERVICES</Role>
            <OrganizationAddresses/>
            <OrganizationPhones/>
            <OrganizationEmails>
                <Email>ghrc-dmg@itsc.uah.edu</Email>
            </OrganizationEmails>
            <ContactPersons/>
        </Contact>
    </Contacts>
    <ScienceKeywords>
        <ScienceKeyword>
            <CategoryKeyword>EARTH SCIENCE</CategoryKeyword>
            <TopicKeyword>SPECTRAL/ENGINEERING</TopicKeyword>
            <TermKeyword>INFRARED WAVELENGTHS</TermKeyword>
            <VariableLevel1Keyword>
                <Value>BRIGHTNESS TEMPERATURE</Value>
            </VariableLevel1Keyword>
        </ScienceKeyword>
        <ScienceKeyword>
            <CategoryKeyword>EARTH SCIENCE</CategoryKeyword>
            <TopicKeyword>SPECTRAL/ENGINEERING</TopicKeyword>
            <TermKeyword>MICROWAVE</TermKeyword>
            <VariableLevel1Keyword>
                <Value>BRIGHTNESS TEMPERATURE</Value>
            </VariableLevel1Keyword>
        </ScienceKeyword>
    </ScienceKeywords>
    <Platforms>
        <Platform>
            <ShortName>NASA ER-2</ShortName>
            <LongName>NASA ER-2</LongName>
            <Type>AIRCRAFT</Type>
            <Characteristics/>
            <Instruments>
                <Instrument>
                    <ShortName>AMPR</ShortName>
                    <Characteristics/>
                    <Sensors>
                        <Sensor>
                            <ShortName>AMPR</ShortName>
                            <Characteristics/>
                        </Sensor>
                    </Sensors>
                    <OperationModes/>
                </Instrument>
            </Instruments>
        </Platform>
    </Platforms>
    <AdditionalAttributes/>
    <CSDTDescriptions/>
    <CollectionAssociations/>
    <Campaigns>
        <Campaign>
            <ShortName>TOGA COARE</ShortName>
        </Campaign>
    </Campaigns>
    <AlgorithmPackages/>
    <TwoDCoordinateSystems/>
    <OnlineAccessURLs>
        <OnlineAccessURL>
            <URL>http://ghrc.nsstc.nasa.gov/hydro/details.pl?ds=amprtbtc</URL>
            <URLDescription/>
            <MimeType/>
        </OnlineAccessURL>
    </OnlineAccessURLs>
    <OnlineResources>
        <OnlineResource>
            <URL>ftp://gpm.nsstc.nasa.gov/ampr/toga_coare/browse/</URL>
            <Description/>
            <Type>Browse</Type>
        </OnlineResource>
        <OnlineResource>
            <URL>http://ghrc.nsstc.nasa.gov/uso/ds_docs/ampr/ampr_dataset.html</URL>
            <Description/>
            <Type>Guide</Type>
        </OnlineResource>
        <OnlineResource>
            <URL>http://ampr.nsstc.nasa.gov/</URL>
            <Description/>
            <Type>Homepage</Type>
        </OnlineResource>
        <OnlineResource>
            <URL>ftp://ghrc.nsstc.nasa.gov/pub/doc/ampr/ampr.pdf</URL>
            <Description/>
            <Type>PI Documentation</Type>
        </OnlineResource>
        <OnlineResource>
            <URL>ftp://ghrc.nsstc.nasa.gov/pub/doc/ampr/example_ampr_read_program.f</URL>
            <Description/>
            <Type>Software</Type>
        </OnlineResource>
        <OnlineResource>
            <URL>http://ghrc.nsstc.nasa.gov/uso/citation.html</URL>
            <Description/>
            <Type>Citing GHRC Data</Type>
        </OnlineResource>
    </OnlineResources>
    <AssociatedDIFs>
        <DIF>
            <EntryId>amprtbtc</EntryId>
        </DIF>
    </AssociatedDIFs>
    <Spatial>
        <SpatialCoverageType>Horizontal</SpatialCoverageType>
        <HorizontalSpatialDomain>
            <Geometry>
                <CoordinateSystem>CARTESIAN</CoordinateSystem>
                <BoundingRectangle>
                    <WestBoundingCoordinate>145</WestBoundingCoordinate>
                    <NorthBoundingCoordinate>0</NorthBoundingCoordinate>
                    <EastBoundingCoordinate>161</EastBoundingCoordinate>
                    <SouthBoundingCoordinate>-21</SouthBoundingCoordinate>
                </BoundingRectangle>
            </Geometry>
        </HorizontalSpatialDomain>
        <GranuleSpatialRepresentation>CARTESIAN</GranuleSpatialRepresentation>
    </Spatial>
</Collection>
